snr,truth_chirp_mass,pred_chirp_mass
22.050537,1.5510194999999998,1.6169056999999998
22.1151,1.1986893,1.1881425
27.952162,1.7266374,1.7467899
26.149582,1.7317065,1.7372165
23.44818,1.3263391,1.3305192
22.115477,1.1670135,1.1946847
27.469711,1.3098243,1.3017352
22.663021,1.0996463,1.1681662
28.56736,1.5989007,1.6109042
21.764,1.3416802,1.3265421
27.04066,1.2728151,1.2843549
26.005781,0.8930765,0.8528941
24.385212,1.0761647,1.0604581
22.600056,1.7476847,1.7732388999999997
24.352222,1.5557262,1.5563385
21.839684,1.5521773,1.5788252
20.908653,1.0316362,1.8105254
25.185326,1.9090048,1.9183722
24.474205,1.3657693,1.3916564
28.90832,1.3302746,1.3271232
23.308851,1.4610835,1.45861
28.525385,1.2305553,1.2376242000000002
23.750196,1.4132252,1.4215321999999997
25.16777,1.2384197,1.2448676
28.653095,2.064245,2.1275868
25.01629,1.3180486000000002,1.3234301000000002
29.092808,1.517807,1.5331511
21.650549,1.5822784,1.6055326
20.19946,1.1257416,1.1283059
20.594936,1.5195799,1.5221867999999998
27.676813,1.8014048,1.8391383
26.847708,1.0820309,1.0907452
28.40745,1.2391907,1.2315066
24.4805,1.236517,1.2330964
28.691298,1.6163491,1.6310402999999998
24.341003,1.6215283,1.6226537
21.670673,1.3304447,1.9007318
29.079458,1.9262699000000003,1.9526992
25.056637,1.3405018,1.3706137999999999
28.782253,1.406673,1.4210804
24.464077,1.0955819,1.0860438
25.370867,1.7869335,1.8045325000000003
25.539288,1.7294189,1.749244
29.621372,1.7429357000000003,1.7735689000000001
23.354918,1.573465,1.5966960999999997
22.116385,1.4360584,1.4350071
26.52591,1.059281,1.0605314
29.418013,0.9918879,0.97775936
22.811552,1.4860536,1.488421
27.785442,1.6382263,1.6822245000000002
27.251472,1.2333745,1.2251813
20.296022,1.4006313,1.3674436
22.072638,1.3123608,1.2164941
21.566423,1.558307,1.584692
20.188797,1.5857614,1.6828949999999998
24.902325,1.446186,1.4710807999999997
20.195898,1.5289232,1.5618336
29.47647,1.4614245,1.510134
20.09414,1.4682165,1.5003431000000003
29.260504,1.8394724,1.8635757
28.735128,1.2511773,1.2490313
24.9769,1.8217744,1.8437320999999998
22.681028,1.5910292,1.5609522
25.480818,1.5310311,1.5431607
20.442812,1.1421779,1.1519613000000002
27.059814,1.6081243,1.6290994
21.071249,2.0206504,1.9707286
23.681065,1.1914899,1.1813815
22.527075,1.7033105,1.7072101
23.146877,1.029146,1.0521634
23.00028,1.6240114,1.6556134000000002
20.429003,1.6790016,1.7001238
24.144745,1.154222,1.1624513
22.180325,1.768719,1.8001952
23.450556,1.4113789,1.4169535999999998
25.176674,1.9686408,2.0124886
20.064121,1.1410893,1.1742454
27.203182,1.1212089,1.0769892
20.549774,1.0639575,1.1722775
22.733816,1.9285687999999999,1.9246372999999999
29.491804,1.3237473,1.3282167999999999
29.794836,1.8559372,1.8660824
28.440048,1.111099,1.1012757
25.05996,1.1216418,1.1363165
26.110146,2.0120173,2.0506155
24.978426,1.2382461,1.2337487
28.17094,1.4765261,1.4918897
24.535387,1.288825,1.2857966
28.5031,1.95662,1.9779538999999997
20.093365,1.6923481,1.6133301
21.051771,1.4824737,1.4765065
28.736513,1.2692093,1.276869
27.422916,1.5667164,1.5846083000000002
21.960743,1.8079349,1.8770675999999997
23.60958,2.0520363,2.0939472
28.1321,1.9475232,1.9619010000000001
26.574263,1.7977613000000001,1.8085618000000003
27.982811,1.691194,1.7078618999999997
22.11832,1.5608759000000003,1.5677366000000001
28.740877,1.2935219000000002,1.2716460000000003
22.933002,1.2331935,1.2491364000000003
25.71209,1.2841879,1.2871477999999998
20.471678,1.013764,0.98448724
27.327318,1.4984334,1.5114806
25.899448,1.1643635,1.1639626
25.10268,1.2770562,1.2768397
21.890013,1.1749468,1.2027197
24.246906,1.5141236,1.5271373
22.894043,1.3625932,1.3698921
27.523626,1.136169,1.1474844999999998
27.114202,1.3764445,1.3674023
21.519167,1.5183257,1.5383441
27.784582,1.4909288,1.5160627
27.17267,1.5372683,1.5496613999999997
28.088795,1.5681593000000003,1.5718763000000002
20.35868,1.7073624000000003,1.6989355000000002
25.448816,1.8476614,1.8785111999999997
22.77574,1.3092153,1.2993863
28.570173,0.9716300399999999,0.9395850999999998
29.439337,1.6403061000000003,1.6472390000000001
29.536705,1.3439491,1.3234499
24.90799,1.2652684,1.2596316
22.076958,1.9502497,2.033891
20.113705,1.8972462,1.9295742999999999
21.414587,1.2708324,1.2625124
25.286827,0.92185277,1.4376874
21.11865,1.6682126999999998,1.7056207999999997
22.802813,1.4891012,1.5340032999999997
29.333908,1.008045,0.98164266
20.736492,1.2917236,1.3035522
25.323444,1.5432549,1.5492115
21.513802,1.0395713,0.9565788
28.753605,1.2749555,1.2847042
25.391043,1.0981374,1.0689085
22.313139,1.6845851,1.7019690999999997
20.278101,1.3721261,1.3841312000000001
25.874245,2.1471417,2.185715
24.317955,1.4594121,1.4822817
24.16892,1.0687433,1.0532174
25.245255,1.151598,1.139219
27.10569,1.1486661,1.1453218
28.041037,1.8096354,1.8230267
20.148836,1.11204,1.1606052
29.29728,1.212881,1.2102258
20.212193,1.8375609,1.0539296000000002
20.474663,1.4538765,1.4987788
22.7253,1.5106918,1.5257391999999999
25.11187,1.1371886,1.1158447
29.538918,1.2188237,1.2255175
28.738302,0.9145035000000001,0.8976867000000001
23.303562,1.7813088,1.7924736000000001
28.911425,1.432494,1.4694908
24.972338,1.0862604,1.0866055
25.331392,1.9493303000000002,1.9871769000000001
20.491621,1.4944996,1.9150243
22.283855,1.3951678,1.3962808
26.272121,1.4766285,1.4559414
24.869255,1.8850317999999997,1.9015035999999998
21.505602,1.1877762,1.1872876
20.887321,1.2011592,1.2204964
21.572096,1.9523540999999998,2.0746599999999997
26.283188,1.7534726000000003,1.783077
23.177166,1.8767924,1.9143224000000003
26.010595,1.8977207,1.9242084
27.66686,1.7942183,1.8124351999999997
24.6026,1.0951837,1.0675755
20.050196,1.7119174,1.7374821
21.576523,1.5394673,1.532563
29.88425,1.6449043,1.652853
26.971476,1.4311421,1.4566672
23.932552,1.0833397,1.0739361
24.478094,1.0482262,1.0235378
21.246433,1.2395864,1.3150842
21.770247,1.2158883,1.2160494
21.640963,1.6220968,1.5448596
29.135689,1.3756019,1.375957
22.82404,1.3042748,1.2844524
28.841682,1.6424886,1.6586261
29.596369,1.7306095,1.7466476
29.482346,1.6640487,1.6944911
26.082067,1.8209543,1.8601108000000002
24.182512,1.2941898,1.2769856
24.213593,1.793028,1.8510629999999997
21.895868,0.907964,0.9597903
23.687767,1.9815501,1.9980195
25.163445,1.5217477,1.5368676
24.984768,1.3993477,1.4105718
26.125366,1.3851761999999999,1.4078356999999995
27.44177,1.8982561,1.9303627000000003
29.831478,1.3233639,1.3343239
24.316628,1.7882604999999998,1.8505126999999995
20.259851,2.0434878,1.9747527
23.083422,1.4326105,1.454977
29.326313,1.253869,1.2493937
29.011219,1.513564,1.5221977
24.393871,1.3527101,1.3888066
22.35396,1.2738209,1.4097171
27.150593,1.7527771,1.770577
24.513205,1.3175955,1.3106158
21.71958,1.5296155,1.5256248
20.889685,1.7085999,1.7365901
27.044437,1.6235862000000003,1.6305180000000001
23.19099,1.4589564,1.4924769
21.786142,1.4087429,1.421598
27.200106,1.476918,1.4818959
26.098274,1.6007564,1.6188161
26.82059,1.119568,1.1165287
23.618671,1.0634878,1.0920987
29.27219,1.2491429,1.2640965000000002
29.855923,1.0158429,0.9812071
27.87544,1.2347234,1.2313297
26.868195,1.6519529,1.6532378
20.769512,1.3489157,1.3513517000000002
24.960602,1.6305877,1.6501288000000003
23.725119,1.5778295,1.5963464
29.123606,1.6491433,1.6597679000000003
28.499092,1.154601,1.1512113
27.963255,1.1909369,1.2003725
20.318266,1.4322786,1.4434264
25.338142,1.6254618,1.6253929
29.449404,1.1971525,1.197681
27.909657,1.3929955,1.3915184
27.218695,1.8218349,1.8365823999999997
20.136753,1.4618236,1.4931562
20.271109,1.5154959,1.5418968
24.161455,1.5533055,1.5272396
24.154327,2.0208447,2.0495484
25.35111,1.6239313,1.6236558
27.432806,1.1622138,1.1419892
22.206087,1.1470493,1.1317904
28.495483,2.0236642,2.0571058
20.658136,1.5150805,1.5274706
29.358606,1.3595854,1.3522673
26.623142,1.1437883,1.1460207
25.41738,1.276434,1.2291939
20.929373,1.2264484,1.2231581
21.380287,1.848561,1.8537107
27.985226,1.8400572999999998,1.8549029999999997
28.241844,1.5244268,1.5444953
22.496435,1.4409939,1.4472222
27.17807,1.1482936,1.1408677
20.958296,1.44193,1.4260762
23.414177,1.8893725,1.9206741000000003
22.632122,1.2728138,1.2785354
23.936214,1.3576548,1.3475795
28.91724,1.5171762,1.5266812
27.87048,1.2872916,1.3101172
21.688707,1.8162761,1.8446081
27.778961,1.6170808,1.6479015000000001
28.959766,1.5193595000000002,1.5269053
29.812712,1.8611923,1.9029385999999997
25.4051,1.00323,0.9805275
27.543213,1.6387433,1.6632875999999999
26.768875,1.1104454,1.1067038
22.721413,1.21459,1.2179313
24.885475,1.9983598,2.066295
29.097887,1.4078672,1.4210088
25.870077,1.6022784999999997,1.6302396999999997
24.346422,1.745665,1.7758428999999998
21.585535,1.8068199,1.8355392999999998
24.890057,1.1815168,1.1423965
29.630533,1.587271,1.5947311
28.981033,1.4754949,1.4903369
22.4267,1.2812464,1.2639513
29.91296,1.3070368,1.3133514
29.106297,1.4903768,1.5021627
21.860945,1.6849902,1.7073283
29.740927,1.5438025,1.5561748
24.54641,1.2623725,1.2655764
24.367859,1.1123693,1.0970454
27.835238,1.1490337,1.1430616
28.57606,0.9721135,0.9289978
28.810217,1.161513,1.1494236
28.803728,1.2879021,1.2894497
27.468971,1.2946717,1.2974613
20.052658,1.6173284,1.6060994
23.424849,1.3426921,1.3579957000000002
23.51927,1.2462924,1.2316082
25.877424,1.349949,1.3708452999999998
23.450884,1.3003545,1.3260145
22.55621,1.653026,1.6623824
21.714338,1.880294,1.9159090000000003
28.655487,1.3050447,1.3050775999999997
21.759882,1.4635355,1.5013804
24.042416,1.5589976,1.5828841000000002
29.353378,1.7121596,1.7289209
25.249609,1.3080916,1.3044238
29.231848,1.9330132,1.9599254
24.963066,1.4212399,1.4279473
24.883003,1.4401786,1.4470375000000002
29.569517,1.6897036,1.709485
23.970495,1.4661897,1.4615352
22.800146,1.4079626,1.4200400999999998
22.96133,1.2388215,1.2202086
20.968922,1.5735348,1.5953808
21.29193,1.0345758,1.6532083
24.7094,1.406938,1.3994334
23.843119,1.0217992,0.99126923
28.285162,1.5472529,1.5616827
25.61596,1.4187553,1.4242265
23.975927,1.9349625,1.9702146
23.035376,1.2699918,1.2745040000000003
26.27189,1.6483966,1.658287
24.423573,1.346307,1.3449614
23.99169,1.2876818,1.2720516
29.060946,1.2877374,1.2945794999999998
27.94001,1.4124455,1.4114468
26.922691,1.4608145,1.473336
29.131603,0.9731874,0.9472288
24.111078,1.7847623,1.8369591
22.613188,1.5688024,1.5796864
22.011919,1.4623203000000002,1.5727985
22.608126,1.3303924,1.3351092
22.63213,1.55356,0.9550580400000002
22.78884,1.3009914,1.3195319
23.107323,1.5117127,1.5036042
25.085167,1.8632083,1.8884449
29.746817,1.1512272,1.1317799
25.937883,1.630333,1.6523144
24.45282,1.8371894,1.8770936
25.780457,1.484193,1.4868064000000003
21.40151,1.8181055,1.8651264
26.008253,1.9385527,1.9719238
20.808958,1.3278999,1.3430653
28.288988,1.7423009,1.7770951000000001
26.196804,1.4929564000000002,1.5075424000000004
20.0854,1.02811,1.0083728
24.533371,1.0707495,1.0843525
21.26418,1.0955737,1.0671926
27.40974,0.9500869000000001,0.9133728000000001
26.921335,1.8265269,1.8517537
25.49349,1.142305,1.1329138
23.40619,1.2402916,1.240953
21.410452,2.0074742,1.2946072
23.444427,1.7098558,1.7073653
28.63322,1.2915906,1.2973943000000001
28.319609,1.4003602,1.3981733
23.002623,1.9458718,2.0590215
28.409327,1.2691253,1.2771885
21.454115,1.6492504,1.690337
29.921904,1.5075513,1.5299561
24.706646,1.9801949,2.0316436
23.695606,1.135336,1.1937742
22.763083,1.2908725,1.3003180000000003
22.62725,1.4355196,1.4570863
25.085833,1.5747951,1.5778279000000002
24.250408,1.7281414,1.7240579
23.314564,1.4945437,1.5127192
29.206564,1.2820427,1.2740476
29.370432,1.6099064,1.6324472
27.554422,1.1418046,1.1322038
23.876167,1.9379131,1.9844281999999998
28.874146,1.8710168999999999,1.9006366999999997
25.426064,2.04226,2.0454216
22.469563,1.9734535000000002,1.9986746000000004
24.474844,1.450745,1.4482944
22.735043,1.8456525000000001,1.8600953
29.990435,1.952709,2.0253026
26.096361,2.097045,1.8699458
24.103191,1.5800630000000002,1.5946331000000002
22.691633,1.5778034,1.5781057
22.98106,1.4180176,1.4235722999999998
29.544422,1.7613089,1.7868670999999998
21.883375,1.6186846,1.6439221
27.550838,1.4996778,1.5065006999999997
26.683912,1.7502702,1.7858126000000003
22.271173,1.4361283000000002,1.4623513
21.17148,1.6491697,1.6675422
25.81272,1.6829561,1.6786115
29.072826,1.0862645,1.075371
26.503521,1.8786989999999997,1.8911201999999998
20.345587,1.6649889,1.6676667
26.85068,1.4409319,1.4463022
28.084183,1.1945263,1.1835494
26.064388,0.93952775,0.9017592
22.89158,0.9322466999999999,1.2363042999999998
28.195631,1.6195877,1.6360003999999997
23.197079,1.3893049,1.4131217
22.567678,1.1924073,1.1856833
25.015911,1.2081898,1.1913588
26.96757,0.9766023,0.93364
20.789942,1.9414386,1.8253331
22.169508,1.6765426,1.6810248
24.147373,1.4547772000000003,1.4619396000000004
22.075876,1.52805,1.5614068999999997
29.082933,2.0517967,2.0753372
24.995544,1.8085728,1.8499036
29.265371,1.3869454,1.3932431
27.83307,1.6977959,1.7279375
26.165295,1.8055922,1.8309514999999998
25.840351,1.6341009,1.6526558
29.618599,1.2694926,1.2788230999999999
27.405228,1.3070117999999997,1.3076672999999999
23.051521,1.6630169,1.6610067
23.33866,1.7393588,1.7501373000000002
21.558718,1.020574,0.98955613
23.971355,1.3259302,1.3345087
20.44469,1.4320271,1.4857905
25.163492,1.3362856,1.3513598
26.761915,1.1093065,1.081506
27.056475,1.2148455,1.2115548
27.720387,1.3634529,1.3812127
26.900032,1.3224036,1.314244
29.15925,1.8323554,1.8505626
29.804087,1.4993317,1.5095941999999998
28.34734,1.5398268,1.5454712000000002
27.819643,1.675154,1.6854064
28.476263,1.3238295,1.3240898
28.930922,1.8330685,1.8592376999999998
20.295017,1.5921518000000001,1.6046855000000002
22.770298,1.5932087,1.6013857999999999
23.64587,1.1464162,1.1497159
21.399921,1.5471310000000003,1.5616553000000004
29.02586,1.9149898,1.9624788999999998
28.66376,1.3337656,1.3436556
25.778093,1.4400631,1.4342589
24.807215,1.4204851,1.4297031999999998
28.342115,1.5407165,1.5379422
23.077414,1.2716582,1.3110926
22.379076,1.8351351,1.4391344
29.59249,1.1615132,1.147567
20.92734,1.7870002,1.7986564999999999
29.474485,1.4698837,1.4794104
23.31235,1.6230290000000003,1.6485701000000001
29.153753,1.2139888,1.2027011
21.081684,1.6303817,1.6398873
25.25613,1.2665868,1.2655272
29.85928,1.4408554,1.4491750999999997
22.769434,1.3405403,1.1277881
21.369156,1.0966647,1.0911965
27.077639,1.679971,1.6960832999999997
29.956657,1.6213399,1.6431186
28.930225,1.8309413,1.8565712
23.982763,1.4525517,1.4624753000000001
28.788233,1.4689803,1.4871794999999999
23.522614,1.2356244,1.2517885999999998
24.669003,1.2298764,1.2271895
22.985981,2.0861943,2.1667216
22.767277,1.7386045,1.7831557
23.631155,1.3285241,1.3399851
28.596508,1.6207896,1.6250374000000003
26.745983,1.3575116,1.3687820000000002
21.878998,1.8259091,1.8801146
20.246922,1.4058279,1.4956717
29.32555,1.2875154,1.2824018
29.835844,1.6796615000000001,1.6958180000000005
26.138342,1.4194819,1.4261234000000003
24.743351,2.137979,2.1162944
29.49061,1.5166194,1.5254278
28.74457,1.7364966,1.7673383
29.168928,1.3310248,1.3475571
27.855377,1.3043382,1.2920032
21.002514,1.3336933,1.3223388
24.787169,1.8902700000000001,1.9542868
24.87233,1.5269762,1.5327836999999997
24.547647,1.918442,1.9328136
20.92476,1.2702051,1.2573647
25.694342,1.6509243,1.6563217999999997
23.738771,1.765976,1.8024006
25.496479,1.8653214,1.8993780999999998
25.380869,1.7217971,1.7548428
22.502466,1.3687212,1.358145
28.243282,0.9861049,0.93637705
20.16323,1.1245556,1.1496589
21.788815,1.6461242,1.660799
22.977207,1.5596969,1.5418725
25.4439,1.8980175,1.9332659
26.459942,1.9363269,1.9717312
24.971422,1.4254658,1.4295845
22.528206,1.6126109,1.9017501
20.575857,1.3092055,1.3176056999999999
20.431746,1.1806322,1.1846406
23.824606,1.4952736,1.5048594
29.847408,1.3928299,1.395716
21.682024,1.0708827,1.034306
23.340982,1.4733036,1.4748368000000003
29.685246,1.1134169,1.091686
21.858507,2.1051705,2.1497166
28.324718,1.2130247,1.2215889
29.315155,1.1182505,1.0995233
25.528164,1.0050086,0.97234535
25.789797,1.0983531,1.084726
25.81985,1.7012086,1.7355204000000002
22.952822,1.3238714,1.3198957
20.864033,1.4463172999999998,1.4724940999999998
23.407122,1.5435128,1.5454822
22.476015,1.6658422999999998,1.6924643999999998
20.568754,1.8700682,1.9060655
25.718338,1.9009706,1.9293737000000002
26.332998,1.3202386,1.323842
25.83642,1.1235014,1.1419499
26.535278,1.5898457,1.6003189000000002
20.625443,1.6329241,1.633091
23.726406,1.2854613,1.2653916
28.468803,1.2472835,1.2565677
25.266888,1.7778606000000001,1.7979584
28.46057,1.980959,2.0139523
24.414593,1.7022349,1.7048376
24.685316,1.112132,1.1111035
26.835049,1.5953155,1.5988908
21.164637,0.9789302000000001,0.9632308000000002
24.327965,1.5810378,1.6053493
21.317516,1.8677382,1.9098844999999998
29.534346,1.6579087,1.6669730999999999
28.37345,1.2076824,1.2103055
21.45301,1.2390265,1.4798403
20.062765,1.3199122,1.3447907
21.967985,2.0445738,2.0770092
26.348093,1.6187398,1.6275641999999997
24.903461,1.5287421999999997,1.5422477999999997
26.928722,1.5091834,1.5184274
26.534563,2.1214328,2.1685684000000003
24.422413,1.849723,1.8509078
22.15975,0.9821315,0.9867362000000001
28.1663,1.5752165,1.6019604
23.941584,1.866377,1.8833360999999997
24.419542,1.6642325,1.6784887
26.793524,1.440107,1.4398501
27.494207,1.4120312000000002,1.4352720000000003
22.350912,1.4260879,1.4257693
27.656084,1.6896493,1.689498
28.088179,1.4534507,1.4560814
28.808313,1.2639556,1.2619939
28.740425,1.4629613,1.4879799
29.995913,1.6189636,1.6389048
22.0828,0.9409446,0.85082424
24.22806,1.515619,1.5426407
20.054642,2.064621,2.0708644
24.045095,1.9446738000000001,1.9773471000000005
26.962736,1.6789236,1.7004914000000002
21.929918,1.750207,1.7492754
27.053751,1.0677946,1.0793752999999997
28.524021,1.2721651,1.2714357
27.500841,1.7786353,1.8030438
25.497902,1.1911252,1.1913562
28.112974,1.4811468,1.4977249999999998
29.409754,1.4378967,1.4537153
20.829294,2.0488276,1.7649121
27.327215,1.6231395,1.6244392
21.51737,1.153408,1.1417091
20.685196,1.1834927,1.1666434
21.649714,2.05242,1.8916066
25.83836,1.7228988,1.7476210000000003
25.512823,1.3665717,1.3780744
28.799685,1.5140855,1.5503684999999998
24.735376,1.495754,1.4952228
24.570358,1.8626798,1.9004273
24.830013,1.5409554000000003,1.5659921000000003
23.948784,1.3989002,1.4152226
27.01281,1.4710712,1.4845207
28.627605,1.4676043,1.4880705
27.882017,1.3231298,1.3151996
27.591131,1.4376748,1.4481108
21.51005,1.3876156,1.3865283
24.957716,1.677289,1.6951003
25.73016,1.4039294,1.40361
26.98313,1.2429115,1.2195392
23.991287,1.5242383,1.5612123
29.844961,1.3473318,1.3555504999999999
22.25949,1.2115414,1.2057958
25.58941,1.0833623,1.0608237
29.522923,1.5148804,1.5254165999999998
28.863651,1.245881,1.2329581
27.714346,1.298468,1.280757
29.243399,1.531874,1.5429434999999998
26.526752,1.5330320000000002,1.5456657
27.585783,1.4988244,1.5084131
25.130352,1.7282083,1.7607209999999998
22.500257,1.440925,1.4845698
28.106825,1.8449303999999997,1.8769556999999997
25.320465,1.5076002,1.5025198
22.550776,1.5481542,1.5507777000000003
23.24958,1.1409037,1.1447387
22.19603,1.1580312,1.139271
29.035381,1.524832,1.5417108999999998
24.790812,1.3207061,1.3379235
22.057964,1.1850445,1.5164664
29.789324,1.3692079,1.3784707
24.49936,1.6494073,1.6879920999999998
28.345978,1.6873257,1.7061888999999997
24.267315,1.6356481,1.6524534
26.365002,0.9203912,0.9925096600000001
20.742836,1.7833039000000002,1.8050206000000002
26.455711,1.1595672,1.1441288
20.386164,1.3542457,1.4327939
25.482006,1.4479854999999997,1.4512102999999998
29.951468,1.3713472,1.3767536000000002
25.296791,1.8317364000000003,1.8277905000000003
23.431671,1.4923745,1.5235901000000003
22.465542,1.6439061,1.6674464000000002
20.718065,1.0564568,1.0499163
27.879862,1.4563354,1.4653454
21.698343,1.6523123,1.6921894999999998
27.42134,1.5887231,1.5993292
22.052446,1.6952311,1.7513363
23.850555,2.0057828,2.0943215
24.861723,1.3222055,1.3261731
23.937626,1.4105009,1.4277414999999998
22.695524,1.290046,1.1553161
28.700958,1.1375209,1.1254671
29.483866,1.0583818,1.0385232
28.183556,1.1646998,1.1550398
25.032307,1.4244941,1.4045463
27.402279,1.3607218,1.3680296000000003
28.33104,1.0383321,1.033014
21.403856,1.3213652,1.6911047
27.49965,1.7936311,1.8213749
21.671677,1.5875932,1.6247671
26.682161,1.4323424,1.4351368
28.127388,1.3703343,1.3498785
23.46464,1.4158403999999998,1.4273604999999998
26.66303,2.088804,2.1311953
21.66477,1.4533412,1.4500582
27.91841,1.319808,1.3208195999999999
23.394077,1.512819,1.5860229
25.11878,1.2080263,1.2166612
24.36863,1.7819402000000002,1.8139617
28.565914,2.0310688,2.0581124
26.14888,1.4793199,1.5127912
28.177711,1.9814407,2.0165536
29.726532,1.6878347,1.722405
21.477818,1.836704,1.8503656
21.62768,1.8547918,1.8735127
29.230505,1.3126261,1.310997
27.103199,1.9267312,1.9444987999999999
24.601404,1.322542,1.3149185
22.10293,1.4725652,1.4560096
26.082575,1.3585308,1.3650491000000002
27.17463,1.1613102,1.1527901
28.393888,2.0638015,2.096092
24.095781,1.1361866,1.1366837
29.869127,1.2112764,1.2140062
28.067965,1.646983,1.6636329000000003
27.847918,1.46773,1.4752448
29.383904,1.3338815,1.3284771
28.914602,1.1966249,1.1781287
25.826578,1.2008170000000002,1.2055779000000002
26.336195,1.9130968,1.9387908000000003
20.778873,1.2610686,1.5145676
24.421028,0.9892161499999998,0.9168855999999999
27.351244,1.2938651,1.2904775
26.897072,1.6606272,1.6845243
28.90446,1.4727284,1.4892426
21.583315,1.4820172999999999,1.4789852999999997
21.379475,1.3481913000000003,1.3495984000000003
27.863293,1.7942322,1.8097968
24.313658,1.7121964,1.7321563000000002
26.678099,1.3246163,1.342097
23.44666,1.4822456,1.513772
24.343472,1.8402385999999997,1.8513905999999998
21.484562,1.5274732,1.5317559
28.474167,1.1021098,1.0847272
24.603657,1.4915453,1.5169164999999998
25.71359,1.0779388,1.1274135
24.949726,1.4867505999999997,1.4932550999999998
27.901468,1.6650679,1.6813400000000003
24.105347,1.4833759,1.4821315
29.539999,1.3817863,1.3838909
23.967573,1.2451808,1.2837496
29.555342,1.9271892,1.9607606
22.391012,1.1173016,1.1972213
25.596964,1.6383532,1.6234348
24.945898,1.6370803,1.6481961999999997
22.057245,1.3580203,1.3490925
24.002546,1.5544641,1.5532784
24.207283,1.4814746,1.4666135
23.12243,1.7105358999999998,1.6816281999999998
20.132318,1.8632486000000001,1.9357977000000004
25.485699,2.16081,2.1713827
29.329899,1.4983429,1.525044
21.630905,1.8316572,1.8853343
26.980371,1.2899306,1.2898965
27.851465,1.4907314,1.5084755
29.94722,1.3881903,1.3938525000000002
28.09899,1.3940394,1.4044085
24.30195,1.1739832,1.1414342
22.776394,1.3437008,1.3550107
23.022001,1.6654379,1.6991806
28.912289,1.7388388000000001,1.7496784000000005
21.061375,1.4264706,1.4125516
29.874182,1.0491419,1.0417624
28.125391,1.561975,1.5521107
27.95779,1.129672,1.1126778
22.295774,1.1384616,1.1192269
27.293741,1.2661214,1.270966
24.87064,1.1478151,1.1525896
24.369818,1.4137741,1.4134383
29.769814,1.3549991,1.3543811
27.26446,1.5240883,1.5517395
27.944485,1.47004,1.4789336
24.140436,1.7744099,1.8206315
23.328756,1.3583772,1.3624806
27.563387,1.836215,1.8633244
26.341063,1.4738693,1.4941053
27.788969,1.0818518,1.0716174
27.044016,1.5678585,1.5682073
24.957247,1.4396489,1.4574184
22.468561,1.4045122,1.4188211
23.95992,1.7810929,1.8101907
25.986938,1.3798885,1.3912838
20.855684,1.7270790000000003,1.2604792000000002
25.967062,1.1618701,1.156645
20.751621,2.0135515,2.0401878
26.222982,1.5830197,1.5738015
22.690714,1.2552078,1.2629364
29.823803,1.3538195,1.3545997
29.96537,1.1715084,1.1738439
23.266256,1.1669624,1.1588042
22.960785,1.3075528,1.3096414
21.16227,1.3420911,1.3418417
28.193071,1.8348374000000003,1.8529477000000005
20.903938,1.0422662,1.002049
21.316994,1.6250112,1.6400483
22.233467,1.766548,1.7978172000000001
22.539013,1.5743344,1.5548382
25.015903,1.4632049,1.4894376
27.040913,1.3182453,1.3325744
24.946898,1.3164495,1.3234532
24.349035,1.2254992,1.236187
25.967018,1.3250873999999997,1.3280768
29.177078,1.3584462,1.357321
25.759657,1.4465468,1.4550725999999998
26.371483,1.9344381,1.9711697
24.604982,1.5641125,1.5836327000000001
25.901192,1.144801,1.1373978
29.812716,1.4386665,1.4393599
25.725826,1.6899480000000002,1.7219026000000002
25.53708,1.9713058,2.0083616
25.702,1.9972888,2.0263026
24.371223,1.304183,1.3036675
21.646374,1.0485872,1.0427432
28.107586,1.64413,1.6560707
23.582413,1.5071467,1.5046699
23.676847,1.7517079,1.4449112
20.40259,1.3876665,1.3823359
29.67178,1.661199,1.6519608
22.77689,1.5964639,1.5985323999999999
24.101463,1.7327663,1.7512603000000002
27.381798,1.0991756,1.0800099
29.605703,1.2690535,1.2703538000000003
22.855011,1.6833969999999998,1.6902865999999999
20.374416,1.4426441,1.4747553
27.071535,1.0034176,0.9764651
29.306734,1.7790388,1.8100386
21.959486,1.4532251,1.4893246000000002
24.767925,2.1322887,2.1715884
20.748167,1.7550150000000002,1.8112643000000004
29.073008,1.8704621,1.9038038
23.560019,1.4093074999999997,1.4204880999999998
25.427818,1.3281809,1.3379133
23.547527,1.0557529,1.0456936
23.083025,1.2108835,1.2002897
28.35693,1.0594293,1.0203581
22.507362,1.8391259,1.9357386
26.245668,1.619739,1.6218035
29.161655,1.5795144,1.6176417
24.799404,1.4092741,1.4066849
22.726833,1.5130582,1.544091
29.47918,1.6216824,1.632515
27.163576,1.5209341,1.5366653999999997
21.701199,1.9915086000000002,2.0275310000000006
21.664698,1.0860258,1.0783145
25.129566,1.0821093,1.0648968
22.882864,1.7910749000000001,1.8221300000000002
29.006777,2.0428433,2.0985522
26.57167,0.8949571,0.8361729
26.806433,1.475059,1.4879954
28.844774,2.064689,2.094921
24.266354,1.6511279,1.6666169
25.370604,1.7586339,1.7714102
20.825672,1.3855059,1.3929076
28.006428,1.8109944,1.8311379
29.679247,1.440786,1.4553909
27.675884,1.2338204,1.2235801
20.974485,1.8400912,1.8490264
25.988625,1.1956248,1.1943691
28.811224,1.1214889,1.107554
20.641853,1.1177092,1.1297736
26.74043,1.0571498,1.0643227
22.063578,1.6159542,1.6582294
25.93892,1.1552132,1.1377311
27.73159,1.4114234,1.4169304
20.931475,1.2138606,1.2250881
20.427788,1.2595581,1.2526007
22.918097,1.6898730000000002,1.6331649000000001
22.669672,1.4983404,1.5032301
29.017366,1.7318118,1.7619054
28.214828,1.7635404,1.7849872
28.138424,1.4337715,1.4356654
20.204388,1.5928878000000002,1.1471672000000002
23.45314,2.0472279,2.0684887999999995
23.677671,1.2987584,1.3089417999999997
28.834246,1.4448944,1.4479632
22.729115,1.6608848999999999,1.6795193999999996
27.390415,1.3621936,1.3640084
24.025585,1.3614317,1.3677268000000002
27.83416,1.56506,1.5917911999999999
23.503244,0.98895675,0.9678931
22.344343,1.2549876,1.2159255
29.830341,1.0614862,1.0532072
24.991951,1.3488654,1.352871
27.32068,2.033882,2.0610576
22.48762,1.168352,1.1674917
23.382673,1.4844645,1.4467418
28.08516,1.5071548,1.5270956000000002
26.22992,1.1709607,1.1410415
29.679253,2.0597198,2.0850816
20.00884,1.6864014,1.6991509999999999
21.5425,1.8866322,1.9114646999999998
25.452162,1.3691391,1.3846161
24.4477,1.1092494,1.1867251
22.049088,1.3549069,1.3622614999999998
29.50807,1.7216686,1.7426932000000002
27.745766,1.1495465,1.1407602
27.085855,1.6459014,1.6415896
24.405787,1.335829,1.3383076
23.171404,1.4779552,1.4948766
21.749695,1.6256279,1.5939455
29.12158,1.2569479,1.2594697
25.094086,1.5566685,1.5806878
29.365005,1.0914985,1.0900478
26.856754,1.453833,1.4713185
29.512129,1.4780946,1.4885368
28.289988,1.7208681,1.7656536
26.86341,1.1765317,1.1850882
29.218987,1.7996127999999998,1.8308194
23.046347,1.5405034,1.5615625000000002
24.976635,1.3540744,1.3452196
26.737165,1.3689517,1.3962483
26.953903,1.2317042,1.225281
21.616674,1.4439201,1.4834981000000003
22.142601,1.7298251,1.7779291000000002
21.596008,1.1332088,1.1087408
25.357866,1.7362732,1.7555088999999997
20.080214,2.0628567,2.0967143
24.31002,1.4355956,1.4724100000000002
26.811422,1.6918639,1.7122731
28.692268,1.6652539,1.6917493000000001
22.413328,1.3716551,1.3911077999999997
21.211424,1.6841467999999997,1.7119119
23.79039,1.1999913,1.2173915
26.732927,1.0987889,1.0829632
29.217693,1.1623987,1.1521728
28.87727,1.3589714999999998,1.3533679999999997
26.331547,1.7755991,1.8052940000000002
20.295063,2.0514262,2.12671
28.854443,1.2355243,1.2488611
28.272463,1.7877579,1.7911272000000003
20.769726,1.4867144,1.5289903000000002
22.564648,1.4855931000000002,1.4840496000000003
21.913145,1.5898291,1.7005174000000003
21.391657,1.4344258,1.4361553
21.16297,1.3696054,1.390827
22.586338,1.3834675999999997,1.4069479
23.161524,1.3598737,1.0995297
24.661718,1.9032947999999998,1.9131709999999997
20.11099,1.2998886,1.3834937
25.641243,1.3159398000000002,1.3211200000000003
21.40348,1.7130772,1.7776945
20.089071,1.8852159999999998,1.9275703
29.793308,1.309433,1.3074744
29.076998,1.9380981000000002,1.9560225000000002
25.420393,1.4378923,1.4385238
20.191654,1.1602749,1.632432
23.95805,1.5126373,1.5103996
20.052076,1.4502757,1.5034037
21.697239,1.5790457,1.585015
26.378767,1.2068535,1.1870801
29.310562,1.5292888,1.5412554999999997
25.545895,1.3194048000000003,1.3645704000000003
21.46508,1.7305367,1.7571552
27.031507,1.2073315,1.2021456
27.599869,1.1748388,1.1867213
21.761206,1.4888101,1.4901052000000001
21.062628,1.2293832,1.1925282
28.361456,1.8283427,1.8555314999999997
25.459963,1.3485694,1.3501079
29.998072,1.1219696,1.1005414
20.689241,1.5473788,1.5457151
29.444077,1.422924,1.437521
24.962791,2.0816224,2.1202762
22.596048,1.1069654,1.0610898
28.14722,1.2895858,1.2907465
27.265356,1.9338868,1.9719551
20.879711,1.7736557,1.8214278000000002
28.868572,1.7418734,1.7614757999999997
29.690807,0.94047433,0.9719306
25.281157,1.0390556,1.0279522
27.132776,1.2827929,1.2910659
29.054277,1.5882117,1.5843167
25.420027,1.38839,1.3928665999999998
29.816113,1.378291,1.3768086
21.855072,1.8781935,1.8923569
24.37097,1.5191818,1.5339997
25.748966,1.7442457999999998,1.8056308999999995
28.654694,2.1015775,2.1540015
25.087803,1.6654648,1.6956637
22.60351,1.049304,1.0403733
21.09071,1.8305092,1.8778157
23.23299,1.4247594,1.4158556
29.842918,1.4687308,1.4727957000000003
22.031183,1.369303,1.3898716
25.412735,1.4932276,1.5050998000000002
28.650381,1.4341613,1.4364398
22.423206,1.5046141,1.5115945
21.413004,1.3416573,1.3427312000000002
24.452404,1.5923568,1.5905862
27.061861,1.4438995,1.450331
23.188057,1.1829576,1.1806912
25.708809,1.7549946,1.7801988
21.437237,1.2331065,1.215219
26.994917,1.4632177,1.4775430999999999
27.16391,1.24045,1.2382126
24.673512,1.523478,1.5467465
25.914228,1.2988619,1.3113735
27.827063,1.2249767,1.2307484
28.43871,1.8185204,1.8546886
29.346836,1.2323992,1.23613
24.929857,1.0420794,1.0089105
29.096777,1.3508587,1.3686793
22.46137,1.3581655,1.3841078
26.385838,1.3548301,1.3719616
23.891447,1.8566352,1.9037843
29.743322,1.2255284,1.2317703
21.742971,1.6064106,1.6052101
27.671667,1.657331,1.6675054999999999
25.246864,1.2542468,1.2388506
21.545294,1.5973060000000001,1.6227751
23.144558,1.4145882,1.4448308999999997
21.435558,1.3590343,1.0956492
28.67961,1.2060295,1.2187920000000003
25.44552,1.3678166,1.3740165
21.32395,1.7597259,1.7819169
23.55641,1.3546064000000002,1.3817067000000003
26.89874,1.3231877,1.3445148
24.30676,1.3148129,1.3037968
20.351957,1.2385888000000003,1.2779357000000002
26.4509,1.7211598000000001,1.7581384
28.867855,1.1916593,1.1795335
25.865883,1.6760999,1.6912289
25.866478,1.4218082,1.4244368
28.483168,1.9573289,1.9701815
24.983269,1.2799191,1.3259933
20.118927,0.9865281,0.9727628
26.71816,1.4003068,1.4192715
22.491201,1.9206646999999997,1.9207511
29.167526,1.6786314,1.6873109
28.796099,1.2981952,1.2962351
24.534899,1.2955444,1.2918794
28.707327,1.9872001000000001,2.0300536000000005
24.543144,1.5527205,1.552012
29.004883,1.3672433,1.377423
27.379974,1.5321579,1.5345395000000002
20.793407,1.9033512000000001,1.8698110000000001
22.571695,1.576865,1.5737131
20.877382,1.4246113,1.3972423
21.61056,1.2036734,1.2150681
21.177313,1.1516162,1.1051109
25.878965,1.6852635,1.7346215
20.22578,1.0490029,1.0314866
24.032991,1.1929353,1.1931307
22.830044,1.2835711,1.3065367
28.539103,1.2869062,1.294776
21.671722,1.5379406,1.5415590000000001
22.185745,1.671884,1.7190602
25.242212,1.3178492,1.3234706
28.272696,1.6838356,1.6964877000000003
20.22148,2.0576184,1.1396508
24.054056,1.2413223,1.230413
20.005903,1.2665089,1.2229574
23.43479,1.0443625,1.0109468
29.902002,1.9230415,1.9675373999999999
29.45544,1.6381214,1.6528845
21.465504,1.2895825,1.3028099999999998
24.208588,1.3034431,1.5440341999999998
27.589699,1.7788934,1.8295417
24.87067,1.4276596,1.4181881
27.495634,1.3437834,1.3409159
25.262152,1.6264994,1.6356478
20.092867,1.7405584,1.689316
26.038258,1.3736128,1.3913169
26.334967,1.2333139,1.2549348000000002
28.398727,1.2367713,1.2307808
20.250517,1.8797432,1.9028733
20.471176,1.0872661,1.0903974
28.586046,1.8024055,1.8283372
27.297876,1.0202274,0.9915727
28.108181,1.139807,1.1242304
23.959234,1.6241865,1.6218395
24.255058,1.0063471,1.0365143
26.114033,1.2824038,1.2851069
29.803942,2.0979326,2.1372426
23.514229,1.651916,1.6504319
24.205042,1.3227462,1.3211052
21.677471,0.9696601,0.9247719
29.610645,1.6406759,1.6571745999999998
25.13086,1.2648085,1.2701075
22.495005,1.6717814,1.6799734
27.740332,1.2517416,1.2612054
20.003498,1.5763621,1.6004168999999997
29.522066,1.7881242,1.8033108999999998
21.387161,1.5049106,1.5077903
27.748165,1.7217443,1.7456744
29.781971,1.1784737,1.1905704
25.558567,1.1526821,1.1564617
23.154823,1.9164941,1.9326792000000002
24.29012,1.4772935,1.4810476000000001
20.08173,1.2327937,1.2390926
29.46552,1.616999,1.6333792
27.784128,1.1552166,1.1457222
23.784678,1.6165361,1.6175706
22.002258,1.6633756000000002,1.6937828
20.834682,1.3631644,1.4325297
21.164557,1.5532519,1.5756473999999998
24.535685,1.3869349,1.3960106
20.354536,1.4149255,1.4349661
23.535498,1.408803,1.4470235999999999
28.418911,1.7841985,1.7913563
29.086662,1.128981,1.1188052
29.68081,1.1119553,1.0988231
26.208513,1.452743,1.4684656000000003
20.234259,1.666181,1.658201
29.699787,1.354608,1.369343
20.246363,1.9884044,1.9911747000000002
27.997248,1.4862342,1.5140679
23.208477,1.4352156,1.4542692
20.535622,1.2141367,1.2159641
24.321215,1.3147184,1.2904706
20.398355,1.2045319,1.2270987000000002
21.665043,1.757194,1.8021058999999997
28.841545,1.6838026,1.6971083
26.944513,1.2044374,1.1980155
28.66596,1.527097,1.539088
22.506924,1.1400591,1.1455128
29.440022,1.7109333999999998,1.7158524999999996
21.596153,1.6497442,1.6919439
21.98237,0.9435438,0.9849205600000001
27.607634,1.7184851,1.730586
22.741856,1.3244197,1.3535168000000002
26.974724,1.6841334,1.6929853000000001
23.305628,1.310248,1.3080835
25.856659,1.2647856,1.2550731
27.497303,1.331738,1.3485984999999998
20.417757,1.3166207,1.3298686
21.377163,1.4508386,1.4578836
20.289207,1.3324008,1.3251722
25.252285,1.731897,1.7639333999999998
27.642857,1.4868559,1.4986136000000003
21.051,1.0524608,1.0667646
21.108139,1.9266814,1.9330084000000003
23.181158,1.620758,1.6958632
21.181482,1.6997021,1.1446905
22.288572,1.4872887999999997,1.5015773999999995
25.7811,1.3043056,1.3107891
20.635696,1.8051084,1.8231745
21.96632,1.9894422,2.0162287
23.49475,1.2979486,1.2842672
28.223772,1.0646712,1.0707457
22.44147,1.3368596,1.3717753999999998
21.824392,1.2137483,1.2187767000000003
24.331593,1.6148158,1.613116
29.771347,1.631367,1.6418562000000003
29.199415,1.3083278,1.3096392
24.94574,1.7340002000000003,1.7489917
22.633081,1.2459427,1.2437775
27.227102,1.3666908,1.3758479999999997
21.959229,1.6605343,1.6641009
27.594095,1.1167115,1.1070809
29.655848,1.9428022,1.9678566000000002
22.793606,1.6013836,1.6437665999999997
24.538738,1.3517047,1.3480392
20.324837,1.7611738,1.6320324
29.013414,1.1113812,1.0992987
26.288195,1.3167328,1.330591
25.91812,1.0369987,1.6850592999999998
21.685684,1.2787414,1.2884157
22.915564,0.9790230999999999,0.9049279699999999
28.50666,1.0728285,1.0419606
25.105345,1.5944749,1.6060223999999999
23.644093,1.6734036,1.6674743
23.903349,1.3049479,1.8536124
29.842096,1.2303130000000002,1.2306550000000003
23.767336,1.2266008,1.2086887
20.982258,2.008448,2.0264738
26.564697,1.2256266,1.2392871
26.421669,2.1516616,2.1155431
22.046509,1.0293461,1.244545
24.26018,1.637896,1.6420906
26.752825,1.0339593,1.0155468
23.09013,1.469962,1.4643433
27.192528,1.3354076,1.3611784
29.078495,1.5644457,1.6045964
25.868673,2.0146172,2.045605
25.048437,1.3041936,1.2845037
20.212229,1.7803729,1.8538753999999997
23.313015,1.7609321,1.7854666999999997
29.411203,1.5533589,1.5507622
23.55687,1.3841369,1.3872278
29.485785,1.3581618,1.3649342
26.86421,1.5883892,1.6181521
28.197712,1.3891084,1.4024501000000003
28.79288,1.9545679999999999,1.9991503
29.271908,1.5552889,1.5705357000000002
24.883463,1.3081224,1.3158596
25.920746,1.291268,1.2864747
26.513178,1.2815359,1.2755439
23.348778,1.089649,1.0704525
22.995258,1.216962,1.2077963
24.07872,1.8087596,1.8494554
23.246798,1.487228,1.5037537
23.123802,1.0861577,1.0722156
20.307991,1.2666694,1.2728243
24.36193,1.6770992,1.6943982000000002
29.71573,1.5737016,1.5757847
20.986048,1.5035664,1.5147517
27.073776,1.7996758,1.8285965999999998
21.952934,1.5453495,1.5617166
21.238104,1.3256696,1.3910596000000002
28.649527,1.7005534,1.7119367
24.48265,1.0602598,1.0883524
26.813421,1.6419344,1.6513032999999997
27.538609,1.9774982999999997,1.9877698
28.140816,1.4159714,1.4210358
26.608288,1.834389,1.8808944
27.455631,2.0358686,2.0735846
29.114588,1.2749184,1.2842026
27.856161,1.8490808,1.8699167
25.639675,1.3611612,1.3723936
28.289007,1.9639647,2.0111253
23.52564,1.3704832,1.3595936
23.735287,1.2817174,1.2879176
29.395605,1.347691,1.3460793
25.556635,1.484189,1.4901094000000001
21.998318,1.5401711,1.5707524000000002
27.0625,1.8374363,1.8823898
29.089094,1.6195064,1.6291511
22.151974,1.520536,1.5261970000000002
28.159683,1.6055963,1.5939741
21.973404,1.7930459999999997,1.8116340999999996
27.618698,1.2607219,1.2728231
29.996899,1.07213,1.057797
22.400156,1.6195639,1.6276872000000002
22.633013,1.9392025,1.9530509
21.93864,1.2524678,1.2533164
26.345238,1.9280218,1.9755064999999998
29.082167,2.1151888,2.1634755
23.733414,1.4875823,1.4988017
28.574543,1.3345165,1.3408935
22.43177,1.233402,1.2314665
23.003748,1.3101333,1.3336031
20.241695,1.2400042999999998,1.2393786999999998
24.598722,1.7789842,1.7839167
21.43328,1.3484251000000003,1.3699234000000002
21.116117,1.1397794,1.1366186
28.763416,1.6496012,1.6605522999999998
21.222187,1.1923594,1.1886642
23.166027,1.8723451,1.8941019
22.250357,1.7719378,1.7915587
20.902843,1.346174,1.3798699
21.038836,1.1870277,1.1608396
26.009205,1.9695665,1.9951242999999999
25.427877,1.453953,1.4597287
22.180437,1.9531469000000001,2.0021782
23.643194,1.3345354,1.3398771
24.46449,1.205582,1.1879783
28.754616,1.0201509,0.9861901
27.03006,0.9906853999999999,0.9391523599999999
25.899641,1.1154523,1.1018085
24.78507,1.3423953,1.3370426
26.552832,1.3207709000000003,1.3417494000000005
25.271862,1.8353528,1.8727039999999997
22.474705,1.4478008,1.4394107
20.61207,1.1756083,1.1680241
28.770136,1.1873591,1.1961682
25.088032,1.2973969,1.3079967
24.843906,1.3489075,1.3678851000000003
25.37993,1.7266406,1.7327032
27.595089,1.0799743,1.0648522
25.349106,1.4518324,1.4634075
24.886791,1.2934259,1.2998681
29.151878,1.5610248999999998,1.5646283999999997
29.027832,1.5966798,1.6049123000000003
27.547535,1.3379474,1.3415871
20.963718,1.3205903,1.3060126
24.351051,1.2306824,1.2233036
25.791527,1.3695029,1.372683
25.248812,1.6937295,1.7254612
22.055386,1.4581378,1.4170847
20.634928,1.3235137,1.3246837
21.57837,1.9498156,1.8790483
27.950365,1.1367348,1.1483984
26.373934,1.8319415,1.8550264999999997
26.070032,1.4207647,1.4429042
28.60614,1.8902426999999997,1.9088897999999999
26.06798,1.5926759,1.6069207000000003
20.300413,2.050078,1.7228231
26.682436,1.2321049,1.2326548
21.055239,1.8044246,1.8159144
28.810547,1.4284016000000002,1.4402347
29.900303,1.1524116,1.1439195
27.405212,1.9795959,2.0028253
26.295626,1.348263,1.3614213
20.029896,1.3760465,1.3894180999999999
20.310122,2.0588999,2.0869071
20.267406,1.5147322,1.5183105
23.383602,1.8874769,1.9139201999999997
28.456285,1.3145182,1.3300302
25.894943,1.4806436,1.4968407
22.06909,1.1319827,1.0926371
27.382904,1.3877606,1.3985204999999998
25.160324,1.2645661,1.2506704
21.130556,1.6031958000000002,1.6102407000000003
29.804039,1.087457,1.0687637
20.831678,1.6599112,1.6740676999999997
26.02093,1.394903,1.4147832000000002
29.511473,1.6504195,1.6858728
27.990808,1.6070005000000003,1.6355300000000002
23.818907,1.5566775,1.5726353999999998
22.670643,1.6420755,1.6481531
28.142889,1.1045144,1.0991201
23.773575,1.0454046,1.0167572
22.005957,1.7228229,1.7560040999999997
27.594255,1.0995151,1.0788872
27.646093,1.5891856000000002,1.6022213000000003
20.676498,1.3869268,1.3923337
23.254566,1.4549632,1.480912
25.655293,1.3505396,1.3583767
28.391087,1.5248598,1.5261848
21.774252,1.3958908000000003,1.3930068000000002
22.245815,1.3001873,1.3110414000000001
22.7755,1.8424624,1.8658387999999997
21.95079,1.6875552,1.6940532
25.987057,1.0758232,1.068925
22.775274,1.4982432,1.5204492000000003
20.262053,1.6859334,1.7116992
20.146881,1.3293558,1.3415546000000003
26.242836,1.9910759,2.0742586
21.309452,1.3348619,1.377451
28.774656,1.4811268,1.4991423999999998
28.20742,1.001634,0.9886404
23.714806,1.4844028,1.4980862
29.845343,1.5382007,1.5555984999999999
20.028053,1.3826466,1.5045152
27.935993,1.8989962000000002,1.9307826000000001
22.921734,1.5721024999999997,1.5783526999999995
25.505001,1.492051,1.5181437
27.381945,1.7543652,1.7875392
26.78751,1.6948818,1.7164862
21.675768,1.2150965,1.198297
26.249504,1.6751006,1.692466
28.53113,1.1773555,1.1761103
28.751234,1.8031294,1.8133535
24.99674,1.4343084,1.4572813999999998
29.909828,1.6695678,1.6953362999999997
25.761652,1.3821737,1.3866558
20.393147,1.2907859,1.3075161
28.968517,1.5963609,1.6262758
24.925734,1.8666003,1.8990168999999997
20.606508,1.9444551,1.8422525
24.868237,1.8764299,1.8835290000000002
20.803728,1.7319767,1.7130895
20.657452,1.6665258,1.7156749
28.998526,1.5599301,1.5838891999999998
25.502892,1.3995094,1.4202929
25.166458,1.2706475,1.2688427
21.520805,2.0678346,2.1134772
26.135773,1.4934169,1.5011365000000003
25.130522,1.7806628,1.8037959999999997
27.290234,1.71069,1.7302601
20.856356,1.7149851,1.7403616999999998
21.919123,1.163175,1.1346612
27.431358,1.4333166999999998,1.4364061
24.591038,1.2499979,1.2509503
20.874964,1.6870964,1.7366729
26.04003,1.5871407,1.5993198999999998
24.372002,1.152593,1.1120589
26.778946,2.0027912,2.031098
29.501032,1.8075172000000002,1.8463373000000003
29.920893,1.3977944,1.3999807999999998
25.4924,1.9455751,1.9644232
27.461075,1.241221,1.2470311999999997
23.712582,1.6076114,1.6132872
26.822027,1.7659672000000002,1.7959907000000002
26.200985,1.4257255,1.4187284
21.005566,1.2427249,1.4556572
22.548609,1.666264,1.6872833
26.20447,1.1181074,1.1539738
27.264486,1.1928278,1.2536352
22.324766,0.99770594,0.97084683
23.609842,1.1789007,1.1817787
28.720558,1.4181392,1.4264524
24.243158,1.1887779,1.1828902
28.808798,1.4650702,1.4833794
25.75145,1.3896282,1.4303143
20.752733,2.0207703,2.0204997
21.42614,1.0419967,1.1168232
26.880684,1.3848288,1.3799951
20.908115,1.0438535,1.0405214
25.969536,1.3657421,1.3620365
24.550331,1.0134366,0.9834797
25.2629,1.8325015,1.8438878000000003
28.391853,1.5261049,1.5521581
29.443604,1.7451913,1.7638661999999998
27.061357,1.5310453,1.5494926
27.364017,1.1306612,1.1090512
27.67645,1.748896,1.7759156000000003
27.223356,1.0733938,1.0507588
29.735025,1.4823127000000003,1.4940901000000002
25.866991,1.574766,1.5722585
20.460835,1.5303249,1.501735
24.87573,1.4968402,1.4943979
25.596397,1.542715,1.56053
22.743599,1.6080744,1.6245337
24.943745,1.5769588,1.5970856999999998
23.10791,1.7002188,1.7355220000000002
26.910616,1.2584821,1.2596393
28.071537,1.9557563,2.004836
24.974457,1.5836064,1.6000197
25.689629,1.25517,1.2660329
25.529,1.9113026000000002,1.9540074000000005
25.975779,1.6612711,1.6850395
27.721584,0.9873754000000001,0.9649564600000001
24.302105,1.4145322,1.4121256
29.524086,1.3716259999999998,1.3701207999999998
20.52883,1.3218402,1.3341165000000001
22.741169,1.5579145,1.574023
21.098032,1.7538168000000003,1.7962327000000002
22.00234,1.8979194,1.9429429
22.495983,1.8802011,1.9221449
25.108,1.4793987,1.4897194
28.193874,1.0573786,1.0253377
22.448866,1.0462047,1.0284514
25.72422,1.0949652,1.0536265
23.358847,1.1692017,1.162718
22.491034,1.467123,1.4558728
26.82917,2.0074017,2.0141628
22.491184,1.9013527999999997,1.8972315999999998
29.273014,1.3278856,1.3358865
26.828485,1.6950184,1.7137017
29.64862,2.0784976,2.0929215
29.83123,1.3794088,1.362874
21.49967,2.0601878,2.0935256
29.929634,1.9115672,1.9595566
20.83235,1.2919642,1.2957968999999998
26.766846,1.3202525,1.3158562
29.099499,1.418759,1.4335346
21.385246,1.3676895999999998,1.3647167999999998
24.650133,1.6647435,1.6931848999999999
24.96981,1.6052220999999998,1.6212506
25.902689,1.8351895,1.8765120000000002
21.772165,1.1945239,1.0546343
24.165693,1.6712556,1.6737499
25.403416,1.9126594,1.9485297
23.397593,1.5857780000000001,1.6004152000000003
28.027346,1.8869385999999997,1.9217975
22.843185,1.2372203,1.2422962
21.638756,1.0845438,1.0804797
23.883562,1.7802788,1.5727143
20.166162,1.3749408,1.3755454999999999
27.337305,1.2299099,1.226659
21.553617,1.1648288,1.1723852
22.445194,1.5007126,1.5133877
21.982273,1.7030314,1.7857146000000002
22.783072,1.621214,1.62152
21.08449,1.4437385,1.4538975
27.763529,1.7449088,1.7756796
29.067755,1.5271683,1.5415251
22.5037,1.4917228,1.5005106999999998
21.3303,1.8190453,1.8528883
25.108831,1.1216909,1.1155744
26.124817,1.2076664,1.1830842
23.952284,1.6958958000000002,1.7231407000000005
20.196238,1.4367908,1.4355042
22.791552,1.867983,1.9148841
24.876472,1.7723789,1.7822713999999997
23.737608,1.6652162,1.6823422999999997
27.639189,1.4637469,1.4592607
20.187723,1.5218886,1.3838148
28.176712,1.7480595,1.7780933
22.033358,1.3162508,1.4491005
21.599876,1.9810694,2.0136693
24.246258,1.4544519,1.4425943
26.162827,1.6140329,1.6233864
20.017628,1.3390303,1.3093586
27.66349,1.4173548,1.432128
22.08307,1.3560917,1.3164165
26.656677,1.1194336,1.1114492
24.778027,1.5083009,1.5451937
26.308695,1.4335107,1.4413927
21.56788,1.3559864,1.3563640000000001
23.091793,1.9061393,1.9341942999999997
26.814426,1.5566340000000003,1.5644541000000005
25.053587,1.8259457,1.8297113999999999
23.14493,1.4959779,1.5026112
28.473146,1.4142488,1.4196866
26.095892,1.1858793,1.1834784
24.952705,1.8653075,1.9054973000000002
29.089369,1.2900589,1.2959468
23.60749,1.0732677,1.0578661
26.217913,1.9676652,2.005878
25.223402,1.5480204000000002,1.5549228000000002
29.42099,1.3693191,1.3773846999999997
21.810402,1.7873764,1.8351050000000002
23.814377,1.9271319,1.9689282999999997
25.867022,1.4540001,1.4565165
21.878923,1.7048464,1.7457602
26.426744,1.8826543,1.9045246
26.495409,1.5926242,1.6161175
29.29236,1.6821984,1.6920221
25.030756,1.0964059,1.0806808
28.224756,1.5344963,1.5483565
28.765547,1.8273216,1.8446038
28.945818,1.5383972,1.5535891
22.053974,1.646899,1.670265
28.923748,1.2206411,1.2133901
27.287636,1.6560535,1.6614742000000002
28.352911,1.2816385,1.2848969
29.516533,0.99462724,0.9735737
27.640165,1.8035979,1.8119807
21.890837,1.3555199,1.3565948
23.938875,1.0949177,1.0773329
24.510286,1.1259856,1.1093295
28.756445,1.3695312,1.3919151
24.43218,1.9846423999999998,2.0262379999999998
29.8044,1.3658279,1.3649511
28.004509,1.8861611,1.9104676000000003
20.54878,1.0166893,0.95366234
23.663094,1.8283362,1.8556676
20.294598,1.6143508,1.6751499
26.472147,1.3882904,1.4043996
24.715889,1.4522263,1.4624848
28.464046,1.2972122,1.3039391
26.329296,1.5624552,1.5609839
29.39088,1.3505828,1.338623
26.716808,1.0722612,1.0500189
29.025276,1.6274139,1.6386143999999998
25.70795,1.8135511,1.8117769
23.994593,1.0592757,1.0578244
29.069098,1.3043348,1.3270504
20.649275,1.5779577,1.5873551000000001
21.315468,1.3811750000000003,1.3745859000000002
23.934866,1.6266192000000002,1.6338334
23.514786,1.2069893,1.1837938
21.251148,1.2271606,1.2225275
27.309607,1.6129886,1.6144595
25.312223,1.2550272,1.258065
23.480364,1.349006,1.3418071
24.826591,2.08868,2.133594
29.611242,1.6408687,1.6608179
25.076893,1.7459757,1.7050726
20.302309,1.1881996,1.2185818999999998
25.27649,1.4312384,1.4393232
23.412348,1.8240608,1.8508777999999997
20.654697,1.3331531,1.3499932
21.460434,1.5973839999999997,1.6042329999999998
23.583838,1.0379524,1.0308955
21.196043,1.7090411,1.6561046
25.635157,1.126257,1.1169391
20.901384,0.95387036,1.2997262
29.808348,1.4062588,1.4212518
28.997004,1.3289503,1.3184857
27.16868,1.3574111,1.3753516999999997
25.142242,1.3682231,1.3636205
23.458305,1.1713643,1.1486828
22.529642,1.685971,1.7187724
29.200298,1.3965111,1.3982105
22.215199,1.9133518000000003,1.9778535
29.316444,1.2358882,1.2436068
29.97575,1.3275242,1.3304815
23.544363,1.3413837,1.3962936000000001
21.641565,1.0992023,1.0383077
21.656206,1.3780103,1.3581018
25.915152,1.8293769,1.8577740000000003
27.242193,1.9163696,1.9539466
20.952148,1.2953714,1.3153603000000003
25.21641,2.1546092,1.51406
27.93449,1.5505459,1.561033
28.982197,1.4309099,1.435883
25.488348,1.7841172,1.7960994000000001
20.816366,1.3497311,1.3420248
25.620834,2.082129,2.1316555
28.288975,1.3283875,1.3314068
25.030386,1.2666724,1.2601283
24.772652,1.4598905,1.4699728
26.96123,1.213314,1.2096689
29.632395,1.1204828,1.1153965
27.62405,1.637119,1.6466255
23.661638,1.2674823,1.2661102
26.456072,1.4344109,1.4439182
23.844244,1.5723989,1.6107881
20.551132,1.5801454,1.6404619000000003
20.551306,1.9573417,1.9982538
24.740887,1.6958832,1.7184064000000001
22.882095,1.2236973,1.2216504
26.713112,1.3610705,1.3716927
28.999556,1.1016499,1.0836368
25.455761,1.5432336,1.5502803000000003
20.250889,1.4169407,1.475529
28.249237,1.8227123,1.8575922999999999
20.453142,1.6434809000000001,1.6290216000000002
21.333933,1.0637548,1.0684956
20.548204,1.1723645,1.1573613
29.174427,1.6221306,1.6334872
29.511127,1.4034722,1.4104457
21.874907,1.4433385,1.4506679
24.802685,1.42251,1.4244274999999997
28.520006,1.9094524,1.9604808999999999
20.35596,1.7734406,1.8312637999999999
28.471315,1.7060052000000003,1.723032
28.52878,1.8616587,1.918675
29.306879,1.5082682,1.5126011
29.601652,1.4274278,1.4387169000000002
22.798767,1.128788,1.1548989
26.344746,0.9031068,0.856652
28.457373,1.1893477,1.1748734
21.51786,1.3536512,1.5799569999999998
25.924423,1.9230244000000003,1.9441316000000002
29.747585,1.2266849,1.2167678
22.357437,1.3842889,1.4020405
29.170525,1.6060994,1.6223438
25.279463,1.5838255,1.5801642
24.183048,1.5754552,1.5925579
26.55709,1.4873450000000001,1.5012126
28.875183,1.5080099,1.5307949
20.219664,1.1574821,1.1152899
21.914589,1.2414424,1.2339723
22.823454,1.7128218,1.7346754
29.808943,1.9628445,2.0156922
29.749186,1.5645106,1.5892198
24.406935,1.7187903,1.7669015
22.50017,1.5577425,1.5574217
21.444412,1.6099052,1.6216898000000002
27.356926,1.2217156,1.2214439
23.469997,1.2163267,1.2243822
26.246025,1.890299,1.9875742999999997
24.462086,1.4587336,1.4627862
28.223085,1.8335094,1.8540246
20.860363,1.8314716,1.7391558
22.872458,2.0585916,2.1139753
26.794977,1.4417734,1.436542
29.121815,1.0202479,0.9990558
20.662708,1.3267177,1.3360130999999997
29.574095,1.1604425,1.1535673
24.680298,1.6202426,1.6667552
21.94285,1.8716913,1.9206040000000002
20.594059,1.733847,1.7731802
25.103418,1.3672142,1.3888028
20.264925,1.6310734,1.6932287
28.697039,1.5873711,1.5986116
27.21599,1.9050376,1.9294311999999998
25.268074,1.944431,1.9805261999999997
27.77917,1.1717414,1.1576731
26.881193,1.5312747,1.5376539
26.293415,1.0350263,1.0111295
20.231941,1.0559875,1.0384243
29.203474,1.7083178000000003,1.7628343000000002
21.645033,1.1632158,1.1546764
25.481611,1.0123866,0.93769515
27.434221,2.0702808,2.159629
26.440657,1.8061829,1.828557
25.729294,1.147456,1.1484995
20.582876,2.0339694,2.0837624
26.10398,1.2806727999999998,1.2857109999999998
20.879381,1.9666125,2.0273979
29.876778,1.5317471,1.5443721
29.945757,1.8225611,1.8272867
21.625605,1.6922141,1.7036853
25.647638,2.113387,2.1287477
28.282726,1.6587512,1.6694631999999998
21.936678,1.7779822,1.8262861
20.179918,1.2495506,1.2329419
24.05788,1.3586642,1.3703876
28.730902,1.5354506,1.5649259
26.149273,1.4311166,1.4516654
23.61167,1.1509882,1.1373639
28.147612,1.623707,1.6238508
21.842354,1.6755942,1.6905813
23.862732,1.0918657,1.0466683
20.599426,1.6410124,1.675741
24.718311,1.3427635,1.3590927
26.50158,1.9977423,2.069636
23.406252,1.3914793,1.4116826
26.103071,1.6071478000000001,1.6090825
28.826086,1.4271356,1.4180045
26.09598,1.6189044,1.6466289000000003
23.829737,1.0148013,0.94515336
28.962198,1.1377219,1.1400702
22.200459,1.7972221,1.8440563999999997
23.21952,1.5425172,1.5462623
22.614044,1.3126861,1.3193614
23.822151,1.3868206,1.3986873999999998
26.722452,1.7426578,1.7847216
27.003265,1.8963524000000003,1.9277439
27.347385,1.7777654,1.7879405000000002
28.356884,1.4797735,1.4967299
29.03683,1.8175133,1.8417556
20.021275,1.0499554,1.057112
27.251177,1.9507846,1.9990736999999998
20.09106,1.7909635,1.901645
23.804585,2.1156929,2.159567
28.587847,1.4451329,1.4507407999999997
21.85916,1.8775247,1.9165022000000003
21.912985,1.6919203,1.7136022999999998
27.552029,1.2724371,1.2701843
26.033773,1.9979632999999999,2.0193752999999997
20.590706,1.5124115,1.5348737
27.313074,1.2034314,1.2105527
29.483763,1.4240012,1.4244614
28.090193,1.7219428,1.749007
23.090235,0.9957243000000001,1.0014
21.071104,1.8299343999999997,1.8222565999999998
20.988056,1.6194763,1.4250879
24.801247,1.9130634999999998,1.9449665999999999
23.309422,1.7344711,1.7772756
23.375462,1.661599,1.6872959
24.073364,1.3157327,1.324301
26.753113,1.2428348,1.2631916999999997
27.559423,2.0676284,2.1292865
27.729017,1.4955904,1.5092533
25.54899,1.1096216,1.0962131
26.586027,1.5918416,1.5732629
28.53429,1.4613632,1.4651349000000002
27.651487,1.4584122,1.4557202
27.331692,1.8905139999999998,1.9275422
28.669155,1.324159,1.3318961
28.969683,1.6347554,1.6621671
22.406666,1.9498318,1.9756069
28.381794,2.0895934,2.0913136
26.5365,1.5624489,1.5730772
21.09951,1.3657274,1.3730786
28.400322,1.4695774,1.4912726999999997
29.109741,1.3125699,1.300261
24.657228,1.9882468,1.8650067
24.04803,1.7743281,1.7874117
27.755455,1.3421497,1.3468456
29.917929,1.7789915000000003,1.8082035000000005
27.400654,1.7633755,1.7731465999999998
20.714512,2.0365453,1.9264736
27.85799,1.4112289,1.4178553
26.254238,1.189747,1.1649399
21.349802,1.6569743,1.6959946000000001
24.732828,1.6230356,1.6350362
28.948227,1.4634577999999998,1.4794958
23.527977,2.0514176,2.063153
21.80159,1.2634988,1.2719617
20.097889,1.6443053,1.6647174
20.788017,1.4155031,1.4145119
28.44617,1.9050689,1.9138769999999998
25.663593,1.4920672,1.4993713
24.90929,1.5590339999999998,1.566431
22.066523,1.4744924,1.4792913999999997
22.145327,1.559226,1.5797180999999998
24.026937,1.0202113,0.99396783
23.986517,1.5377511,1.5437741
22.679333,1.4531605,1.4528184
25.097559,1.8769834,1.9171064000000002
27.35353,1.6228824,1.6535753999999998
28.909094,1.5541193,1.571662
23.853369,1.9125773,1.9495804
22.507805,1.7365899000000002,1.7441690000000003
28.998777,1.6758561,1.6977215000000003
23.271187,1.6154868999999998,1.6293944999999999
21.165636,1.4367037,1.4413139999999998
20.460968,1.4547966,1.9563432
28.725843,1.4382911,1.4406468999999997
28.574242,1.6860185,1.6908404999999997
29.998373,1.7664013,1.7955866
26.097357,1.9315851,1.9492989
22.744013,1.379236,1.3870327
22.29999,1.4360024,1.4375234
28.38334,1.4427236,1.4453464
27.892511,1.6528570999999999,1.6803414999999997
27.62008,1.1407466,1.1431017
26.691475,1.4341608,1.4471530999999997
28.129005,1.5173345,1.5371721
26.662186,1.8936219,1.8928468
26.108763,1.2736562,1.2686043
25.713415,1.0049645,0.9763861
26.952496,1.328592,1.3567015999999998
26.02052,1.3371602,1.3486461999999997
26.353588,1.6129321,1.6219292
23.568972,1.2434502,1.2341607
29.517315,1.5342863000000002,1.5412095000000003
29.393103,1.9048148,1.9162216
26.149761,1.0341058,1.0360359
29.098507,1.2207725,1.2251002999999998
27.646273,1.4971502,1.5142224
27.133158,0.9637630600000001,0.9107557500000001
25.126547,1.4935744,1.5172388999999997
20.93327,0.9253521,1.064259
20.13578,1.6561257,1.6549623
26.421326,1.4561195,1.4157205
22.847792,1.3222903,1.3478911
25.315468,1.1210209,1.1812443999999998
26.739069,1.6748135,1.6853571
22.546139,1.5604842,1.5886977
23.651024,1.7517111999999997,1.7730047999999998
29.750202,1.6626312,1.6857807999999999
28.15481,1.7069858,1.7258873
20.152699,1.384989,1.3854532
22.734312,1.5080647,1.50069
21.630604,1.8688231999999998,1.7996143999999998
22.142181,1.6933226999999997,1.7261056999999997
23.460497,1.5888793,1.6121523000000002
26.858839,1.6114621000000002,1.6247597000000003
26.986883,1.8868476999999997,1.9270996999999996
22.224094,1.3914222,1.385231
21.793638,1.0970242,1.0597799
22.757902,1.719767,1.7448970999999998
29.755411,1.1377175,1.1342387
21.866467,1.7144961000000003,1.7448688000000003
20.165249,1.6827487,1.6745601
29.623753,1.3912845,1.3882296
29.542597,1.3327641,1.330333
20.449213,1.7764357,1.8023701000000003
22.09064,1.5106422,1.5226662
23.890833,1.8691167,1.9103086000000002
23.263025,1.8210407000000002,1.8505933
21.858187,1.2933799,1.2831228
29.809647,1.8345624,1.8663778
21.496086,1.3219212,1.3565235
27.906239,1.368943,1.3713224
23.409637,1.1418245,1.1473191
28.39247,1.4374828,1.4369068
21.99516,1.8149133,1.8726251
22.263378,1.4541639,1.4613454
27.270206,1.5967883999999999,1.6115436999999997
23.609308,1.1462014,1.1392381
26.940893,1.7722198000000002,1.8008478
28.766722,1.5913281,1.5988052
27.704327,1.5807557999999997,1.6061682999999998
20.900618,1.7810988,1.7839684
20.81706,1.6243387,1.6401396
23.511713,1.6001719,1.6062837
28.73297,1.6311344,1.6378119
21.915644,1.5449109,1.6310954
20.551836,1.6147997,1.6356201
25.808197,0.94584525,1.1476896
21.50106,1.23726,1.2230725
20.187265,1.7517859000000002,1.7536395
21.32829,1.186275,1.1854508
28.703688,1.3213369,1.3239477
25.13507,1.4883078000000003,1.5352933000000002
22.776407,1.2763964,1.2830111999999998
27.676437,1.5421492,1.5900211
28.830452,1.1899272,1.1835902
27.42581,0.9671308,0.9460746
22.093744,2.010279,2.011104
23.793867,1.3888537,1.4014809
23.118073,1.511308,1.489888
22.124733,1.4165202,1.4261088
21.358915,1.5892013,1.6114323
27.830227,1.3567594,1.3695979
21.336533,1.802465,1.8040338
28.356775,1.6962291,1.7176609
21.956448,1.4948245,1.5096767
29.543468,1.3670455,1.3719876
20.438316,1.6984807,1.716295
29.821331,1.3400906,1.3503513
28.368864,1.9457389,1.958833
20.324749,1.4521564,1.4187205
27.824368,1.3866841000000003,1.4012842000000003
20.057058,1.8453493,1.8659651
22.064983,2.0844386,2.1017735
24.315725,1.3919331,1.3815582
25.205729,1.6346078999999998,1.6392850999999997
29.376749,1.8074747,1.8220024
20.146137,1.8612612,1.8901359999999998
29.769758,1.5941674000000001,1.6120555000000003
24.156614,1.4758734,1.4738488
26.809822,1.3901870000000003,1.3962879000000001
25.690947,1.2478598,1.2681456
21.20588,1.6438309,1.6405876
26.636232,1.7888265000000003,1.8239520000000002
26.788052,1.160505,1.1596661
21.403908,1.9707257,1.9975488000000001
21.530897,1.6381397,1.6162682
25.074787,1.9305812999999998,1.9919993999999996
24.684027,1.798175,1.8008725999999997
23.908737,1.5178369,1.5338745
23.945662,1.5240281,1.5593998
29.135302,1.8206365,1.8434185999999997
27.235458,1.878726,1.9053206
25.572327,1.4518682,1.4741333
29.674915,1.3083338,1.3163748
27.311659,1.3647543,1.3672328
23.564325,0.9907901000000001,0.9579130000000001
20.145178,1.2772752,1.2916131000000002
26.55204,1.2373294,1.2451041000000003
22.30873,1.2899724,1.2834005
23.748756,1.3336974,1.3593289999999998
27.330828,1.3187795,1.3220369999999997
23.088297,1.2887232,1.3670404
25.654974,1.1459488,1.1414497
22.726927,1.3511255,1.3718216
20.870663,1.7916394,1.8284633
26.501205,1.7440042,1.7636604
21.799974,1.2288221,1.235666
23.324087,1.4995989,1.4865
22.166471,1.196664,1.152683
23.979412,1.4681268,1.4818685000000003
26.140217,1.6719294,1.6883957
28.051584,1.4459094,1.4442515
26.115692,0.9544584,0.8857872
28.008621,1.4375995,1.4537094
26.52367,1.3328321,1.3486805000000002
26.98038,1.3858783,1.3848083
22.560005,1.1508945,1.1337533
22.545929,1.6429006,1.6739804999999999
27.131693,1.1981889,1.1959212
26.193682,1.771815,1.7993822000000002
24.218447,1.9166974000000003,1.9220278000000004
29.04093,1.2379118,1.2422602
29.04667,1.3682564,1.3591814
24.711662,1.4326968,1.4652345000000002
24.008015,1.2603571,1.2542844
28.690275,1.1133043,1.0913727
23.9392,1.5216476,1.5413368
27.174074,1.2873062,1.2924109
24.248487,1.1281849,1.1047878
29.14871,1.4773604,1.4801729
22.205791,1.4337295,1.4416585000000002
29.292646,1.1957383,1.1685247
22.41456,1.1225468,1.110214
24.597078,2.0071955,2.0519493
28.61153,1.4243344000000002,1.4315457000000005
24.264473,1.2626263,1.2939062000000001
23.259918,1.3465247,1.3459105
20.400932,1.4566134,1.46192
23.378778,1.6505294,1.6693749999999998
29.447472,1.4444976,1.4540963
26.547829,1.3892076,1.389018
24.613106,1.3014907,1.3201804
27.850836,1.4306235,1.4257574
24.418125,1.9469731999999997,1.9266383999999999
29.05747,1.0568029,1.0106716
27.493145,1.3609693,1.3770044
20.167171,1.86105,1.8954631999999998
22.308352,1.7796632999999997,1.8103708999999995
21.068607,1.6825409,1.7432243999999997
22.546728,1.8585428000000002,1.9032061000000002
28.163717,1.4597002,1.4684162
28.327625,1.2698963,1.269774
25.700218,1.4127978,1.4170527
28.601334,1.7102547999999997,1.7256693999999997
21.489765,1.1488208,1.1300428
22.246078,1.6046935,1.61795
20.049551,1.760189,1.7140589
28.554663,1.5695642,1.5777233
24.488249,1.7966686,1.8466413
24.531809,1.8791852,1.8794353
25.764763,1.790157,1.8132188
26.058783,1.734227,1.7577147
20.95285,1.7766265,1.7824364
27.352886,2.0395617,2.1121075
27.770092,2.0208883,2.0393915
20.111717,1.8452744,1.8644445000000003
26.443726,1.5929809,1.6054063
21.423952,1.6451144,1.6648814999999997
26.67339,1.9840343,2.0037754
28.00851,1.5634736000000002,1.5968091000000002
27.760193,0.9854571,0.9665719
20.123625,1.4071188,1.5621922
24.957075,1.4170597,1.4146571
25.12765,1.0954479,1.089926
22.154606,1.6491725,1.2796371
25.97554,1.690641,1.7134066
24.418629,1.7935513000000003,1.8130221000000004
24.887197,1.8832502,1.9273093
23.265694,1.8322992000000002,1.9704728000000002
23.50941,1.6608975,1.6762929
23.61096,1.689207,1.7050235
29.625443,1.6203057,1.6280606
26.680672,1.5293204,1.5541084000000003
22.073376,1.5130104,1.5340185
29.88692,2.1483855,2.180156
20.577879,1.2253766,1.3283291
29.926065,1.6448878,1.6631472
29.731625,1.2331527,1.2472291
28.30497,1.927359,1.9674015
24.339153,1.7812418,1.8107674
25.964333,1.3180594,1.3344800000000003
29.072502,1.580121,1.5886045
23.892426,1.1883838,1.1986563
29.750376,1.8776898,1.9116912
27.574867,1.7179054,1.7426946000000003
25.215816,1.5320708,1.5460944
28.782526,1.614642,1.6364942000000002
24.26965,1.474059,1.4795763
28.904444,1.8464438999999997,1.8830375999999995
29.815115,1.2992287,1.3031096
21.017963,1.4896635,1.4745972
22.52041,1.519489,1.5587237
22.202633,1.1224492,1.0994599
24.739431,1.1198468,1.1044993
21.371187,1.0946128,1.0804648
25.768011,1.7641045,1.8924448000000003
24.03992,1.3793439,1.0971762
21.52292,1.107823,1.0660808
26.684643,1.4162765,1.4244101
24.578556,1.3208554,1.2962556
23.822586,1.9280354,1.9519794000000001
26.432997,1.2825152,1.2853532
22.87202,1.0610925,1.0616726
25.131031,1.5647714,1.5835743
24.541164,1.2205999,1.2122426
20.811796,1.340746,1.371939
20.644783,2.0703433,2.1266126999999995
22.19299,1.4969025,1.5322499
22.242632,1.9885268,2.0236545
24.320374,1.5392078,1.5404503
22.62708,1.2052804,1.1855812
22.088362,1.4121178,1.4331433999999998
24.444107,1.4017003999999997,1.4142970999999998
24.099228,1.3429542,1.481703
22.027779,1.0660582,1.0594497
20.354975,1.5301769,1.4768555
21.577187,1.8400070999999998,1.9005078999999998
21.34811,1.2815455,1.2992632
23.591032,1.5950537,1.6059522999999998
27.514116,1.6482974999999997,1.6663911
28.680815,1.6382881,1.6480204999999999
27.360424,1.2825902,1.2799413
26.16983,1.4998777,1.5189545
20.195116,1.0568835,1.0497371
27.902416,1.18268,1.1604018
23.014252,1.0338382,1.016165
22.344986,1.4565698,1.4628425000000003
26.05023,1.2641556,1.2799287
22.484755,1.5230998,1.5503569
27.45369,1.5042345999999998,1.5346114999999998
23.921537,2.0851846,2.1368296
23.420637,2.0338376,2.0689764
25.985441,1.3337775,1.3401651
28.320707,2.0967362,2.1644425
29.736969,1.2529407,1.2553468000000003
26.881454,1.6724017,1.6937885
20.673704,1.3403716,1.3573895
25.286064,1.4917237,1.5029585
26.488527,1.0068815,1.1923541999999998
22.2587,2.037111,2.0871696
28.140812,1.1471885,1.1210663
26.780226,2.1058528,2.117899
24.674356,1.2180107,1.2087789
28.414156,1.5743982,1.5975215
24.618757,1.1406708,1.1341236
21.631884,1.4455706,1.440079
24.622465,1.1856654,1.2026861000000002
22.587917,1.8797626,1.8949791999999999
20.377699,1.406683,1.4113822
26.784203,1.3835349,1.3694816
27.9934,1.5097407,1.5180926000000001
22.95616,1.930301,1.9444565999999999
22.290516,1.6394897,1.5815136
26.229065,1.441777,1.4609149
29.09979,1.4470872,1.4427526
24.301264,1.6289035,1.650181
21.015429,1.1908854,1.2151632
24.460417,1.5536934,1.5733835999999999
24.283699,2.1398659,2.1750590000000005
26.064003,1.8220766,1.8447409
26.772867,1.2197688,1.2127855
20.018927,1.5320835,1.5408974
22.989271,1.6808647,1.7294066
24.562513,1.9707053,1.9837661
24.51596,1.5711700999999998,1.5836634999999997
25.303953,1.5329669,1.5473261
20.662859,2.005773,2.0248578
20.693007,1.7884403,1.7915884999999998
25.473305,1.2069443,1.1809251
27.890444,1.5654567,1.5770392000000002
27.397186,1.1033427,1.0792861
27.169142,1.1886353,1.195533
28.939447,1.7065841,1.7323103000000002
22.908236,1.3189707,1.3332759999999997
25.268278,1.6908398,1.7087224
25.452194,1.5166361,1.5335572
29.916313,1.4174327,1.4377203000000003
29.26775,1.1862017,1.1726952
27.912819,1.6202545,1.6220868
20.047503,2.0854828,1.5867617
23.112944,1.2978528,1.2847319
29.201773,1.2968458,1.2969248000000002
26.637585,1.2913237,1.2596021
27.470648,1.023601,1.0184374
20.968843,1.6416312,1.8087750000000002
20.955631,1.1696553,1.1724396
27.304386,1.6218726999999997,1.6474246999999997
28.920055,1.436612,1.4392619
21.860819,1.7375997,1.7648709
24.204945,1.0061262,0.993578
29.5386,1.377139,1.385052
23.982388,1.2036484,1.196012
26.909605,1.2729462,1.2784325999999997
21.561512,1.4193783,1.3819156
29.653366,1.7107577000000003,1.7256303
25.682053,1.8689253,1.8818352
29.638645,1.4717685,1.4792390000000002
27.027098,1.9325424000000002,1.9549797000000002
23.529984,2.0804486,2.097509
28.535553,1.2182945,1.2214613
27.549248,1.9210157,1.9404047000000002
21.61872,1.5475937,1.5416579
20.286345,1.465029,1.4490976
27.212366,1.1300893,1.1196392
29.319715,2.1118603,2.1587887
23.801619,1.0906566,1.0962365
25.609194,1.2558999,1.2731462
26.32687,1.044646,1.0090926
26.86866,1.1369057,1.1301355
29.148403,1.1913598,1.1848364
22.534763,1.4040816,1.4268503
28.33377,1.1608533,1.157305
21.026108,1.0916961,1.0771071
26.29419,2.0022604,2.0109372
20.126514,1.6197938,1.611028
21.045313,1.3755877,1.3912284
23.423752,1.6487740999999998,1.6748296999999999
29.516819,1.6640322,1.6605837
26.588408,1.4025312999999997,1.4144132
22.647326,1.8503853000000001,1.8805048000000004
25.561745,1.6658299,1.6808705000000002
26.234043,1.3979803,1.406362
24.53828,1.9138057,1.9372001
20.524105,1.5617701,1.5696039
20.367126,1.4575112,1.4778724
27.36933,2.1535168,2.0640054
27.217924,1.9059812,1.943557
24.100512,1.6631427,1.7082918
21.91312,1.2263464,1.2392251
25.85119,1.5257797,1.5452151
26.642265,1.6254371,1.6302259000000001
28.421124,1.2573371,1.2655287
26.81992,1.3403562,1.3346987
20.042183,1.435909,1.1282244
24.832207,1.6479354999999998,1.6617159999999995
29.042171,1.8176132,1.8298748
28.219572,1.3386596,1.3466353
28.392801,1.1773977,1.1799569
22.670849,1.7650813,1.8237119
21.830605,1.5684658,1.5892029
29.378996,0.947424,0.9324655
25.234547,1.5040083,1.5004721
21.696524,1.2147464,1.2058227
21.901527,1.4188062,1.4351522999999997
21.050095,1.2957169,1.3018637
27.338238,1.4408514000000001,1.4482772000000002
24.986526,1.3911045,1.4016516
27.332523,1.6332599,1.6545789
27.795776,1.4128096,1.4210823
27.627148,1.3391303,1.3379049
27.083645,1.7491285999999997,1.766048
20.869766,1.7976239,1.8273900000000003
20.054993,1.3134696,1.3260663
28.286312,1.306793,1.3009264
28.058538,1.1249582,1.1095641
23.080055,1.3588352,1.3573141
24.586063,1.1419537,1.1222777
28.970047,1.2594031,1.2574682
25.426533,1.3827025,1.4724866999999997
29.592178,1.029717,1.0411842
24.048344,1.4024350999999997,1.4263610999999998
25.800465,1.4694418,1.4788995
27.094475,1.4041462,1.4113829
27.957035,1.4345521,1.4441742999999998
20.592524,1.3166804,1.3312418000000001
23.974844,1.3413616,1.3352761
29.031933,0.9713094999999999,0.90293825
26.656107,1.5045700000000002,1.5195525000000003
25.363865,1.8775707,1.8915946000000001
21.027842,1.5673152,1.5615077
20.32213,1.7235008,1.3168299
25.05022,1.1763833,1.1964034999999997
22.075354,1.9710432,2.006397
25.986515,1.5092085999999998,1.5358800999999995
22.39877,1.6666877,1.7185519
25.449238,1.272722,1.2779269
21.387207,1.5381275,1.5530124
27.767645,1.5836695,1.5987306
27.584394,1.130258,1.1250434
25.921465,1.2885454,1.2709284
28.196344,1.3549771,1.3546915
24.016336,1.5603409,1.5777172999999998
29.923622,1.896497,1.931598
25.438213,1.4588197,1.4648559
28.324602,1.4352261000000002,1.4496844000000002
26.67355,1.5502812,1.5586621999999999
23.00036,1.3692074,1.3504794
23.0054,1.3628408999999997,1.3568849999999997
26.729164,2.01019,2.046058
28.964767,1.1497769,1.1762316
20.984276,1.1588702,1.394418
24.45091,1.2600847,1.2804244
20.002825,1.7858625999999997,1.9650233
27.923782,1.2804841,1.2791343
29.879229,1.0655173,1.0746894
21.511995,1.4075048,1.3887694
23.73677,1.7303053,1.7411249000000002
29.543444,2.114941,2.1416926
27.816566,1.2267927,1.2357697
26.54772,1.6438336,1.665482
25.890154,1.0454724,1.0358286
29.966148,1.8790266999999998,1.9212431999999997
24.7826,1.4928374,1.5130427
28.465788,1.6115044000000003,1.6371467000000002
23.416191,1.1876456999999998,1.1828500999999998
20.099155,1.3666017000000001,1.3888655000000003
20.207018,1.6274239,1.6261978
27.755535,1.5449972999999997,1.5600977
26.79689,1.2260012999999998,1.2287253999999999
20.573914,1.4008735,1.3940165
27.75259,1.0867889999999998,1.0695189999999999
23.623238,1.4526374,1.4535065
27.827871,1.1859607,1.1858532
20.85775,1.3932087,1.4043818
27.682348,1.5129251,1.5303943
28.678873,1.5437803,1.5494294
28.991674,1.6915277999999998,1.718277
23.762997,1.1456617,1.1170115
28.041471,1.8603389,1.8814437
24.378115,1.7986585,1.8172896
28.475735,1.5533218,1.5602579
27.079105,1.7613161000000002,1.7911973000000005
26.63818,1.3584263,1.3562789
21.590837,1.9568682999999998,1.9250654999999999
22.752832,1.1011574,1.1093085
20.62939,1.6952811,1.7724504000000003
20.605854,1.8036016,1.8170497
24.431892,1.4730091,1.4828699
23.601124,1.5065304,1.5714292999999997
29.996365,1.7174045000000002,1.7311022000000005
29.10377,1.7072393,1.7085836
21.056404,1.2137598,1.2303455
24.818521,1.2971381,1.2817588
22.900131,1.6083058,1.6197731
26.446983,1.3582245,1.3559966
24.680544,1.1836755,1.2091594
25.84732,1.9516028,2.0133195
21.345455,1.3911287,1.4090092
27.072601,1.5895374,1.6016824
23.590979,1.5582602,1.5787597000000002
25.753435,1.3040549,1.3062484
29.694405,1.2835436,1.3001148999999999
28.292866,1.0730529,1.0547113
29.87255,1.7576339,1.7811289000000001
25.445148,1.424241,1.4230227
22.389185,1.4611521,1.5005827
24.50588,2.100498,2.1547673
22.840445,1.504979,1.5052167999999997
23.234247,1.9919782999999998,1.9754879999999997
22.9408,2.131131,2.143411
24.811844,1.9628379,2.0199664
22.733133,1.3559587,1.3522091
24.461014,1.5645618,1.5702024
26.652987,1.5104376,1.5215769
21.893938,1.7444746,1.8448903999999997
23.985401,1.5248325999999999,1.5119933999999997
23.676641,1.6900629,1.71944
21.597094,1.4837835,1.4943974
22.496716,1.4872441,1.5036426
25.078466,1.9187698,1.9496689000000003
27.887014,1.3799499,1.3579528
22.80343,1.4388924000000003,1.4262576000000002
21.638317,1.2418896,1.2063441
24.723333,1.8345568,1.8842957000000002
29.362047,1.349041,1.3624401
22.976755,1.23845,1.2427577999999997
20.332502,1.179053,1.2489266
27.126352,1.3896121,1.4008076
23.146988,1.9166666,1.9653689999999997
24.066717,1.004816,0.99517626
23.082737,1.535561,1.5550609
21.580198,1.646627,1.6730714000000002
25.248997,1.6227902,1.6505973
23.191614,1.6914887,1.7157766999999997
22.361008,1.0992608,1.0913546
22.569576,1.5816644,1.6135879
21.706064,1.6959277,1.7269547000000003
21.150156,1.1466497,1.139822
29.206842,1.4274007,1.4157019
21.380081,1.318895,1.3269719999999998
22.449959,1.5468159,1.5614786
22.403336,1.7260035999999999,1.7360288999999998
25.723803,1.5885518,1.5898416000000002
27.623024,1.5847039,1.6084759
23.523907,1.2610636,1.2522433
27.771109,1.3850874999999998,1.3882474999999999
28.579607,1.3423287,1.3495791
23.742537,1.3558255,1.3865924
24.963358,1.4973255,1.5244985000000002
27.492342,1.6167516,1.6408651
22.206673,1.3568997,1.3464999
23.555649,1.5484279,1.5683916
21.292833,1.5574862,1.5806999
26.95114,1.7935762,1.8134664999999999
27.273418,1.1918736,1.1711116
24.199394,1.9419603,1.9856758
25.63155,1.5663152,1.5717101
25.666517,2.0317736,2.0601485
20.016207,1.5068688,1.5357108
24.055285,1.3966289,1.4062374
26.345413,1.7844348,1.7945263000000002
29.021193,1.055823,1.0755823
25.469873,1.4691645,1.484273
23.869099,1.3438015,1.3478892
23.122076,1.6481578,1.6651809
26.658253,1.4755112,1.4866421
26.901876,1.7255558999999998,1.7582029999999997
23.876823,1.4392512,1.4415872
24.143045,1.5198001,1.5028975
29.322935,1.4996532,1.513052
26.269808,1.6600486999999997,1.6766864999999997
29.653095,1.5975654,1.6141756
29.75645,1.1113113,1.0847554
28.774847,1.1726385,1.1579657
22.936646,1.4911612,1.5001347
20.462782,1.1065748,1.0782301
26.8262,1.0653288,1.0555856
21.069775,1.5551531,1.5683937
27.86179,1.5780616,1.5753388
23.802832,1.3773524999999998,1.3886310999999998
27.685072,1.5139860999999997,1.5268699999999997
24.20598,1.3448931,1.34234
27.44775,1.3913318,1.3912547
26.520884,1.9701506,2.0277128
28.052036,1.3565398,1.3651865
25.367884,2.0546672,2.0748987
26.943592,1.7442734,1.7792205999999997
27.143261,1.5158606,1.5329559
24.927416,1.1643102,1.1566899
20.017012,1.0767362,1.0607355
20.975744,1.1693046,1.1607769
29.374346,1.1890881,1.1741469
23.427654,1.7542138,1.7764955
21.626886,1.2734504,1.229279
22.742615,1.7063137999999998,1.7345010999999997
24.443197,1.1903359,1.1604071
23.537157,1.5080631,1.5206285
22.41607,1.2656733,1.2818286
26.566727,1.2442505,1.2447538
22.291342,1.4625318,1.4578981
21.87048,1.5798723,1.5740488
20.087341,2.0296516,2.069526
25.796217,1.8994226,1.9124574999999997
25.272913,1.2873536,1.3099415
27.059746,1.2749705,1.2904451
21.760063,1.3372971,1.3174727
22.420538,1.9105531999999998,1.6627803
29.071028,1.8838716,1.892206
26.651503,1.4226719,1.4341527999999997
24.14999,1.3092499,1.3315406
28.17324,1.5804947999999999,1.5843987
24.836891,1.6606401000000002,1.6530333000000001
29.72085,1.296834,1.298902
21.924742,1.8713508,1.9296454999999997
24.939781,1.5740968,1.5706728
26.85086,1.6956893000000002,1.7248185000000003
28.972496,1.5838037,1.6013098000000001
27.910408,1.8720206,1.8838787
27.348217,1.4060694,1.4153165999999997
25.1693,1.6780934,1.6814055
28.739508,1.5609617,1.5728686
21.67545,1.5703138,1.5979574
26.35679,1.4226795,1.4292963
26.714495,1.3290167,1.3413749
25.515146,1.0398045,1.0160022
22.546453,1.0600996,1.0526056
23.13255,2.0352943,2.097237
27.987236,1.4963839,1.4996004
25.08134,1.2053115,1.2154225999999997
26.854668,1.1258918,1.1264796
27.855585,1.6827755,1.7104359
23.829756,1.5398556,1.5506308
28.459457,1.4293476,1.4209981
24.702625,1.3565503,1.341805
21.248453,1.5577551,1.5671091
21.765854,1.243624,1.26159
28.700962,1.1065032,1.0993109
21.221632,1.1549109,1.1416695
22.884611,1.4967548,1.5024562
29.730114,1.2896577,1.2989337
21.509184,1.464872,1.4590273
23.865469,1.5334393,1.5554268000000002
23.559824,1.0262194,1.0186656
25.616364,1.8569223000000001,1.8877263
29.562075,1.354075,1.3643474999999998
23.602272,1.6029989,1.6897311
20.767517,1.3382853,1.3514278
20.351295,1.4126319,1.424794
24.880896,1.4212224,1.4138577
20.576782,1.4600122,1.4690888
20.319685,1.5276572,1.5634537
21.186815,1.9117048,1.8586996
20.864832,1.7675009,1.7967339000000002
20.691256,1.3371662,1.3377186999999997
29.457096,1.7474635000000003,1.7632945000000002
27.366707,1.1066806,1.1000347
21.482647,1.3441182,1.3493134999999998
23.466682,1.5289292,1.5237374
22.53693,1.9816846,1.9679091
25.329243,1.1631968,1.1688354
23.338324,1.959112,1.9775224
20.90392,2.0056782,1.4438581
20.18562,1.4513278,1.331989
20.127867,1.3316805,1.6124631999999999
24.615078,1.5944337000000002,1.6273029000000006
21.079693,1.3203492,1.3282807
27.072851,1.1234541,1.1052332
28.964201,1.3500599,1.3676138
25.980011,1.2689357,1.2691691
27.78632,1.7582451,1.7604957000000003
24.09826,1.6176463,1.6192961000000001
28.328625,1.4705366,1.484982
20.492506,1.6875012,1.7202303000000003
29.100561,1.6768929,1.6572983
29.923891,1.9617658,1.9957112999999997
20.430752,1.77118,1.7716095
24.966122,1.6922024,1.7371333
20.282314,1.3159478,1.3216465
27.727793,1.4347354,1.4400072
24.703814,1.7487043999999998,1.7788459999999997
23.718035,0.88633776,2.0675292
27.704346,1.1488993,1.1196911
23.581537,1.6839932,1.5373316
24.070412,1.31196,1.291549
21.97888,1.3374923,1.3578724999999998
23.819422,1.6425714,1.6361754
24.12198,1.0970196,1.1703708
29.392847,0.93022907,0.8586134
20.440338,0.9744197,1.0048119
29.2433,1.6811705,1.7191207000000002
24.836079,1.6154232,1.6314180000000003
23.791971,1.7203016,1.6731446
28.39386,1.2167051,1.2185647
27.152695,1.3401643,1.356822
21.27079,1.3546398,1.3469813
25.324986,1.5794356,1.5694218
22.054241,1.1097034,1.130491
29.073172,1.7488275,1.7690902000000002
24.46646,1.6947707,1.7198513
25.040321,1.2958554,1.2918477
21.040161,1.4958211000000001,1.5434823000000002
29.9483,1.3877693,1.3852925
22.982332,1.3581816,1.3693542
28.289476,0.90590775,0.8800351
20.011911,1.0308799,1.1563911
23.330584,1.3315723,1.3690162
20.025177,1.7246623999999997,1.7386180999999998
24.47159,1.6694858,1.6902315999999997
25.270302,1.7841843,1.809835
24.685303,1.2165666,1.209636
25.535772,1.7166747,1.7908492000000003
27.68486,1.8691468,1.883573
24.92312,1.2811068,1.3107545
21.422375,1.9486692,1.909414
24.51007,1.2314017,1.2297735
29.924288,1.2128664,1.2169039
26.833162,1.4120305,1.4303551
29.338024,1.6364651999999997,1.6327661999999998
23.037716,1.9506687,2.0387092
24.762037,1.391437,1.4045143
23.07263,0.96207374,1.2044742
24.68207,1.4938588,1.5079548
20.247793,1.984188,2.0574915
27.524033,1.3154237,1.308778
25.056744,1.5332298,1.5353626999999999
20.069847,1.451223,1.4015203
21.814428,1.5693090999999997,1.5823094999999998
22.963688,1.8288960000000003,1.8590991000000001
23.637127,1.3215973,1.3356323
23.883192,1.7607814,1.7865415
20.351238,1.5792234,1.6092763
29.31207,1.2370422000000003,1.2472508000000002
28.565046,1.9140325,1.9544137000000001
29.792109,1.6840801,1.6987354999999997
21.644066,1.3004562,1.1905138
29.04843,1.4024419,1.4101502999999997
29.204659,1.4883837,1.4910946
29.37768,1.1666976,1.1545944
21.155897,1.7267910000000002,1.6723049000000003
23.381031,1.962352,1.8936918
20.527727,1.5321903000000001,1.5304282000000002
27.97796,1.6454375,1.6700206
28.39905,1.6619039000000002,1.6652792000000003
27.05687,1.4348141,1.4392941
23.151804,1.6444588,1.6532238
21.387627,1.5898457,1.6073272
27.132881,1.5137168,1.525362
29.2197,1.5102781,1.5196195
22.945496,2.0325599,2.0800452
21.237553,1.5698496,1.5749192000000003
28.027073,1.2833499,1.2950158
20.040585,1.5502347,1.5662546
29.197441,1.4445527,1.4481966
27.482666,1.5249283,1.5411878
21.945375,0.9468871000000001,0.9137363000000001
21.71544,1.384303,1.3735325
24.368,1.2246131,1.2375557
20.584812,1.6196524,1.6205118000000003
20.227222,1.4494859,1.4540786999999997
25.959332,1.7341107,1.7529507
23.371132,1.2739327,1.2967083
26.038477,1.2770599,1.2650185
22.623598,1.4884629,1.4901319
26.94267,1.6403420999999998,1.3769149999999997
26.140022,1.6654991,1.6946735000000002
25.647196,1.1489475,1.1661430000000002
25.900494,1.4406322,1.4465418000000003
28.36746,1.2910427,1.2913072
20.078386,1.669335,1.6877601
24.375406,2.061608,2.076407
27.683964,1.6526778,1.6681864
23.701807,1.3940265000000003,1.4085493000000002
22.433308,1.0615226,1.0791478
28.50558,1.6076717,1.6298056
25.571981,1.4116493,1.4281111
29.062511,1.1403404,1.1395657
23.303783,1.0877993,1.0383842
25.18476,1.2258584,1.2376606
28.784027,1.4376587,1.4469628
29.484632,1.2307335,1.2206774
28.659971,1.6490902,1.700227
21.923603,1.1282488,1.1228886
28.096512,1.6725056,1.6869282999999997
21.135345,1.4017779,1.3852785
20.438717,1.4643517,1.4774106
23.938372,1.9883335999999998,2.0068213999999998
26.291515,1.4762614,1.4883647
24.282673,1.6977441,1.7495943999999999
26.809896,1.1052333999999997,1.1225332999999997
26.089588,1.6117117,1.6349063000000001
26.2629,1.1369393,1.1478574
23.039251,1.8455768,1.8745122
27.185703,1.3146899,1.3110595
27.354877,1.4596651,1.4708467
21.596209,1.5136259,1.5172133
28.530485,1.7130396000000003,1.714921
26.597723,1.490458,1.496937
29.114584,1.8859491,1.9191265
22.508997,1.138622,1.199189
20.904736,1.5294182,1.5470672
20.730293,1.5048398,1.1700156
29.636877,1.5146809,1.5229452
25.906939,1.2145363,1.2346292
21.861074,1.8845778000000002,1.9173255000000002
28.251701,1.626194,1.6415257
27.087294,1.7093949,1.7322912
27.849388,1.1869992,1.186194
25.282986,1.261214,1.2610974
28.34116,1.2321547,1.2320662
21.099375,1.3852335,1.4096656
28.16437,1.5606122,1.5867794
28.117434,1.2137443,1.212018
28.755037,1.5302638,1.5558333
21.649113,1.247856,1.266479
24.448738,1.4804167,1.4920502
23.282488,1.3736063,1.3879213
29.225327,1.7843184,1.8120103000000003
29.556467,1.3202146,1.3262734
29.927479,1.9839813000000002,2.0222800000000003
20.665045,1.1564832,1.1339521
29.09052,1.5931035,1.5958780999999997
29.848772,1.4040049,1.4405534
26.743317,1.1930696,1.1873732
28.640545,1.1175116,2.0527363
28.788143,1.3019856,1.2942686
22.732841,1.3441275,1.3559892
20.28096,1.8429472,1.7758048
29.16982,1.3746948,1.3973943999999998
24.623495,1.4155381,1.4245362
22.319366,1.1645286,1.1672437000000002
29.932556,1.7323711,1.7454562
28.523293,1.5320468,1.5383573
20.41622,2.0376842,2.0849524
21.515497,1.7441068,1.7625883
29.08214,1.4388683000000002,1.4449706000000002
29.662817,1.4626907,1.4707076999999997
28.467585,1.6324323,1.6511543000000002
21.295967,1.3741589999999997,1.3957452999999997
21.653036,1.418352,1.4295623
29.884548,1.5286739,1.5461338000000002
21.252602,1.5712594,1.5860782
21.138144,1.4529856,1.4651561
24.192219,1.411994,1.4242244
22.380587,1.9322417,1.9444711
27.315649,1.8525736,1.8889623
24.584888,1.0377597,1.0083059
23.194153,1.8606429,1.870728
23.856352,1.5985960999999997,1.6243362
27.089314,1.8429203,1.8666463000000002
21.024681,1.6972942,1.7390423
27.207582,1.6341586999999997,1.6653322999999998
28.223738,1.4388013,1.4416518
25.305038,1.2650573,1.274337
25.455498,1.1256065,1.1102445
29.757463,1.4830035000000001,1.4972332000000002
22.378761,1.339617,1.4740745999999998
27.896315,1.408934,1.4251583
27.156086,1.6442543999999997,1.6477989999999996
22.758898,1.712527,1.7203085000000002
21.231194,1.3660927,1.3780408
25.235903,1.3058687,1.3345087
28.154325,1.1935608,1.1735289
29.794195,0.9983002000000001,0.9801629000000001
27.625044,1.7556807,1.7905939
29.177969,1.4552071,1.4642789
21.394442,1.3507046,1.3357399
22.006477,1.6574512,1.6696372
20.586027,1.2658057,1.2631569
22.848356,1.3069173,1.3073936
28.49648,1.5960071,1.6090753
24.291521,1.4691979,1.4734843
23.100409,1.4185642,1.4446669
26.832813,1.5636567,1.5584781
23.16574,1.3072761,1.3088503
21.502382,1.90883,1.9180868
20.218443,1.9308676,1.9589634000000002
22.164955,1.7565103,1.7505045
26.712282,1.6908984,1.7083304
29.794897,1.6953168999999997,1.7222052
25.615002,1.7789444,1.8005171000000002
29.149656,1.6713452,1.6837897
28.223064,1.0669512,1.0422046
21.963663,1.2430655,1.2804263
27.85491,2.0372403,2.0617812
26.760645,1.3950719999999999,1.4005541999999997
23.965372,1.9792980999999998,1.9412176999999997
24.64138,1.1385138,1.1394141000000002
21.631823,1.6197349,1.6250596
27.175785,1.9482933,1.9748579999999998
26.970167,1.3395026,1.3411216999999998
28.938454,1.2669309,1.2665989
25.506697,1.2502295,1.2625642
22.586124,1.2401106,1.2261155
26.571838,2.0065446,2.0507257
26.14354,0.9986647,0.96900946
20.008844,1.1486747,1.9861567
26.87392,1.5288256,1.5555682
25.123419,1.2915606,1.2752144
21.318668,0.9826159,1.0016121
25.045424,1.7326145000000002,1.7464092000000002
24.9902,1.5133984,1.5134146
22.349613,1.5287966999999998,1.5371260999999996
28.899376,1.7788142,1.8050952
26.083952,1.4169786,1.4359677
22.67847,1.3872925,1.39361
22.553656,2.0168936,2.0227764
20.781107,1.8573608,1.8730980999999998
27.122904,1.0716914,1.0564308
27.420076,2.0131032,2.0672967
22.273552,1.6826441000000003,1.6661348000000002
28.45857,1.2343254,1.2382042
24.829115,1.372599,1.372833
28.187037,1.2234411,1.224864
25.236683,1.5467595,1.5621262000000002
28.022644,1.5817206,1.575716
26.985674,1.2158805,1.2999713
23.703754,1.2167219,1.246964
20.249271,1.7175056,1.7272650999999999
28.390635,1.634831,1.6456101
23.35823,1.4406543,1.474359
24.426916,1.2721503,1.2671354
25.227581,1.110496,1.1174352
24.884539,1.8356725,1.8835685
26.21535,1.2810196,1.2928987
21.429163,1.1904378,1.2627048
22.657202,1.1983474,1.214474
27.780874,1.7010388000000003,1.7172020000000001
22.140543,1.5492283,1.5609491
22.69055,1.9263797,1.9740848999999998
27.74267,1.3860737,1.3950274
29.817867,1.5721956,1.5901889999999999
22.973589,1.429948,1.4177573
25.780642,1.595297,1.6091868999999999
21.147926,1.568315,1.5792493999999997
29.150883,1.1759104,1.1763782999999999
26.596972,1.1143508,1.0997623
25.980589,1.2268945,1.2288051
25.137913,2.0310898,2.0855424
23.633064,1.0082499,1.0098503
24.28648,1.4382564,1.4361446
29.009338,1.6276437,1.6473384000000002
29.18861,2.085283,2.1597142
21.5098,1.7178833,1.7221501000000001
29.607965,1.7921509,1.8079221000000003
22.239054,1.2849658,1.2718062
23.143831,1.8953218,1.9379611000000003
23.015488,1.5741326,1.5662646
23.892313,1.7856030000000003,1.8513398000000005
23.922653,1.5320522,1.5559671
24.293053,2.062152,2.1279473
27.609812,1.0882074,1.0722594
27.453054,1.3519288,1.367125
27.987833,2.099404,2.1399480000000004
29.389599,1.4733555,1.476162
26.184862,1.7272065,1.7348392000000001
26.194958,1.7849814999999998,1.7940270999999999
29.838444,1.2967119,1.2952816
26.530104,1.2247559,1.2181251
26.762596,1.2781684,1.2615032
23.163374,2.1639354,1.6920023
22.902145,1.4956739,1.4452739
27.024847,2.0700808,2.1204119
23.73558,1.4830085,1.5098409999999998
26.95281,1.4336253,1.4473028
22.127573,1.0183011,1.0509689
23.265907,1.2871307,1.3097315
25.463736,1.1412598,1.1560373
23.166615,1.6602547,1.6758666
29.50632,2.104491,2.16236
20.30794,1.1263603,1.1288853
24.336836,1.4633578,1.4755610999999997
23.262602,1.7772039,1.8385828000000002
25.551159,1.2819911,1.2877641
28.49934,1.4420457,1.4458067
26.647894,1.1674042,1.164242
25.407427,1.6910127,1.7059714999999998
29.165098,2.0157053,2.0392401
27.120245,1.5159189,1.5283899000000003
28.423645,1.7192929,1.7487864
20.346718,1.8161865,1.7156167
21.520365,1.1886327,1.1819077
28.425125,1.3425131,1.3541236000000003
25.365358,1.5243682,1.5454216
22.759045,1.6353201,1.6725194
22.564972,1.8093033,1.8443336
22.905148,1.4390081,1.4819958000000002
26.364323,1.5760838,1.5707436
20.072626,1.8392746,1.8810899
21.00728,1.8483601,1.9096644
28.886581,1.8024552000000003,1.8388638000000002
22.553558,1.9502999999999997,2.0118182
21.008766,1.2709347,1.274792
20.804018,1.6996185,1.7410213999999997
24.131708,1.3399588,1.3943927
25.739601,1.1654352,1.1389647
25.913984,1.6298628000000002,1.6467874
28.069958,1.4203081,1.421237
24.957586,1.1779375,1.1657085
21.704659,1.1394081,1.1135902
24.480278,1.884525,1.9290352
25.586,1.6671893999999998,1.6705717999999998
29.64017,1.1949252,1.1926229
20.483397,1.3213733,1.3116014
29.963863,1.8821589,1.9069687999999998
28.70705,1.2477462,1.2501233
24.705984,1.5760223,1.4169974
21.311611,1.3473052,1.3811834
29.179932,1.4289048,1.4363985
28.49633,1.7964177,1.838758
21.431486,1.1032678,1.068599
23.212908,1.6696103,1.6030135
24.55134,1.488698,1.4887555000000001
23.523232,1.5577632,1.5419059
28.23689,1.4653282,1.4897313
27.399271,1.1787527,1.1641438
26.766907,1.9744289999999998,1.9765307999999995
29.27128,1.2936492,1.3061873999999998
20.680408,1.3380412,1.3112562
27.190933,1.3236414,1.3584847
27.490376,1.6914853,1.7187994
21.127491,1.5395297,1.5442195
21.660238,1.2767954,1.2420244
23.28468,1.3048712,1.294826
24.788647,1.550141,1.6118379
25.145784,1.5839361000000003,1.5791953000000003
27.667702,1.5616819,1.6106280999999998
28.41212,1.2123294999999998,1.2066831999999998
20.85456,1.6565536999999997,1.6715328999999999
23.316286,1.9882216,1.7078874
26.771471,0.938464,0.9444883500000001
22.749483,1.3534884,1.389823
22.829376,1.8080604999999998,1.8512975999999997
21.795536,1.5957385,1.6212502
22.158375,1.7223802,1.7351422
22.773508,1.9373256,1.9737663
27.93781,0.9756812,0.9482566
23.573648,1.5454826,1.5610663999999999
23.278046,1.7196535,1.7427117999999997
28.209946,1.5338381999999997,1.5493440999999997
24.238392,1.7168715,1.7248024999999998
21.562742,1.2542914,1.2808819
24.12747,1.2568674,1.2379515
29.587748,1.4175098,1.4180448
26.624634,1.0294683,0.9816885
22.551573,1.3846992,1.3822825
27.5967,0.9565045,0.9303868
29.626093,1.9540329,1.9936659000000003
21.31611,2.0303562,2.0487278
21.618467,2.0155444,1.0946383
28.174162,1.4701495,1.4848191999999998
29.074598,1.6188664,1.6312425
22.798452,1.9839679,2.013831
27.958302,1.5878732,1.6046464000000003
22.87263,1.7445555,1.7795584
24.055826,1.9216928,1.9968061000000001
21.479103,1.7006541,1.7485011
28.82301,1.7451664,1.7653415
24.565975,1.2593267,1.2881706
25.071035,1.3009118,1.3171964
28.996641,1.3662783,1.4673362000000003
27.159922,1.3330224000000002,1.3316424000000002
29.401354,0.9431649,0.9141827
29.94059,1.4311279,1.4317738999999998
28.613636,1.5602744,1.5842214
24.351099,1.6038772,1.6295778999999997
20.309666,1.6675618999999997,1.6848469
29.39457,1.3305074,1.3515921
25.707441,1.8181314,1.8451893
25.086222,1.4158262,1.4115977
26.373554,1.3801533,1.3785114
23.777077,1.9160199,1.9744173999999999
28.014585,1.2512707,1.2436905
20.255816,1.6225715,1.552258
21.539091,1.4196125,1.4245822
24.43846,1.1728438,1.1538639
21.836561,1.6963605,1.7310770000000002
29.239439,1.8402578,1.8515518
29.249285,1.3623772,1.364295
26.438051,1.5866232,1.5945895
24.697659,1.6928103,1.7347763000000003
24.286613,1.6599574,1.6905642
26.175707,2.126229,2.1511602
26.081516,1.184191,1.1898701
28.773521,1.3948658,1.3986895
25.644403,1.7756107,1.794522
29.933474,1.7096399,1.7181587
24.857737,1.4213413,1.4801822
20.928728,1.6009675,1.6227841000000003
21.503685,1.2314631,1.2498024
23.636713,1.5916853,1.5938675000000002
26.221252,1.5425799,1.5710145999999998
28.428778,1.6559526,1.6735003000000002
23.89091,1.2488203,1.278548
22.182121,2.1663725,1.3949945
23.7682,1.4061413,1.3880005
24.439041,1.1141707,1.1013498
28.875362,1.7961532,1.8166914
21.925356,1.7279258,1.7303071
24.839258,1.4179711000000002,1.4292777000000003
27.349985,1.9423238000000003,1.955806
23.992235,1.2124567999999998,1.2076401999999997
26.355236,0.91867703,0.86784863
26.146294,1.9368515,1.9425886
29.88394,1.7630105,1.8154206000000002
26.489231,1.4152391,1.4246235000000003
23.91612,1.4151165,1.4148922
27.276814,1.2994852,1.3063579
21.092388,1.677805,1.699127
29.239359,1.4548497,1.4488299
20.389902,1.2976327,1.4499731
25.865665,2.0296342,2.0469553
20.963928,1.2589207,1.2469556
28.605185,1.4048635,1.4238527
25.870384,1.4766460000000001,1.4896200000000002
23.81643,1.6640918,1.6776023
27.816032,1.2031744,1.2059684
23.82969,1.4921473,1.5115285
20.651962,1.971982,2.0217538
26.578985,1.8334109,1.8283527
29.198862,1.4836297000000003,1.4968193000000003
21.12461,1.1500461,1.107569
28.036785,1.1231283,1.1322784
27.090979,1.6598606,1.7478471000000002
22.226429,1.6640737,1.7135985
24.590963,1.0417981,1.0607936
24.282646,1.5558666,1.5652246
27.92038,1.9887273,2.043277
22.041681,1.8753258,1.9100458999999999
24.186749,1.2312225,1.2489669
24.952711,1.5354949,1.5513201
22.34268,1.9482692,1.9662197
20.852177,1.2384919,1.2374806
23.290648,1.8035097,1.8362589
28.392612,1.1796229,1.1827059
26.877829,1.4364401999999998,1.4436997999999999
27.273428,2.0457456,2.0956345
23.447943,1.3286678,1.3386664
20.332184,1.7396655000000003,1.7630241000000002
27.30007,1.8555490999999997,1.8893126999999998
28.763062,1.3287165,1.3352582
25.928947,1.5078482999999998,1.5229794999999997
23.417189,1.2550334,1.2657175
24.592918,1.746227,1.7943118
20.459976,1.1522338,1.2187736
25.689495,1.2071906,1.2037065
28.93127,1.4823078,1.4937827999999997
28.452374,1.5446336,1.5679356999999998
23.398325,1.027469,1.5539422000000003
20.314322,1.4219644000000002,1.4074426000000002
28.240343,1.6497753,1.6688890000000003
28.73129,1.3219402,1.3201985
27.171333,1.5173918,1.5004659
22.531454,1.5308932,1.5389552000000002
22.071863,1.5678084000000003,1.4615219000000002
23.724798,1.4886595,1.4940948000000003
28.280148,1.9928358,2.026249
21.392115,1.9915653,2.0324013
20.646578,1.5850573,1.5849326
20.685368,1.6061925,1.6117046
29.595062,1.7969195,1.8193879
23.657053,1.6875478,1.7072554
27.716848,1.6038477,1.6259396
21.836721,1.0034412,0.99044585
29.935051,1.3895165,1.4010777000000003
20.630293,1.682585,1.6519163
26.37163,1.8204638,1.8423502
21.250338,1.7781757,1.8314438
26.031567,1.6430703,1.6714628
27.548298,1.3413671,1.3407879
27.541712,1.3763515,1.3857555
22.662125,1.852327,1.9041610000000002
25.28693,1.1209116,1.099528
22.694752,1.6263646,1.6426566
23.513264,1.5960153,1.6330543
29.027575,1.6780505,1.7085564000000002
25.17629,1.3151829,1.3177023
22.728148,1.441868,1.4549904000000002
25.216234,1.1436943,1.1188612
29.159796,1.3337216,1.3419862
21.307583,1.7549502,1.7338288
23.461512,1.7509617,1.7739650999999999
23.509148,1.5185900000000003,1.5447397000000003
26.202154,1.3448057,1.3367417
29.943802,1.7425131,1.7510099999999997
20.30374,1.3218585,1.3269634
20.238083,1.0345682,1.021086
25.171345,1.306339,1.2938516
29.532204,1.3108186,1.3096809
25.740145,1.532378,1.560893
21.115955,1.5141128,1.5067997
27.064425,1.8294829999999997,1.8741431
21.392437,1.5953676000000003,1.6220005000000002
25.261122,2.0871484,2.107739
20.288025,1.287316,1.2780035
25.971373,1.3261724999999998,1.3152389999999998
21.586468,1.4075028,1.4347038
28.502949,1.3233607,1.3275585
21.73097,1.4524528999999997,1.4662668999999997
20.54302,1.572977,1.5819423
20.86879,1.792896,1.159311
26.902523,1.6175184,1.6368234
23.808855,1.6026965,1.6197252
26.63407,1.0323125,1.0241187
21.797176,1.4729232,1.4992495
29.725763,1.1640984,1.1736281
26.396772,0.9583569,0.9849649
22.834394,1.6229552,1.6340928
29.677496,1.9591535,1.9739946999999998
23.98407,1.4112781,1.413146
28.46798,1.2709534000000002,1.2594914000000001
25.967825,1.5431268,1.5380485
26.825657,1.3631659,1.3568442
20.51259,1.6244652,1.6463094
21.12971,1.0697329,1.0548749
20.849855,1.8666852,1.8467247
26.520472,1.1646864,1.1570339
23.895554,1.4100367,1.4490848
22.121605,1.4899473,1.544405
22.121489,1.4145716,1.4224632
21.868298,1.4549512,1.4706578
23.808931,1.296657,1.2843566
25.862946,1.5704541,1.5702829
29.557367,1.6015117,1.6125015999999999
23.295103,1.7415957,1.7677571999999997
21.197937,1.8143611,1.8556894999999998
27.148962,1.173855,1.1730642
28.412615,1.0951476,1.051958
25.798254,1.6655626,1.6812970999999999
22.927364,0.97739327,0.9423289
28.629055,1.0713092,1.0951223
24.99727,1.9845350999999998,2.0515707
25.044628,0.9039352499999999,0.9814175999999999
26.251616,1.7660141,1.7900573999999998
22.751774,1.9229461,1.5403986
29.714003,1.1407146,1.1377571
20.743322,1.2920115,1.3049072999999998
22.168755,1.17948,1.2106191999999998
20.970955,1.163721,1.1565263
24.042898,1.0850521,1.0684881
22.92298,1.3069264,1.3346698
22.37068,1.4789171,1.5002697
24.75535,1.2361184,1.2323942
26.504755,1.5379982000000003,1.5503051000000005
28.758514,1.5298241,1.5469425
29.36748,1.3815233000000002,1.3696234000000003
22.303543,1.5777444,1.6032343000000002
23.89684,1.3076478,1.3153307
27.62743,1.3965087999999999,1.3993281999999998
28.73498,1.9131782,1.9163299000000003
28.630743,1.4253964,1.435102
26.764069,1.800804,1.8342228
29.295858,1.4216201,1.4280114
29.018353,0.9964244399999999,0.9728198599999999
26.600977,1.7451502000000003,1.8064604000000002
23.189806,1.244168,1.2408707
23.541468,1.5008175,1.4930801
25.222025,1.8250197,1.9467344
23.984243,1.1266543,1.1013645
27.78281,2.0010707,1.8921547
24.27283,2.0100834,1.464601
25.85156,1.5165222,1.5393211999999998
28.726168,1.5496423,1.5591612
29.541151,1.5467331,1.5523462
20.660942,1.7054754,1.7339542000000001
23.333286,1.4249338,1.4410801
21.005054,1.0716814,1.0668292
28.724216,2.0064383,2.0265303
20.326696,1.1993419,1.2147548
27.973307,1.4666864,1.4810832000000003
27.449032,1.0010935,0.9637464
28.693907,1.1903633,1.1814947
21.237902,1.3558189,1.3787038000000003
27.0511,1.277905,1.3271213
28.849669,1.285096,1.2876773
20.554575,1.3633608,1.3711717
25.706161,1.6155146000000002,1.6088536000000002
28.119265,1.7483181,1.7706709
21.106728,1.4843886,1.5283177
25.97848,2.0287192,2.0680566
29.536907,1.3074672,1.3168054
20.303911,1.3960716,1.3943832
20.860006,1.9903808999999997,2.0138292
28.151049,1.2239163,1.2147715
25.807932,1.3983625,1.382971
22.616161,1.2318492,1.2143426
29.482428,1.7371708,1.7567560999999998
26.163607,1.1982601,1.1947625
25.539738,1.6494002,1.6678867
27.872353,1.6612493,1.6884596
27.36119,1.8259279000000002,1.8509312000000002
26.442017,1.516042,1.5316590999999997
26.566126,1.1901376,1.1768098
28.457619,1.307447,1.3259122
23.167253,1.2638731,1.2437103
24.411634,1.495521,1.5112984000000003
27.288595,1.4403342,1.450674
29.985624,1.4687568,1.4673631
29.694933,1.3520718,1.3556068
27.338755,1.4780612000000002,1.4904232000000004
27.977537,1.538253,1.5547721
24.92692,1.3853574000000002,1.3911798
27.57611,1.038793,1.0228369
27.625591,1.1690634,1.1621826
29.940023,1.2788935,1.2872365
27.410805,2.026901,2.0876422
25.666698,1.2291396,1.2385721
21.466267,1.0201062,0.9930165
24.23914,1.6259785,1.6489901999999999
21.132938,1.8500229,1.8979764
25.340988,1.9276289,2.0178683
27.045288,1.4690546000000002,1.4810069000000001
29.186125,1.7426094000000003,1.7754009
27.693668,1.8656583,1.8801680000000003
20.358822,1.5785306000000001,1.5716975000000002
29.606129,1.8887748,1.9152297999999999
27.089722,1.2161627999999998,1.2174201
23.265827,1.3722343,1.3626058
29.552027,1.6309291,1.6528734999999999
27.480299,1.4185584,1.4090152
22.044073,1.7869936,1.8162389
27.415592,1.5075777,1.5134195999999998
25.913214,1.3679608,1.3629687
20.496292,1.2636075,1.3169665
28.788212,1.4306592,1.4322417
20.450846,1.7756869,1.7921581
28.002737,1.2207915,1.2057984
22.883232,1.6300728,1.5827761
27.590616,1.2135618,1.2058437
20.963333,1.3988854,1.5817099
28.663765,1.0956953,1.0966325
27.806246,1.3949163,1.4066052
25.827204,1.767976,1.7861519
24.908323,1.6551244,1.6341434
29.921707,1.7686595,1.7933643
24.485653,1.4469613,1.450592
29.564545,1.3427309,1.3418016
26.418318,1.5831002,1.5962989
21.087793,1.9382849,1.9658816000000001
23.895035,1.9108918,1.9027317
23.438734,1.5400741,1.5461347
22.076168,1.5475926,1.6061063
25.481056,1.2565259,1.24523
26.841269,1.1077257,1.1019659
28.426157,1.6362114,1.6533438999999999
24.856644,1.1526295,1.147726
26.090351,1.1120856,1.1054854
22.40536,1.1732525,1.1749237
22.895588,1.9339020000000002,1.9714425000000002
28.717258,1.2342479,1.2631192
29.409014,1.67933,1.6972563000000003
24.101282,1.2679517,1.2753028999999998
21.895119,1.5719863,1.5889225
24.191923,1.9826384,2.0078855
25.60204,1.071979,1.0399747
25.293545,1.5238639,1.5327785
22.825247,1.652841,1.7563689
27.21978,2.0797944,2.1232185
23.150627,1.8486473999999997,1.8690628999999999
20.752321,1.4341483,1.3952339
27.217043,1.7227564,1.7483482
27.951769,2.054843,2.0724053
29.427515,1.017188,0.9755138
20.173136,1.4912233,1.4760625
22.712564,1.7608753,1.7769765999999998
26.35694,1.4294978,1.4260712
23.151358,1.3273858,1.2563882
25.808332,1.4254689,1.420805
23.037752,1.6064146,1.6134644
23.248966,1.4046359,1.4158819
25.066748,1.2599111,1.2812147000000003
25.925606,1.5537713,1.5627975
25.037506,1.4310137,1.4211266
26.280554,1.6072003,1.6105528
29.589024,1.569087,1.5747942999999998
27.761274,1.1598097,1.1505871
28.89529,1.8723687000000002,1.9446695000000003
26.608482,1.3271323,1.3446801
28.511929,1.2779405,1.2867922999999997
23.594816,1.7164484,1.7464216
28.36056,1.7575186,1.7633345000000002
28.281511,1.922678,1.9772220000000003
26.27392,1.5850945,1.6063137
29.58233,1.0540203,1.0103664
23.031412,1.4315282,1.4453963999999997
23.158741,1.1829906,1.1887543
29.760075,0.9882049,0.9432361
24.38024,1.4172808999999997,1.4303309999999998
25.233353,1.4395407,1.430712
28.095884,1.8075738,1.8574764999999998
29.39812,1.3087046,1.3012471
29.179245,1.6441531,1.6962756999999997
28.063885,1.7249829999999997,1.7439844999999998
24.667807,1.3610505,1.3693519
28.845587,1.2955742,1.3079495
26.802526,1.8636935000000001,1.8840537000000004
20.231022,1.3741919,1.3948209
22.528942,1.6256182,1.6660714
25.502861,1.6291193,1.6259546
22.527695,1.2202764,1.205653
25.440311,1.1646043,1.1424663
22.878271,1.3621066,1.366195
29.07688,1.3261492,1.3335402
22.507404,1.7153084,1.7651968000000002
22.517172,1.5529784000000002,1.5786092000000003
22.817408,1.6321211,1.6647396000000003
24.392801,1.2869643,1.3000512000000002
26.307154,1.5773622,1.5899341
22.073042,2.0019424,2.0088677
29.27189,1.6989622,1.7198973000000002
20.745756,1.3338125,1.4767337
25.670513,1.4016833,1.3941271
24.663242,1.2378365,1.2609959
28.198559,1.2475595,1.2461731
29.031277,1.2262402,1.2360423
29.201738,1.415148,1.4202645000000003
22.323475,1.7485799,1.8156167999999997
28.160084,1.3365247,1.3272276
21.95837,1.4225912,1.4471576000000002
22.660446,1.7941079,1.5234082
22.785915,1.5507175,1.5522809
25.463387,0.9259936,1.2071621
22.708364,1.9125915,1.927275
21.474062,1.4854293,1.5216881999999998
20.044827,1.524439,1.5582762000000001
27.743855,1.5033443,1.5055366
24.021624,1.5743869999999998,1.5819923999999999
29.95016,1.4981714,1.5077372000000002
25.72871,1.3592196,1.3560319
26.95571,1.3898169,1.395
22.375841,1.0518646,1.7275171
26.716946,1.4637456000000002,1.4668682000000004
25.36077,1.2699987,1.2653792
21.977583,1.766198,1.7786130999999998
21.29326,1.4425583,1.444279
29.736368,1.5373788,1.5592942
27.736416,1.7012542,1.7300425
27.723866,1.6556938,1.6935302999999997
27.847116,1.7358431,1.7645125
29.582428,1.3704438,1.3844228
27.10461,1.1499778,1.1457102
26.415388,1.1336596,1.1426584999999998
28.535362,1.623597,1.6450155
20.21082,1.3578949,1.2053373
26.498291,1.9999839000000001,2.0491762
29.665325,1.9449797,1.9592495
29.959475,1.2899897,1.2981484
26.055574,1.2216108999999997,1.2410404999999998
28.333885,1.254183,1.2718909
29.458889,1.2378833,1.259069
27.361742,1.8066561,1.8246374000000003
25.01786,1.4972756000000003,1.4972999000000005
26.457714,1.4428499,1.4415011
21.080442,1.7013459,1.7112510000000003
22.002748,2.0245764,2.0404010000000006
24.744179,1.3124233,1.3036177
21.967846,1.4741075,1.5099680000000002
21.27299,1.2938950000000002,1.3040161000000001
26.31239,1.7403397999999999,1.7709829999999995
29.193926,1.4926609,1.4966177999999999
22.917105,1.8217067,1.9216536999999998
27.692623,1.0285608,1.0016754
21.710333,1.6553707000000002,1.6824327000000001
22.306107,1.6559093,1.6957656999999997
20.63446,0.9695702,1.2452457
27.25352,1.3818907,1.3874090000000001
27.138361,1.6837018,1.7049198
20.218832,1.3475988,1.3890116000000001
26.822197,1.4429982,1.4506712
27.551828,1.2757062,1.2775726
24.382954,1.5994383,1.590205
21.03816,1.7522534999999997,1.7746999
22.103733,1.5102268,1.5235016
20.128683,1.6284617,1.6459369999999998
28.843754,1.7281775,1.761487
27.693762,1.8170133999999998,1.8318938999999999
23.039692,1.3685938000000002,1.3618007000000003
23.064941,1.780369,1.7996905
29.901974,1.5518711,1.5738959
26.135431,2.067257,2.1204975
25.418056,1.0219482,1.0383818
23.703403,1.2961204,1.319447
25.566158,1.0191965,1.8836857999999999
23.120283,1.2525380999999998,1.2733797999999998
23.774649,1.359585,1.4144735
28.639639,1.7863469,1.7983935
21.249424,1.8687265,1.9286375000000002
25.995914,2.0585089,2.1083903
22.484465,1.2190204,1.2142463
23.707571,1.0090532,0.9614158
21.329039,1.0322248,0.8976152
20.008965,1.2430185,1.2501085
29.538788,1.2144731,1.2278557
25.977175,1.9012482,1.9216805
29.015177,1.0977379,1.0887513
25.57193,1.5658203,1.6117947
24.948597,1.603399,1.6009204
29.860544,1.6532873,1.6759081
24.095072,1.5416706,1.5533195
20.043415,1.6586771,1.6967582999999997
29.814625,1.526146,1.5390437
27.88379,1.420421,1.428736
21.493685,1.9032523999999997,1.9647395999999997
28.964281,1.865835,1.8852115
29.182924,1.8021438000000003,1.8096604000000003
26.30561,1.7135577,1.7363169000000003
20.95145,1.8810216,1.9276096999999999
23.709547,1.2175108,1.2335386
22.259838,1.7138687000000001,1.7160373
22.551418,1.6063704000000003,1.6202106000000003
25.081842,1.9139118,2.0094385
22.650902,1.435945,1.4405369999999997
29.847425,1.6395067999999997,1.6601492999999998
23.926956,2.0570438,2.0932565
26.745308,1.9109286999999997,1.9429359999999998
22.80511,1.4414295000000001,1.4547303000000003
25.02666,1.4973341,1.5149793999999999
26.387922,1.52961,1.5274386
21.81324,1.6124591,1.6506562
21.707561,1.4115037,1.4189901
23.684679,0.9912591599999999,0.9354070399999999
29.02329,1.6281967,1.6335692000000002
22.418077,1.6753534,1.7634361
22.906502,1.1059662,1.0977463
25.002684,1.6178696,1.6487615
27.932978,1.5098548,1.5254083000000003
24.115005,1.9025596000000002,1.9359949000000003
20.250908,1.9097393,2.0005157
21.974083,2.000965,2.0191467
27.928764,1.2680609,1.2664609
28.211767,1.5165122,1.5341053
22.118025,1.382073,1.410141
27.336819,1.8398722,1.8540497
22.93028,0.973046,0.8742424
25.53747,1.3255382999999998,1.3315090999999994
24.319798,1.7726114000000002,1.807581
29.903414,1.1143274,1.0985432
24.01033,1.7456523,1.7735808000000002
28.031654,1.6632159,1.6766717000000002
22.119776,1.8735452,1.9634085
21.685265,1.3088208,1.3154068
21.162643,1.2780498,1.3737981
28.492853,1.4621994,1.4759879
29.986841,1.7125908,1.7258964000000003
25.898144,1.4948854,1.4975958
25.329641,1.0357561,1.0374691
22.146645,1.1087313,1.1637945
21.942623,1.2827733,1.2892742
25.678885,1.2428161,1.2264714
22.079699,1.5129598,1.5418937000000001
28.935823,1.3495994,1.3467138
21.018244,1.6409011,1.6600626
23.556591,1.4880629,1.5082142
22.231077,1.6585125,1.674788
27.233665,1.783385,1.7934103
20.630527,1.238606,1.2285981
23.935081,1.4873085,1.5209
22.454025,1.2167808,1.2364373
26.311386,1.6191355000000003,1.6463737000000005
28.749756,1.3090453,1.324527
24.022848,1.8207910000000003,1.9156082000000003
26.411486,1.13689,1.1374531
26.300024,1.7167924999999997,1.7337658
21.736923,2.0290093,2.0823815
21.298056,1.3055445,1.296459
25.304798,2.0870152,2.153703
22.190336,1.3853518000000002,1.4099832000000003
22.906084,2.0445452,2.069611
23.678654,1.4343728,1.4514403
26.424154,1.245498,1.2499905
27.591824,1.3465275,1.334971
23.149086,0.9589326,0.91581935
25.811121,1.794125,1.8321744999999998
28.76116,1.2997977,1.3153765
23.397137,1.5257977,1.5204482
24.21149,1.5997657000000003,1.6044657
23.389156,1.6149005,1.6542818999999997
22.203947,1.3535519,1.3557497999999997
25.516064,1.5786519000000003,1.5952728000000003
29.178762,1.3750647,1.3851661999999998
28.7436,1.8595586,1.8832393
25.66329,1.4395648,1.4534842999999997
29.93122,2.068874,2.1015909
27.058167,1.6118411,1.6121373
28.368008,1.7982929,1.8228672
25.19322,1.6067348,1.6253564
26.894829,1.7300552000000002,1.7152967000000001
29.39868,1.3070675,1.2994385
27.402647,1.6238022,1.6547
23.771748,1.5201236,1.543927
23.634079,1.3133421,1.3143079
24.019342,1.4318185,1.4324803
20.641392,0.9359163,0.96214676
26.939547,1.9940248,2.005606
26.99551,1.358212,1.3639088
27.075933,1.2621485,1.2590148
26.305939,1.391169,1.4043517
23.098795,2.001178,2.005751
23.47978,1.0976992,1.1139443
21.91443,1.1145813,1.0957823
28.190939,1.6191549,1.6415334
23.478317,1.5788962,1.6550596000000002
21.099508,1.5574639,1.5688100000000003
22.78473,1.5532489,1.5620562999999998
20.310755,1.1746477,1.1557472
21.71692,1.3618228,1.3540888
24.43185,1.1815845,1.2002697
27.478714,1.7435987,1.7626300000000001
22.06581,1.4453552,1.4616919
23.743864,1.9729495,1.9993691
20.337618,1.81874,1.8153045
26.530088,1.810131,1.8266764000000002
27.726742,1.4638604,1.4737178999999998
20.438953,1.2858919,1.3032963
22.874708,1.1349748,1.1123853
20.99933,1.7393985,1.7603757
24.999317,2.0578935,2.0829747
20.4037,1.8708802,1.972259
24.570225,1.3012788,1.3180232
22.909681,1.304653,1.3037293
22.193773,1.2932866,1.29777
23.417755,1.1188036,1.0929132
23.749983,1.5583487,1.6119187000000001
27.751732,2.0450945,2.0673
26.235384,1.5938755,1.6045854000000002
29.861849,1.0242696,0.99747604
20.484749,1.5792736,1.6198695
20.461018,1.4085761,1.412884
22.591175,1.4624544,1.4680014
25.992191,0.9894285,0.9963944999999998
23.344097,1.3634686,1.3667013999999997
29.018103,0.99645936,0.9968067000000002
23.091312,1.6048703,1.6103449
25.907427,1.3819269,1.3997481
23.444931,1.18689,1.1804185
23.569761,1.3845793,1.3772414
25.382874,1.8380616,1.8672547
26.05546,2.1192698,1.2997532000000003
21.184938,1.273861,1.2628334
28.39169,1.5935904,1.6182528
22.081005,1.1057379,1.1165063000000002
22.742521,1.2799789,1.2819376
24.345108,1.7058831,1.7114577000000002
22.948587,1.2402976,1.2466714
26.074438,1.8302581,1.8596079
24.672253,1.5675166999999999,1.5666851999999998
22.99213,1.5232525,1.5282633
29.528751,1.6638408,1.6683335
26.57168,1.6311077,1.6395397
25.251879,1.7128112,1.7332950000000003
23.654701,1.4347684,1.4355044
21.89323,1.5640568,1.5914421000000003
28.804579,2.0276136,2.072516
29.916918,1.1729205,1.172286
27.08807,1.7671757,1.7886777000000003
27.025055,1.3332388,1.341857
20.040363,1.5588329,1.6061401
26.106007,1.2136251,1.2001369
26.767185,1.6118307,1.6199100000000002
23.581707,1.3818556,1.3856018
25.800165,1.1028707,1.1026447
28.49058,1.4312713,1.4292717
28.347355,1.4273021000000001,1.4329529000000003
27.202824,1.1239386,1.1105373
29.981226,1.532844,1.531733
21.618814,1.460628,1.4753938
24.468046,1.5593117,1.5718427
25.060467,1.7744967,1.7992692
26.728127,1.4133799,1.4164727000000001
22.670073,1.8204559,1.857913
23.690622,1.3436857,1.3642831
26.810928,1.7301744,1.7544695999999997
20.764688,1.2426573,1.2731061
29.15241,1.4316800999999997,1.4344810999999997
20.916803,1.724618,1.4796331
27.331352,1.964957,1.9810166
28.101192,1.2025203,1.1933298
21.894636,1.3738097,1.3891087000000002
21.570015,1.3554038,1.3670213000000002
23.89075,1.6677824999999997,1.6951090999999998
27.007668,1.4701488,1.45984
28.432974,1.2465488,1.2426057
27.564064,0.93952143,0.91440976
20.210062,1.0727503,1.0793653
25.304607,1.5225148,1.5536151
27.500004,1.7491604,1.7855659
26.415304,1.7135478,1.742456
23.930084,1.7060442,1.7194089999999997
28.67995,1.9477799999999998,1.9717655
21.39951,1.4497613,1.4852557
21.091953,2.0798697,2.0354419
29.76648,1.9621156,1.9907849
25.589682,1.3721318,1.3699312
20.458813,1.7539686,1.7940078
26.778822,1.2905301,1.2810435
21.535915,1.2126793,1.2047815
21.723404,1.6562525999999997,1.6821763999999997
26.003521,1.0582963,1.0429523
24.281912,1.8155606000000002,1.7009823000000002
20.779293,1.9221107,1.9219847
29.084745,1.3735051,1.3918223
25.381725,1.9258066,1.9707568
25.078465,2.05342,2.0968757
26.82734,1.6157683,1.6515651000000002
20.976261,1.5697415000000001,1.5666723000000002
25.19686,1.2637885,1.243633
23.848917,1.2331562,1.2217057
26.118578,1.3520329,1.3817587
22.462275,1.3792135,1.3894595999999997
23.342257,1.3299699,1.3159692
24.229675,1.5713594,1.5958811999999998
23.76649,2.009803,2.0604682
27.63373,1.3412606,1.3473798999999997
26.842064,1.7379833,1.7680373000000003
26.073612,1.4903715,1.5130899
22.197823,1.5323594,1.5411646
20.633541,1.7508943,1.5043142
29.905144,1.2151049,1.2063339
20.754389,1.1066686,1.1710987
29.884104,1.4762077,1.4833883999999997
23.467333,1.3785571,1.4092393
23.363045,1.5740055,1.6034558
21.150927,1.0809133,1.1104472
20.4559,1.6779022,1.7017798
20.419064,1.018442,1.0593772
23.662504,1.8717574,1.9151082000000001
20.204235,1.9280351000000002,1.9491053000000003
28.097271,1.7811521,1.8059921
21.04987,1.4296441,1.4405973
26.479809,1.6142553,1.6354415
24.558544,1.3946309,1.3861449
20.086483,1.3263854,1.2803707
29.464418,1.7263795,1.7342317
20.972004,2.1121302,2.166186
21.776392,0.9503055,0.90438807
23.344782,1.5007364,1.5394092000000001
27.95056,1.1008028,1.104924
26.57511,1.9900314,2.0338418
20.453196,1.8437135,1.8894193
26.93211,1.3639884,1.3709614
29.98182,1.3140166,1.3131247
28.260397,0.9670607000000001,0.9444640000000001
26.200052,1.4482807,1.4352438
26.088757,1.5496,1.5542386
28.85961,1.2216363,1.2267163
28.190105,1.1179522,1.1166608
23.022427,1.1467519,1.1155798
23.26051,1.8847696,1.8726108
26.255892,1.9460219,1.7109661
25.345528,1.3031495,1.3133657
27.857218,1.9829948,2.018285
28.67533,1.1730427,1.1691744
27.973642,1.0393262,1.0447688
25.933142,1.561056,1.5971317
21.446753,1.55773,1.593415
27.582348,1.2920524,1.2903731
28.634312,1.3465372,1.3289757
20.047903,1.807061,1.8174043000000002
29.5427,1.5410606,1.5494092000000002
20.92702,1.1211067,1.065902
26.16154,1.9164122,1.9507867999999997
25.285265,1.9413728,1.973638
22.5064,1.2740387000000002,1.2624250000000001
25.569277,2.0461495,2.0742998
29.29052,1.5538268,1.5627165000000003
23.130857,1.6811787,1.6962492000000002
23.230955,1.2160962,1.2159839
20.945627,1.8102539,1.8219572999999998
26.682003,1.1499859,1.1275017
28.670208,1.2135324,1.2104225
21.651915,1.5131272,1.5248511
25.946917,2.0060093,2.0221574
27.562925,1.9527534,1.9745521999999998
22.095982,1.5641799,1.5781069
28.648071,1.3182919,1.3044381
24.183748,1.658847,1.6512048
25.19427,1.6404766,1.6532176
28.31523,1.3192275,1.323396
21.897892,1.1953826,1.1792254
25.725718,1.3013994,1.3023779
23.87457,1.5236863,1.5212152
24.395294,1.3102909,1.31778
25.013552,1.4288939,1.4467854
29.752169,1.0851983,1.0703099
22.367653,1.2894506,1.2882915
28.72201,1.3708432,1.3806536000000003
29.12161,1.4789947,1.4988511
22.474373,1.4629410000000003,1.4873805000000002
27.722773,1.2574472,1.2598543000000002
28.881752,1.507153,1.5002773
20.50881,1.0001842,0.9994863
20.610819,1.3467774,1.346365
24.317709,1.0834452,1.042218
23.103014,1.3382155,1.3281734
29.737366,1.2254692,1.2101018
26.828604,1.8695039,1.8984153
22.222162,1.6026876,1.6137037
20.067516,1.382554,1.3948689
27.327377,1.2869571,1.294229
27.973705,1.4977353,1.4892931
25.90324,1.7669533,1.7947675999999997
28.350548,1.8240742999999997,1.8450519999999995
22.971142,1.5156212,1.5047917
24.630653,1.5878446,1.5985565000000002
21.950867,1.2263365,1.2251849
23.74118,1.4502186,1.4598587000000003
21.21523,1.7295913,1.7464554000000003
22.499147,1.679122,1.6966965
26.38263,1.9247085,1.9440386000000003
21.441458,1.7846726,1.8061743
28.25537,1.4652265,1.4819679
27.89749,1.3164209,1.3158517
20.574316,1.1398284,1.1924853
22.07769,1.3168688,1.3356042
25.650318,1.449471,1.4749693999999998
26.444754,1.1215498,1.122344
20.054619,2.0144875,2.0410855
23.132048,1.2767991,1.3040361
28.13645,1.7954645,1.8152207999999999
28.962767,1.311925,1.3128779
26.94938,1.6924709,1.7220402
28.354279,1.2151711,1.2103956
23.60818,1.5976362,1.6274415999999998
28.697058,1.4052453999999999,1.4526422
21.49773,1.0805128,1.0682185
29.0654,1.1118524,1.0981874
28.67044,1.3426358,1.3500667
29.121704,1.7732952,1.7943206000000003
26.559523,1.9409913,1.9597694999999997
25.578386,1.2192646,1.2130151
21.275526,2.0281053,2.0487704
23.444025,1.4200325,1.4078338
24.953598,1.291522,1.2977365999999997
27.175896,1.0944737,1.0898135
24.889286,1.4639885,1.4973929
24.01649,1.2992905,1.3100965
22.216349,1.1332988,1.1197164
20.30585,1.6536996,1.6759353
25.024797,1.608693,1.6157986999999998
21.562296,1.6085161,1.6256571
26.250889,1.5932999,1.6078607999999999
25.904558,1.5580401,1.5629387
27.882029,1.3739809,1.3801899000000002
25.130432,1.4584732,1.462703
21.120941,1.2834891,1.2965157000000003
26.905392,1.7361017000000003,1.7686942000000003
24.087317,1.1980889,1.2063704
25.70594,1.1556315,1.2026224
29.062408,1.3322464,1.3386555000000002
22.385942,1.3470528,1.3051233
28.843742,1.6886295,1.7206079999999997
26.792334,1.5379403,1.5316181
22.750914,1.4040505,1.4305121999999997
28.404003,1.6775432,1.6621609
27.777473,1.6892214999999997,1.7179126999999998
24.411575,1.237183,1.2860243
20.86695,2.0193224,2.1094553
28.662868,2.0907779,2.1265619
24.703001,1.456932,1.4870071
22.250591,1.662914,1.6803718
23.188597,1.3315226,1.3398931
29.515768,1.1457189,1.1470518
28.214535,1.5284632,1.5401442000000003
24.472324,1.320212,1.275358
28.721838,1.8581268,1.8846576000000002
26.531958,1.6555195,1.6660769
27.682604,1.3614767,1.3614917
20.211706,1.5662087,1.5604017
23.916466,0.9502966,0.9126323
24.304205,2.0421524,1.5046821
26.889479,1.4451003,1.4353378
29.972534,1.3989472,1.398613
24.737394,1.8179216,1.8386996
29.114256,1.7416382,1.7596014
20.146963,1.2290443,1.213692
23.814224,1.9576958,1.9560175
24.16578,1.7515928,1.7263021
20.502876,1.2514424,1.450175
29.878746,1.5873103000000002,1.5945897000000004
25.177979,1.5990229,1.6309581
21.680529,1.4877745,1.4840276
23.988466,2.0185905,2.057993
29.318642,1.6051491,1.6287825000000002
20.332525,1.735971,1.7242873
21.26303,1.2302752,1.2686121
25.523119,1.432216,1.4381062999999998
21.210705,1.4278623,1.3693686
24.429718,1.4884611,1.4929294999999998
25.991447,1.315729,1.328059
27.2438,1.672611,1.6960769000000002
24.385012,1.6267711,1.6128564
23.870617,1.4563441,1.4743254000000001
25.559631,1.3291656,1.3036087
27.375696,1.0188969,0.98337954
27.26,1.3166859,1.3190436
29.486107,1.1779426,1.174448
26.045843,1.5469917,1.5755824999999999
20.3399,1.6096628,1.5949702
24.57019,1.2786711,1.3701386
20.369858,1.3660122,1.373941
25.748798,1.7323629,1.7779318999999998
27.702246,1.0609082,0.997188
21.32421,1.4637464,1.4682074
21.522627,1.2184684,1.2035012
25.741352,1.4918053,1.5034301
26.036457,1.4536318,1.4672408
21.124311,1.8648887999999997,1.7981395999999998
25.26445,2.1387515,2.1500778
28.505764,1.5266167,1.5436039
22.852629,1.7182988,1.7336894999999999
26.090052,1.3890375,1.3767374
25.15028,1.532171,1.5528367000000003
22.768509,1.6850234,1.6977124000000001
20.337343,1.7550718,1.7710170999999997
25.592394,1.6796155,1.696737
23.0669,1.3575249,1.3899226
25.438385,1.0037363,0.9926071
23.039623,2.1139655,2.1124926
22.57631,1.4059765,1.4451314999999998
22.004627,1.3212351,1.3188238
29.777414,1.4877361,1.4985507
24.58376,1.4212967,1.4231632
28.538847,1.6188618,1.6186473
27.946293,1.2617899,1.2603896
20.672327,1.3769543999999998,1.3627795999999999
22.805569,1.8249319,1.8479517
24.27414,1.3716371,1.3827732
28.603075,2.1405218,2.1725614
25.102064,0.9848687,0.9325257
28.423014,1.7984173,1.8491995
25.736208,2.017124,2.058336
21.007914,1.3347014,1.3354352
29.02493,1.470719,1.4860656000000003
22.177189,1.2189524,1.2181036
25.220715,1.8857954000000001,1.9250689000000003
21.210972,1.7897847,1.8075113
21.441319,1.9536582,1.8522973
21.352806,1.3962787,1.3304601
20.764631,1.5715243,1.6290383
28.274527,1.2785319,1.2794104
21.34108,1.3679184,1.4092939000000002
20.515512,1.2575636,1.2853891999999998
28.558874,1.2488406,1.2397385
20.623404,1.376456,1.3925986
26.231966,1.6827379999999998,1.7148322999999999
24.872103,1.2502223,1.2503111
24.53432,0.9321719399999999,0.99244446
20.810732,2.1119645,2.121699
25.097496,1.8098973,1.8467211999999997
21.648981,1.348222,1.3324311
20.530985,1.2156141,1.2291994
27.91849,1.7749863,1.7665939
26.3729,1.679698,1.6854529
25.442574,2.013025,2.0445755
24.361933,1.2407916,1.2534443999999998
29.121117,1.2842187,1.2810345
27.430794,1.3074379,1.3227059999999997
21.373276,1.6143557,1.6430349
28.597227,1.0440265,1.0071701
21.962563,1.6014428999999997,1.6195513999999998
24.254446,1.2891409,1.2975359
27.708801,1.8248588,1.8622619999999999
22.673191,1.6506921,1.6187782
20.828281,1.480232,1.4778233
27.282839,0.9139078,0.86978406
21.933825,1.6249503,1.6475537000000002
27.273706,1.4273114,1.4514449
22.297556,1.6287224,1.6168242
29.787258,1.204322,1.194073
29.52111,1.8514651,1.894584
25.503834,1.7136662,1.7305348000000003
25.13356,0.9824997,1.0551007
23.949053,1.5064068,1.513495
21.975466,1.3848381000000003,1.2901192000000001
28.995644,1.4479433,1.4593787
29.227678,1.3906178,1.3920995999999999
27.851358,1.2529114,1.2441244
28.128044,1.7320592,1.7455299000000002
23.872026,1.4135295,1.4241312
22.351223,1.0183735,1.1000454
24.288158,1.4470307,1.437845
26.225264,1.3587625,1.4006388
27.146526,1.5021858000000001,1.5082352000000003
25.203348,1.3153563,1.3115494
24.442987,1.4941691,1.5239422
29.136194,1.4091836,1.4182403
24.702513,1.6124842,1.6123211
29.207035,1.5964969000000002,1.5983398000000004
29.09889,1.270789,1.2779481
24.967567,1.6612388,1.671457
29.23431,1.4980675,1.5122177999999997
25.673338,2.1015313,2.189388
26.860882,1.9240754,1.9677888999999997
26.611403,1.5401783,1.563498
24.027578,1.4335587,1.4353456
28.932045,1.6593571,1.6894455000000002
28.504349,1.3670267,1.3635325
29.030943,1.1868143,1.2011182
29.585194,1.0297823,0.99551153
26.603987,1.3194764,1.321069
29.37354,1.0187031,1.0103831
26.253279,1.5556632,1.5725224
29.64182,1.7049482,1.7205632000000002
21.764862,1.6924785,1.7205889000000003
23.286724,1.077278,1.0782236
28.621592,1.5980934,1.6002040000000002
24.293543,1.1804699,1.1821067
27.874334,1.3314402,1.332454
25.053461,1.6745142,1.6992636
22.565783,1.4552056,1.4578493
21.25817,1.5269976,1.5435355
21.227512,2.073599,2.0959063
29.963549,1.6272953000000001,1.6403730000000003
26.07802,1.4915789,1.5030779999999997
26.109507,0.9505526,0.89413893
26.174334,1.0635957,1.0699358999999997
22.241655,1.4328012,1.4683320000000002
26.519918,1.2432127,1.2550762
22.537676,1.4048303,1.4028718
24.039974,1.5643964,1.5661833000000003
28.4882,1.0912403,1.0808834
21.39289,1.6498721,1.6548805
29.1245,1.3056457,1.3200178
23.57659,1.0667446,1.0546527
21.658003,1.6236662,1.6313841
29.854868,1.0908856,1.094336
21.68744,2.058956,2.0296516
25.632685,1.8823768,1.9061050000000002
25.587404,1.3809527,1.3859002999999999
25.620872,1.3023787,1.3072340000000002
28.730423,1.0263642,0.9962396
20.743223,1.4653342999999999,1.522594
20.10684,1.8383063,2.0169253
24.0399,1.806349,1.8526153999999997
23.492918,1.4590648,1.4673359000000001
25.132042,1.3499143,1.3534763
28.392796,1.7520933,1.7765348
21.04246,1.4283184,1.4197514
28.206507,1.4441798,1.4697294
24.306015,1.5928484,1.6159041
24.750723,1.3037981,1.3168206
28.61562,1.3455442,1.3522258
24.534916,1.4168034,1.4019904
24.109419,1.483368,1.5005070999999999
23.039627,1.2938162,1.2723286
27.238531,1.900205,1.9214847000000002
28.425886,1.8408110999999998,1.9079694999999999
28.375992,1.5881863,1.6063116
29.297035,1.2188649,1.207442
23.292248,1.3623563,1.3632855
25.099575,1.4957168,1.5064156
27.942162,1.6326298,1.6345797
25.142082,1.3558204,1.3650713
26.972551,1.8438457,1.8678658
28.880466,1.6061618,1.6328935999999998
28.396711,1.9357287999999997,1.9689022999999999
28.652195,1.4019737,1.4000816
29.08489,1.5040421,1.5056906
29.242022,1.827925,1.8526286999999997
28.363747,1.4545612,1.4639151
26.488459,1.1709133,1.1712432
21.30883,1.2917303,1.306467
25.517347,1.1186208,1.0753939
20.240936,1.7704656,1.6816776
22.986074,1.049136,1.1357443
23.538448,1.4746515,1.4831038
22.154228,1.1985316,1.179831
29.844973,1.4222038,1.4403095
23.121843,1.2035565,1.2358293999999999
21.161892,1.6476865,1.6531391
25.245264,1.8538312,1.8784497000000002
29.213186,1.8954638,1.9187024
20.078608,2.0064902,2.0165071
20.035404,1.2167757,1.1858833
26.5389,1.441306,1.4499979
22.741653,1.0015327,0.9787185
26.931042,1.433363,1.4288163
20.82625,1.8355694000000002,1.8686965000000004
25.054544,1.6512966,1.6594324
27.490343,1.6435728,1.6489542
28.393167,1.4653654,1.4730916
26.634674,1.5183214,1.5561388000000003
22.606321,1.4768958,1.2479212
21.017323,1.3855534,1.4156797
20.407915,1.3988884999999998,1.4253452
26.633675,1.107913,1.094265
29.687706,1.8012693000000002,1.8210571000000002
23.711676,1.3479997,1.3542368
20.420675,1.5117288,1.4852338
25.94759,1.7180952,1.7431351999999998
22.245617,1.3431349,1.334728
26.392052,1.1219411,1.115488
26.567024,1.8990021000000001,1.9223785
27.835001,1.7460414,1.7626283
26.116339,1.5476742,1.5565114000000002
20.07422,1.144422,1.0979228
26.209677,1.5021238,1.5076661000000002
24.076035,1.2899662,1.2933779000000003
25.531124,1.5174208,1.5544739000000003
23.271587,1.3911734,1.4018127999999999
28.35987,1.309801,1.3153679
22.319098,1.4377726,1.4444227000000003
20.785507,1.4391514,1.5092311
20.490503,1.3591484,1.3693292
23.140675,1.6698312,1.6802187
29.533781,1.1941521,1.1743646
21.154278,1.1927912,1.2381217
20.043076,1.1426136,1.234312
25.859259,0.94969267,0.8990681
27.553957,1.2973925,1.2939036
21.823944,1.6646781,1.6941313999999998
28.310287,1.5010493,1.5162516
26.783897,1.0031104,0.9874172
23.092148,1.4968629,1.5322070000000003
27.40123,1.3591368,1.3522887
21.944384,1.6887631,1.6902606
20.920359,1.2476608,1.2613649
26.559467,0.9251201999999998,0.8798399599999999
26.92165,1.7183415,1.735503
26.046923,1.379817,1.3892019
21.819662,2.0710702,2.0266936
23.772627,1.6151298,1.6297002
25.272034,1.7129039999999998,1.7399320999999996
23.401506,1.069361,1.083699
24.135002,1.4239784,1.4365289
24.227287,1.2961895,1.2999194
22.667883,1.5945443,1.6215196000000003
20.246893,1.5311011,1.5192106
24.773664,1.751444,1.7694253999999998
24.448673,1.3935575,1.4064577
28.80234,1.4126658,1.4120347
20.180012,1.5023414,1.453507
28.615541,1.9076627,1.9166255
27.320095,1.0932523,1.0751946
25.051386,1.4239976,1.4452531
28.505667,1.4150875,1.4153857
24.10973,1.9203501000000003,1.9546723000000001
23.136415,1.4554297,1.4663138
26.035912,1.8541486,1.8830476
20.042368,1.2337705,1.248512
29.735779,1.6300035,1.645046
26.071606,1.4168131,1.4383934
29.91232,1.9694166,2.0248823
28.424326,1.7051415,1.7363137999999998
28.427692,1.6014148,1.6141982
28.024614,1.6107737,1.6462209000000003
25.763556,1.7748967,1.7993977
28.047977,1.4171002,1.4292572
29.884974,1.8942952,1.9219272000000003
24.23273,1.3621091,1.3780351
27.476688,1.3566678,1.3589058
25.413004,1.6688689,1.6887543
28.762468,1.3900082,1.3961267
25.107973,1.6876024,1.7101405
23.790369,1.4819903,1.473763
28.586657,1.5604833,1.5650841999999998
29.011086,1.1680677,1.1620247
22.503523,1.7922168,1.7801352
27.151386,1.3867706,1.3946562
22.565624,1.5632352,1.5790105000000003
25.194956,1.9757866,1.9944003000000001
24.526525,1.1323931,1.2860148
25.394285,1.4160055,1.4289899
22.717749,1.4382287,1.457133
25.987528,1.3935589,1.4104168
24.47155,1.82991,1.8493092
28.960684,1.7861725,1.8003244
28.186966,1.7201637,1.7318477999999997
28.875977,1.9610182,1.9956644
23.334908,1.6451842999999997,1.7012452999999998
26.216948,0.9014190399999998,0.8806233399999999
24.725445,1.0416431,1.0442393
21.92972,1.4310118,1.4512131000000001
29.606245,1.4126081,1.4234722
28.813398,1.3964795,1.4036705
21.876284,1.5376878,1.5418453000000003
20.572231,1.4901143,1.524508
26.515247,1.1576552000000002,1.1588483000000003
27.715809,1.4158854,1.4431114
24.561472,1.6228335,1.6515033
21.96631,1.2667899,1.3278773
26.379194,1.3450639,1.3467324
25.520628,1.8985059000000002,1.9448545000000002
21.775793,1.8888584,1.9122846
23.072645,1.6096331,1.6308343000000003
25.820383,1.4050187000000003,1.4293554000000002
27.048246,1.7058852000000002,1.7242467000000001
27.816513,2.0089703,2.0202913
22.670568,1.2433052,1.2656722000000002
27.751707,1.883673,1.9081511
20.071346,1.6836075999999998,1.7542261999999997
29.408054,1.0197378,1.0371587
26.062727,1.5549600000000001,1.5864892
29.129599,2.1278489,2.1310217
21.216183,1.8871088,1.8889875
26.75359,1.106786,1.0969384
27.467955,1.4155769,1.4069798
28.011406,1.7914186,1.8155313
25.648945,1.6521523,1.6824050000000002
23.842157,1.2946582,1.2974467
29.825747,1.326375,1.3293712
22.451727,1.9617826,1.9642426999999998
24.659832,1.3246862,1.3365018
20.199896,1.6579255,1.1215026000000001
23.523758,1.5402031,1.5485992000000002
22.555666,1.4841385,1.5174334
25.10964,1.1677196,1.1630249
28.10203,1.6149175000000002,1.6213846
24.507591,1.645911,1.6641993999999998
26.092543,1.7867833,1.8146789
25.337584,1.4100538,1.471163
28.759806,1.6695824,1.6900518
21.079525,1.1992307,1.1163101
28.479826,1.6224109,1.643301
27.066172,1.324183,1.3302530999999997
23.32033,1.1560919,1.0766577
29.981379,1.6431638,1.6660416
22.11339,1.705912,1.7197328
28.042,1.4060745,1.4145268999999998
23.977758,1.0910861,1.0848544
28.570345,1.4527957,1.4697709
20.769817,1.7301216,1.7170746
28.012995,1.3971211,1.4095044
21.90345,1.6478649,1.5987442
25.204668,1.1100668,1.0916808
23.571909,1.8683689,1.8725742999999997
29.290476,1.7488974000000002,1.7764771000000004
24.590904,1.5468096,1.5745573
28.580832,1.3054807,1.295702
24.970829,1.3679082,1.3622003
27.932827,1.5493603,1.5611722000000001
29.942753,1.3801767,1.3860724
29.986599,1.2316383,1.2317731
26.55181,1.0539194,1.0577016
24.757984,1.8072749999999997,1.8251412
24.964216,1.4610635,1.4561689
23.112373,1.4554888999999998,1.4848029999999999
27.215881,1.8684354,1.8859500999999999
20.518917,1.3453314000000003,1.3671243000000004
29.073946,1.5814208,1.6016517
29.624342,1.3975756,1.3849609
24.031336,1.4669273,1.4634252
22.248499,1.1792848,1.1726952
23.812542,1.3286197,1.2718277
26.863113,1.2103695,1.1898828
20.853113,1.3311949,1.3041518
22.468174,0.8858702,0.82818204
24.814434,1.8041785000000001,1.8193007
28.038176,1.1109948,1.1192863
26.63102,1.1885483,1.1835032
24.34625,1.4440995,1.4587846000000002
26.093723,1.268508,1.279845
23.183437,1.6302239,1.6526902
24.320889,1.8509511,1.8474896
23.372253,1.4497318,1.4595124999999998
28.223206,1.5587987,1.5650647
26.754395,1.8835627,1.8955114000000002
25.389828,1.2201625,1.2271923999999999
28.795088,1.780446,1.7899401
20.692722,2.0134716,2.0389085
20.482681,1.5645133,1.5758262000000003
21.046255,1.8495303,1.8536808
26.222918,1.3993721,1.3854969
21.936413,1.3580638999999999,1.3644594999999997
29.379622,1.3479826,1.3564172
20.429794,1.6125251000000003,1.6479766000000002
29.594772,1.7120414,1.7362576
24.485363,1.6907719,1.7325919000000003
26.575531,1.19206,1.1885288
26.42211,1.3542122,1.352498
20.508598,1.4026661,1.4062529000000001
28.656164,1.5256603,1.5647905
28.384893,1.811877,1.8322735000000003
25.28579,1.0499173,1.0304754
25.664919,1.5259263999999997,1.5514122999999997
28.269743,2.1577764,2.1535482
21.893492,1.7239279,1.7556641
24.796022,1.4173701999999997,1.4205507999999998
21.438557,1.0137413,1.8203092
22.95598,1.111993,1.0999261
24.386875,1.6571342000000002,1.6532340000000003
24.157804,1.4814129,1.4824598
29.585648,1.6858327,1.6931931999999998
21.49235,1.6886337,1.620579
29.5228,1.1919948,1.1869819
27.488878,1.5986567,1.6041787
24.077349,1.4222589,1.4290816999999998
21.30611,1.802299,1.8390218999999999
22.684435,1.3975694,1.3797612
23.850597,1.2617295,1.2674787
22.318642,1.2973106,1.2779338
29.76524,1.0175091,1.0298386
29.785328,1.0522226,1.0477848
27.093618,1.5415841,1.5631912
29.937824,1.8913866,1.9097488
23.458532,2.1384733,2.0636399
24.833395,1.8193516999999997,1.8578128999999997
26.522112,1.6629058,1.6690497000000002
22.2351,1.4206014,1.4128153
21.754568,1.392523,1.3837385
28.163906,1.1573676,1.1480901
23.011766,1.2525393,1.2451067
29.771673,1.2958865,1.2806737
24.797792,1.1195456,1.1037521
22.756958,1.6679159000000001,1.6954608000000002
26.426428,1.4011794,1.3882611
26.211689,1.8227551,1.8343425000000002
28.6723,1.4499581,1.455226
29.875841,1.157457,1.1569302
29.947464,1.36175,1.3688061000000002
27.216494,1.498888,1.5154156999999997
26.271063,1.3266747,1.3624731999999997
20.328339,1.7168325,1.4947486
23.878784,1.7599412,1.8130128
21.510044,1.8187225,1.8319224999999997
27.244867,1.2118243,1.2222531
21.63204,1.6183909,1.6207337000000002
26.745975,1.8292793,1.1516058
25.123987,1.2294961,1.2218711
28.29639,1.9874041999999998,2.0249537999999996
27.26871,1.694465,1.7206819000000002
22.901442,1.3704251,1.3525927
29.003973,1.298848,1.3099153
29.635082,1.2884511,1.2955828
22.106205,1.8463237,1.8662650000000003
28.081568,1.688338,1.7016988
26.667099,1.8455851,1.8610501
26.201456,1.4661351,1.4664075
27.10088,1.675861,1.7123175
23.884712,1.9917717,1.3458332999999998
27.427896,1.6499665999999997,1.6641466999999999
24.878635,1.3002288,1.3049836
29.809769,2.0472386,2.0801482
29.587996,1.1567253,1.1535244
21.191027,1.2350445,1.2345073
28.40331,1.7199702,1.7314620000000003
21.277452,1.9059831,1.9363541999999998
27.99955,1.6599023,1.6901698
26.822723,1.8935851,1.915895
26.176132,0.9208344,0.8938986
23.108515,1.0041323,1.0674688
22.31324,1.7522097,1.8506505
25.687042,1.4016515,1.4066760000000003
23.598145,1.3061014,1.3276925
23.39709,1.4683197,1.4702690000000003
24.753805,2.0385337,2.0729603999999995
27.472118,1.3139575,1.3226442
26.787231,1.5037557,1.523251
22.203968,1.3132657,1.3503522999999997
23.863792,1.79661,1.8156599999999998
23.26133,1.0908902,1.0782236
27.953697,1.3105484,1.3250126999999998
21.07594,1.4176185,1.4112234
24.285322,1.4077407,1.4017882
27.264412,1.0054823,0.9746064
21.66765,1.2348663,1.2194839
27.054586,1.3664045,1.3611963
27.851154,1.125347,1.1144075
22.077635,1.7866324,1.8704152
26.416712,1.8894267,1.9233633999999997
22.215178,1.4114574,1.4034457
21.939299,1.9548426999999997,1.9651444
27.2528,1.1147089,1.1071064
24.727034,1.6183528,1.652286
25.794447,2.0174243,2.0546536
27.278307,1.3991411,1.4019991999999997
21.944674,0.9871764,0.9755334
27.10382,1.296371,1.3095271999999998
28.16971,1.4428935999999999,1.4908084999999998
20.506342,1.138727,1.141336
26.090664,1.6779019000000002,1.7123189000000003
27.023724,1.4966701,1.5006709
27.294647,1.2815994,1.2957268
21.93802,1.4888035,1.4259653
21.900377,1.7900887,1.8068063
29.569643,1.5176678,1.5338221
24.63981,1.787297,1.8236200999999999
28.534458,1.3395185000000003,1.3517699000000003
25.150093,1.6116368,1.6483078
23.683416,1.2869334,1.2745278
28.522432,1.2382817,1.234379
23.67214,1.5446913,1.5566587
24.892729,1.4786147,1.499892
23.035906,1.5095265,1.5526216
26.32147,1.3313221,1.3514128
23.095675,1.4666376,1.4721379
29.503794,1.6683389,1.6900352999999997
26.716955,1.0247655,1.0149889
27.233278,1.0026193,0.9312367
21.67824,1.3836395,1.3827338
24.118793,1.086697,1.106724
27.495838,1.6008793,1.6117113000000003
25.69317,1.1951017,1.1916854
20.032984,1.3478273,1.3760346999999997
22.451738,1.2535881,1.2599094
25.745893,1.4849073999999998,1.4832136999999999
29.260998,1.2600173,1.2377012
21.124252,1.391447,1.4110956000000001
26.66433,1.1362273,1.1475282
24.503168,1.4443563,1.4729362
23.315908,1.4274905,1.4677026000000002
24.825945,1.3564509,1.3723936
24.341452,1.6988703,1.6960998
28.084095,1.3713388,1.3590376
21.710405,1.67827,1.6834731
23.825806,1.8937246,1.9155891
28.97452,1.0855336,1.0537671
21.70611,1.8121511,1.8626268
25.02655,1.6405946,1.6668227000000002
24.768114,1.5481608,1.5760752999999998
28.452312,1.7193638,1.7427952000000002
22.59493,1.7784382,1.8282647000000003
23.14919,1.8426063,1.8768356000000002
24.227842,1.4083012,1.3873084
28.021431,1.341548,1.3465903
28.474487,1.3887883,1.389319
27.6273,1.549675,1.5597126
24.14636,1.3218864,1.3202031
28.73679,1.3102328,1.3187675
22.01036,1.1493268,1.1518388
27.869234,1.6236275000000002,1.6153681000000002
20.630383,2.050915,2.059379
23.06433,1.6809373,1.7163556000000002
25.835894,1.4060258,1.4171076
20.50262,1.3910692,1.3695171
23.353647,1.6602064,1.6901040000000003
29.131845,1.6827911000000002,1.7023420000000002
21.486252,1.6062684,1.4448731
21.23289,1.946296,2.0345337
26.425049,1.714581,1.7151053
20.124388,1.5219933,1.5821874
27.512419,1.8053192,1.8173594
27.61797,1.5632619,1.5690582
27.946741,1.4485081,1.4550397
29.44035,1.4563708,1.4734013
26.726883,1.7831485,1.8179331
21.174612,1.8809023,1.930654
27.919554,1.9111406,1.9464335
26.275328,1.4835768,1.4981399
25.407133,0.94448125,1.5855707999999997
23.573309,1.1719037999999997,1.1303474999999998
23.664005,1.3936592,1.4006120999999998
26.220541,1.749591,1.7766829
24.769625,1.6791652,1.7018073000000002
21.54657,1.7956161,1.8558097
28.438848,1.7422295,1.7744522
27.736563,1.8505108,1.8603597
28.770435,1.6135578,1.6341863000000003
21.367151,1.9996841999999997,2.0828520999999998
28.144934,1.9800419,1.9895220000000002
23.39662,1.4284681,1.4023714
21.231268,1.5589234,1.5553031
28.225403,1.4506235,1.4627193999999997
21.120588,1.6479477,1.6436789
25.455162,1.5701272,1.557343
22.90585,1.2766149,1.2880622999999998
21.453777,1.1682223,1.1586099
21.005247,1.9326473,1.9870017000000002
29.31791,1.5388364,1.5609362
29.763498,1.5679244,1.6093571
25.659529,1.019504,1.0040989
25.396517,1.2533478,1.2729454000000002
26.284328,1.253408,1.2671897000000003
27.329773,1.8681912,1.8909049
29.815273,1.1969603,1.1926825
22.642498,1.4717078,1.5486302000000003
27.00016,1.6093524,1.6334305
23.50815,1.0946249,1.0441685
29.781277,1.2834764,1.2932544
26.565603,1.2301395,1.2141523
29.998713,1.1738718,1.1530621
24.173803,1.8006331000000002,1.8470902000000002
20.2443,1.1105224,1.5482547
25.760773,1.3180782,1.3278131
20.459772,1.3623732,1.3597641
23.02957,1.1685433,1.1730771
29.550415,1.583845,1.6007414
26.585432,1.5902041,1.5990838999999997
21.764444,1.6979638000000001,1.6669502000000003
26.357328,1.6300414,1.6576388
20.159527,1.2620512,1.2765172
25.499613,1.8331141,1.8683368999999999
22.722425,1.5556655,1.5812893
25.092117,1.2222546,1.1920888
21.947006,1.5663067,1.5832100000000002
28.210176,1.2584264,1.2632389
22.919968,1.6631403,1.6850576
24.90661,1.6164643,1.6213818
26.47466,1.6006316,1.6113645999999997
27.339222,1.3440198,1.3523691
25.57321,1.3746284,1.3787229
21.939037,1.6163833000000003,1.6323862
27.639652,1.7866173,1.7996559
20.48546,1.4073544,1.4220071
25.709717,1.1432709,1.1215808
28.301632,1.2006397,1.2050011
25.929806,1.0898058,1.0676901
21.776255,1.5537564,1.5947037000000002
24.396193,1.3364677,1.3511724
22.03433,1.3420082,1.3755999
26.27785,1.5340828,1.5428678999999998
25.263748,1.8793863,1.8895501999999997
24.274696,1.5646763,1.5746775000000002
25.466972,1.579955,1.5839845999999997
26.31719,1.9199219,1.9695517999999999
23.843605,1.4539897,1.4657392999999999
20.39384,1.6727567,1.7229571
25.62498,1.9661995,1.9936011
25.26061,2.0207202,2.0764518
23.76868,1.6166047,1.6352739
29.635714,1.5559926,1.5561955
27.247503,1.2778255,1.2758987
29.673996,1.3159411,1.3164501
28.05191,2.0319076,2.0478292
24.434198,1.7631326,1.8023932
25.19188,1.018023,0.98598975
24.730946,0.9195185,0.9452399599999999
29.68538,1.6303686,1.6390042
23.97951,1.7957543,1.8171906000000002
24.173016,1.5762427,1.5853256999999998
26.347536,1.6980146,1.7222447
22.791779,1.4177366,1.4313986
25.032965,1.6369894,1.6542894999999997
20.089174,1.4029852,1.5653095
29.950264,1.6643739,1.6800101
25.395763,1.8827069,1.8988674000000003
21.331047,1.8519244000000001,1.8902903000000002
25.324066,1.3125567,1.3030272
24.388577,1.2858697,1.280102
27.437101,1.0270442,1.0136764
22.97756,0.989069,0.9730139
28.27066,1.0257086,1.0053632
22.82973,1.4189407,1.4506051999999998
25.66807,1.8961393000000002,1.9302793000000003
21.364113,1.2206216,1.1899354
24.673443,1.6610476,1.688463
22.096004,1.1450456,1.1082046
28.191114,1.4237684,1.4270861
20.905506,1.6407915,1.6330261
21.446886,1.518052,1.5440604999999998
25.644522,1.1891114,1.1803799
29.525227,2.011697,2.0420582
21.182846,1.3805714,1.3857729999999997
25.184202,1.4955148,1.5012779
21.502934,1.4243978,1.4220102
27.811777,1.4568466,1.4746206
26.08949,1.4843818,1.4961526
24.680435,1.655132,1.6614878
20.856695,1.002454,0.932953
21.562393,1.616772,1.6319671
25.14957,1.828697,1.8626382
25.052607,1.9372252,1.984956
24.907366,1.5456136,1.5338407
22.386013,1.1219585,1.1348493
28.691202,1.9567312,1.9894245000000002
27.148407,1.4302357,1.4183676
27.228064,1.1073744,1.0987926
27.717562,1.7675778,1.7773321
24.300823,1.2831035,1.290863
26.24175,1.637708,1.6581557
29.356304,1.6655382,1.6778119
25.27856,2.032323,2.103339
28.920721,1.7260373,1.7356199999999997
22.959843,1.3824083000000003,1.3851838000000003
27.896969,1.3864174,1.3854446
26.835669,1.5840310000000002,1.6093493000000003
23.840914,1.3070506,1.3184085
25.963293,1.5436319,1.5581612999999999
26.30908,1.0940561,1.0785586
26.224817,1.0813382,1.0644499
23.227573,2.0068502,2.0378847
26.10742,1.3159701,1.3155398
24.318003,1.9058305,1.9286692000000003
24.375181,1.2955312,1.3166356
20.690538,1.8717095,1.8998718000000003
20.02924,1.4600124,1.4638634
28.041225,1.7905765,1.8095616999999997
23.142672,1.4988639,1.5175867000000003
29.33313,1.5504534,1.5909371
25.834677,1.3170046,1.3051353
29.701187,1.6626219000000002,1.6788797
29.874044,1.9328021000000002,1.9682372
25.345451,1.4492701,1.4553835
28.759748,1.8485618,1.8705263
29.404482,1.7255962,1.7359299999999998
23.126305,1.418062,1.4404013
29.627748,1.4254510000000002,1.4325619000000003
29.622084,1.9788392,2.0472612
21.942919,1.3972919999999998,1.4204630999999999
22.98413,1.6665164,1.7057407
27.376661,1.2684081,1.276514
28.406338,1.4396107,1.4462705
24.24267,1.3230145,1.3127275
20.043005,1.2853967,1.3040636
25.314268,2.0404959,2.105455
22.02693,1.2627212,1.2611823
25.854862,1.8485847,1.9140552999999998
26.597645,1.9178735,1.9431825
23.98799,1.3787215,1.4001412
26.084743,0.9901085000000001,0.9519093600000001
25.688726,1.2184368,1.2065995
20.84839,1.4187032,1.4248273000000002
22.196585,1.4038774,1.4059789
27.216015,2.059271,2.086756
21.182394,1.7928805,1.8110545
25.326256,1.2402816,1.2184105
29.91158,1.64865,1.6540039
20.696642,1.246203,1.1564975
23.64301,1.2328997,1.2314222
24.861176,1.4738293,1.4974616000000003
20.978006,1.5124577,1.5070212
28.77433,2.0776749,2.113551
27.773169,1.1315224,1.096034
22.426966,1.0705925,1.5465007
26.405054,1.8784603,1.9335866000000002
22.67661,1.5376587,1.5827401
26.215054,1.4457914,1.4397416
20.433023,1.2270664,1.1529729
24.752039,1.4528794,1.4697583
28.792326,1.8517562,1.8825252
27.846483,2.0182443,2.039022
25.507683,1.5336871,1.5365612999999998
24.233114,1.9265334999999997,1.9619671999999997
23.66732,1.28251,1.249521
27.929022,1.0146155,0.99627614
24.84019,1.2491428,1.239366
29.871744,1.284589,1.2922756999999998
27.013996,1.8013102000000003,1.8301289000000003
27.032913,1.563173,1.5962172
24.214964,0.9904822,0.9988591999999998
20.244236,1.262121,1.2664146
26.401329,1.8587613,1.8710610999999997
20.068464,1.1788236,1.18416
26.347828,1.50443,1.5195476999999997
27.76274,1.2352995,1.2258334
24.196138,2.149441,2.1843038
25.640701,1.8229324999999998,1.8700797999999998
21.287601,1.7504896,1.8048096
28.45574,2.0106375,2.0520024
21.817095,1.3991967,1.4154575
24.737444,1.6875621000000003,1.6901202000000004
23.033077,1.997827,2.0419922
26.458424,1.4206303,1.4153957
23.190893,1.7704158,1.6753459
21.040117,1.2301617,1.2734952
23.692335,1.3206929,1.3404914999999997
25.41608,1.6586473000000002,1.6769769
22.572657,1.8242818,1.7348545
21.512373,1.5459075,1.5676069
26.235083,1.1484042,1.1295681
24.677383,1.2765794999999998,1.2554211999999998
29.413363,1.781951,1.8185871
22.364204,1.4996793,1.5168776999999998
26.237524,1.3907278,1.4066930000000002
28.248287,1.351999,1.3709481
28.836403,1.3422527,1.3348408
28.108833,1.4824439,1.5144193
20.47048,1.6539564,1.6658191999999998
27.973299,1.5849437,1.5752628
21.806814,1.9500691,1.3732238
26.085152,0.94214475,1.3730133
24.312288,1.2673452,1.2867019
25.895983,1.4426329,1.4586143
25.154352,1.1805562,1.1727705
21.473629,1.6026465,1.583214
21.099531,2.033644,2.0648985
29.139078,1.3226268,1.3315127
20.53579,2.0128744,2.1086316
25.34099,1.3272814,1.3195508
25.738007,1.6101131,1.6276487999999998
23.9414,1.2214597,1.2156832
20.55036,1.2888337,1.3034046
28.286652,1.7071302000000002,1.7081280000000005
20.142038,1.2140449,1.2332616000000003
21.618334,1.4431235,1.4484457999999998
22.874123,1.1430396,1.1644638
20.721674,2.0124776,1.9942768
24.022858,1.6726678999999998,1.7085520999999995
25.318195,1.5233410000000003,1.5475335000000003
23.751698,1.2591621,1.248595
28.819427,1.2671726,1.279849
23.28823,1.2515883,1.2679106999999998
23.47287,1.3675663,1.1015172
23.422886,1.4910622,1.5020315999999998
28.227757,1.5381287,1.5635717
27.31561,1.6651739,1.6841096999999998
25.261898,1.8849256,1.8917141
20.118166,1.5859872000000002,1.6120052000000002
24.395336,1.1929191,1.1865618
25.905125,1.8143347999999997,1.8725001999999995
22.137726,1.7900796000000003,1.7858303000000002
21.822115,1.4256153,1.4658949000000001
21.46785,1.8749914,2.0280359
29.965038,1.0321445,1.0137739
22.170206,1.3946793,1.4109035
22.699001,1.2704978,1.2699583
22.134626,1.6284228999999997,1.1352993999999998
25.026487,1.3161576,1.3300099000000003
24.317226,1.3505864,1.3569164
23.785639,1.3288018,1.3152156
26.550978,1.457211,1.4728069
29.936943,1.6647420000000002,1.6713703000000002
26.138718,1.9370553,1.9670017000000002
27.673006,1.3974346,1.4153329999999997
24.25207,1.7633277,1.7958047
24.7042,1.4119014,1.4323878
22.855177,1.9436232,1.9750152
22.811993,1.0423203,0.9541826
22.742336,1.3461745,1.359031
28.569471,1.125585,1.1241589
27.977646,1.510033,1.5238032000000001
21.151802,1.3531874,1.7196864999999997
20.562063,1.3768294,1.4378762
21.908783,1.2790546,1.259373
22.51854,1.4381853,1.4450998
21.501446,1.380769,1.3926561
20.343342,1.249468,1.2533877
24.913277,1.3187321,1.3628305999999997
24.890898,1.3728157,1.3865659
20.399704,1.9819661000000002,2.0269907
25.236147,0.9647758,0.9514307
21.335583,1.6624191000000001,1.6690865000000004
26.159407,1.2637963,1.2744858
20.501387,1.3658068,1.4048231
25.079288,1.6134832,1.6076839
23.467453,1.3035887,1.3193126
27.989157,1.1491761,1.1630075
29.071241,1.4710519,1.4832231999999999
27.560135,2.0024977,2.0368893
28.33462,1.77486,1.7937353
27.48621,1.9492434,1.9782657999999997
29.511763,1.507674,1.5273128
21.467525,1.654124,1.664238
29.680323,1.1860149,1.1830797
25.583767,1.2103242,1.2120832999999998
22.93964,1.4005775,1.4127219
26.543518,1.2914037,1.2991711999999997
28.746817,1.5913261999999997,1.6040709
23.804258,1.2083701,1.2266295
27.270166,1.6668206,1.6947942
26.661024,1.5397639,1.5452807
29.506578,1.6733325,1.6982498
26.489906,1.6056598,1.6241960000000002
29.484201,1.4441978,1.4447422
27.204153,1.8858042,1.8971726999999998
21.126955,1.7348979,1.7593544
29.012564,2.0117216,2.0452392
29.349133,1.5844761,1.6225135000000002
27.345114,1.3819599,1.3837942999999997
22.35007,1.4422907,1.4568424
26.125301,1.6298115,1.6297526
21.464165,1.7296882,1.7738531000000002
24.112038,1.1365496,1.1245446
26.250237,1.1516829,1.1303916
26.57999,1.2356191,1.2414972999999998
26.48827,1.4573382,1.4698478999999998
21.971323,1.4754933,1.4799821
25.415031,1.0063803,0.9463365
27.880129,1.8586497,1.8771150000000003
29.649412,1.7005049,1.7343597
25.499346,1.5552434,1.57131
20.399023,2.0348725,2.1119368
23.922577,2.0635045,2.0901043
21.137302,1.4571089999999998,1.5038785999999997
25.770647,1.1679567,1.1651678
29.295334,1.3835665,1.3972475999999998
20.521595,1.3811494,1.9617503
28.414433,1.5037104,1.5382001
28.915825,1.3531442,1.3558326
23.61815,1.879341,1.9032967
22.07367,1.2095753,1.197387
27.687307,1.2280276,1.2050929
27.116177,1.4743068,1.5025029
20.062885,1.5896072,1.595967
21.055838,1.8726827,1.8962045
27.39814,1.367302,1.3616803
22.236824,1.2425507,1.2476325000000001
25.982485,1.4776791,1.4834182000000002
23.354132,1.2157933,1.2066157
23.94611,1.3191985,1.3363273
27.675035,1.0175396,0.96541756
23.292831,1.9361578,2.052207
28.224648,1.5843383,1.6135461
27.141,1.7678843,1.7953043
25.342093,1.3973415,1.3971562
20.058592,1.4371072999999999,1.4608299999999999
24.905563,1.4198598,1.4639959000000002
25.568113,1.4359432000000003,1.4621718000000004
22.903128,1.8899514999999998,1.8911315999999996
24.626616,1.3161868,1.7810438
29.87724,1.382066,1.3969538
21.21103,1.1483696,1.1906791
20.190855,1.3002326,1.3315004999999998
29.335974,1.5059431,1.5197809
28.132072,1.8601673,1.9058228
21.45526,1.0090922,0.9948039
22.41035,1.3747959,1.3919165000000002
21.758926,1.5444866,1.5581764999999999
20.169703,1.168167,1.203274
25.510891,1.5741905,1.5893748000000003
27.000723,1.4889656,1.4889503
29.877886,1.663948,1.6699522
26.591217,1.6291417,1.6343919999999998
21.4043,1.2421668,1.3194156000000001
22.91943,1.5894817,1.6102693000000001
25.010246,1.6403093,1.6581143999999999
25.863983,1.5857888,1.6044989
20.935959,1.4190382,1.4256649000000001
23.538086,1.1180471,1.0967984
25.198572,1.4961869,1.5064499
23.46804,1.3859559000000001,1.4086413000000002
22.469402,0.99146485,1.5663383
20.32397,1.5032166,1.5421305
27.75386,1.3013183,1.3011544
21.680672,1.3178749,1.277787
21.501966,1.6829356,2.0016549
26.790571,1.0740159,1.1228766
24.645052,1.6005284,1.6114762
29.072817,2.0336044,2.0717967
26.155138,1.3720932,1.3932054
21.526253,1.6264453,1.620074
23.278084,1.3306177,1.3283584
28.42717,1.9877880999999997,2.0409366999999996
24.780046,1.8373038,1.8302641
29.778603,1.6635793,1.6836227999999998
21.55293,1.150127,1.1362815
22.595446,1.5780749,1.5899579999999998
26.020815,1.3094642,1.3046341
23.892738,1.6500609,1.665432
29.535166,1.9702126,1.9991207
20.634903,1.0563294,1.1130359
23.840097,1.3817883,1.3824506
25.607878,1.562371,1.5700733999999998
22.266012,1.3740137,1.3928556000000003
20.483341,1.200954,1.1978056
24.981133,1.1132606,1.0963283
28.542334,1.2490094,1.2491987
22.243015,1.7205884,1.7148833
29.860977,1.7481853,1.7714286
28.443214,1.2877343,1.2957983
24.6539,1.3693485,1.396554
22.953512,1.6982679,1.7059863
28.671255,1.0118533,0.9982235
22.932209,1.393826,1.3705604
22.912811,1.2896097,1.284028
26.818233,1.2012161,1.199549
24.138279,1.2018107,1.194571
21.149157,1.4440926,1.4522421
26.781506,1.6011211,1.6267917000000003
26.203568,1.4723952000000002,1.4862366
20.311897,1.6851719999999997,1.7005885
24.056807,1.014681,1.0035394
28.178438,1.3227934,1.3322241
23.383947,1.5757414999999997,1.5891270999999996
28.102354,1.4752048,1.4931791000000003
24.940279,1.1386403,1.130528
20.625425,1.8323269,1.8796274999999998
22.574434,2.0553317,2.0985413
23.024317,1.6251649,1.6282396000000001
21.225534,1.4682022,1.4830430000000001
21.081524,1.0416374,0.96049434
24.429094,1.629174,1.6378026
28.749458,1.4904755,1.4932088999999997
27.678556,0.92042774,0.8317876
27.004261,1.8176669999999997,1.8480400999999995
26.105324,1.8610883,1.907978
27.059483,1.4559672,1.4648511
21.956423,1.2486691,1.2672031
28.027657,1.4533651,1.4595148999999998
20.519701,1.2917657,1.3284056
24.023554,1.2590941000000002,1.2793026000000003
24.425604,1.7373055,1.7728541
29.023203,1.1582581,1.1362982
25.756018,1.2112578,1.21123
20.665316,1.3956383000000003,1.4200332000000002
20.294827,1.2647846,1.2785323
28.467852,1.4441192,1.447876
26.966814,1.1811109,1.1567225
26.8809,1.926691,1.9405124
27.82366,1.8654894000000002,1.8885391000000002
22.595024,1.6775112,1.6976016
25.650719,1.5265713,1.5395229
20.7953,1.7435224,1.7670356999999999
22.595713,1.9973842999999998,2.0261436
29.950918,2.1212122,2.178452
26.316229,1.0555838,1.0351328
21.531214,1.5562361,1.6052973
29.023603,1.425748,1.4293602000000003
23.703297,1.6088228,1.638644
26.458874,1.5428685,1.5559590000000003
20.978895,1.1687402,1.1679072
24.234932,1.1004378,1.0828115
24.800016,1.1841822,1.1837127
26.450926,1.433705,1.4306355
26.257915,1.3291101,1.3364172
20.526749,1.5265414,1.547404
29.427822,1.5289192,1.5401645
22.553686,1.2652066999999998,1.3135375999999996
29.98701,1.5577619,1.567646
26.17732,1.6501714,1.6681991
24.514141,1.7381003,1.7453437000000003
27.36637,1.1588914,1.1495318
26.80936,1.6749109,1.6993541999999997
24.31355,1.9292789,1.9588706000000002
22.570793,1.2078764,1.1940553
21.85467,1.8608667,1.9720826
21.939857,1.3697455,1.4011157
26.407717,1.1506219,1.1487896
25.443783,1.5283355000000003,1.5299003000000002
27.408401,1.4262669,1.4326472
23.331066,1.6478133,1.6642776
22.84467,1.4724468,1.4803240000000002
21.693806,1.2890342,1.2969725000000003
28.685123,1.3319958,1.3337936
26.359842,1.9654438,1.4427626
21.59331,0.95993,0.93402356
29.620756,1.3062978,1.3197243
28.171064,1.4782923,1.4818351000000003
20.284481,1.1506251,1.1433616
22.740871,1.7380925,1.7758774999999998
25.348944,1.4107156,1.4282429000000003
25.663948,1.500164,1.5135124
27.735651,1.4022371999999999,1.4148563999999997
20.842432,1.6931493,1.7223687000000003
23.04841,1.2408375,1.171263
23.249235,1.1186861,1.1029644
27.625422,1.5558137,1.5608368000000001
20.063549,1.2798544,1.2872603
20.596458,1.893727,1.8964071
20.103218,1.5101627000000002,1.5404456000000004
23.399143,1.3407747,1.3406749
24.811527,1.8235235,1.8642459
25.98318,1.5207301,1.5237825000000003
26.686396,1.8213771999999997,1.8796573
24.441776,1.1347666,1.1169074
24.964031,1.2847874,1.3098714
27.511536,1.4408392,1.4558113
23.277046,1.0811642,1.0400202
22.801054,1.0508554,1.0282321
27.352537,1.5145453,1.5317775999999999
24.943321,1.6997617,1.7011905
24.284487,1.9861169,2.0251963
20.243563,1.3928547,1.3917937
28.959467,1.6761023,1.7017636
20.136786,1.144208,1.1455662
28.95639,1.7221539,1.7403805000000003
20.709309,1.5124416,1.7520204
24.040762,2.1192245,2.074423
22.61952,1.1273515,1.2992611
22.45312,1.3457571,1.3303835
24.141548,1.593974,1.5682976
27.354927,1.0529351,1.0266904
25.922293,1.3318379,1.3227623
21.632734,1.8671553000000003,1.7409630000000003
24.676622,1.396789,1.4093547
24.508135,1.4658017,1.4756094999999998
26.180614,1.4187909,1.4333086
21.911951,1.2015584,1.174823
22.463749,2.0875123,2.0926676
27.507696,1.8312763,1.8538811
21.702845,1.2183598,1.2124801
21.863487,1.5414519,1.5788438
22.115513,1.6512177,1.6561884999999998
27.792093,1.7195994,1.7591372000000003
27.36758,1.396123,1.4050932000000003
29.250532,1.1739172,1.1736295
26.586018,1.6637845,1.6659455
27.197647,1.5173129,1.5244236
29.492855,1.586022,1.5980523000000002
28.208347,1.2706825,1.2711402999999997
29.826994,1.3874645,1.4038343000000002
20.67602,1.7753174,1.7985911000000003
26.908913,1.2136952,1.2186394
27.704664,1.7700748,1.7831731
28.34698,1.3329307,1.347758
26.138979,1.2784952,1.28092
24.227585,1.4217665,1.4436154
21.166695,1.1655608,1.1781735
28.855385,1.3790636,1.3746572
25.193441,1.5671442,1.6186924
25.938313,1.5382301,1.559082
29.287725,1.2017951,1.2007749
21.02837,1.5113393,1.5357413
21.758957,1.6639323,1.5585802
20.80209,1.5739666,1.3812935
20.737993,1.2266674,1.2312365
29.61011,1.2025305,1.1900203
25.30824,1.3552232,1.3735579999999998
23.427294,1.2062824,1.2213086999999998
22.610836,1.3608176,1.3548706
27.826878,1.2958951,1.2873621
20.558481,1.3052995999999997,1.3901743999999998
28.406702,1.796205,1.8504179000000003
29.130096,1.5995431,1.5991881
23.449509,1.7521769,1.7751082999999999
20.066626,1.443478,1.4526722000000003
21.273884,1.3337737,1.3228202
22.743351,1.5612844,1.5840151000000002
25.163628,1.6340237,1.6663837
22.002066,1.5249947,1.5451088
24.279497,1.7362269,1.394887
28.792322,1.3554673,1.3698149
28.58644,1.5474529,1.5620766
27.542082,1.1504359,1.1497588
26.109371,1.4644026,1.4586642
27.919245,2.0305345,2.0709481
26.240305,1.4453121,1.4489218999999998
27.624224,1.4342271,1.4397649999999997
23.614697,1.5454746,1.5305557
20.38845,1.0887878,1.254539
21.195927,1.2082068,1.2132053
26.388025,1.9846067,2.0436363
29.998232,1.2692488,1.2587831
22.39513,1.2391963,1.2601221
26.188301,1.7356453,1.7459523999999997
25.391907,1.8224558000000002,1.8673496000000005
20.49026,1.240821,1.2694612
25.617146,1.6441486,1.6674273
29.360157,1.8216193,1.8483855999999999
29.431082,1.5548782,1.573307
24.389668,1.8453496,1.8434055
28.653187,1.4715177,1.4679658
22.773043,2.074084,2.1173174
21.231853,1.8713958,1.9199188000000003
29.97338,1.2481265,1.2322443
26.406467,1.4704025,1.4758072000000002
23.395102,1.2976229,1.3041036
28.307783,1.6306958,1.6539786000000003
26.583725,1.6785512,1.6904578000000001
23.387747,1.2994593,1.3040881000000002
29.163616,1.5277216,1.5384347
28.436495,1.8306729,1.8572609999999998
27.157799,1.0526937,1.0397756
23.692755,1.8253461,1.6743956
29.459297,0.9578083000000001,0.9462839000000001
25.650938,1.6974435,1.7169688
24.863096,1.8696948,1.9077836999999997
28.3398,1.2794727,1.2951663000000002
26.59879,1.4718052,1.4908886
28.019987,1.9305074,1.9582493
29.49719,1.7697985,1.7937064000000003
20.223185,1.0863706,1.027704
25.592655,1.4574227,1.4611064999999999
29.074713,1.2392441,1.232146
21.379963,1.398661,1.4211236999999999
28.471043,1.9307604,1.9795532
21.381199,1.7920111,1.8075584999999998
22.510809,1.0655309,1.0560539
20.59525,1.4036555,1.4100478000000003
26.88695,1.1661341,1.1465774
22.665087,1.7743145,1.8185062000000003
23.363281,1.5416563,1.5570076000000002
29.254599,1.4658225,1.4703903
21.60421,1.8093209000000001,1.8450718
21.237366,1.249589,1.6810987
22.462255,1.3690928,1.3574862
22.115759,1.74528,1.7564819000000003
22.056704,1.5982344,1.6027976999999998
27.168966,1.426882,1.4422565
23.896608,1.2199724,1.2119987
26.813251,1.0601671,1.0456212
20.288021,1.314122,1.3029227
20.84276,1.4132632,1.4161508
22.175781,1.6618726999999998,1.6944647
28.188313,1.9132844,1.9414078999999997
25.439695,1.9984775,2.038129
28.69991,1.0403385,1.0057168
21.40759,1.1965351,1.1781154
25.036789,1.2860447,1.28515
25.59481,1.5321226,1.5431302
20.614536,1.6540526,1.6691801999999998
28.197048,1.6870595000000002,1.6878929000000003
27.37923,1.6718147,1.6621537
25.696674,1.6614016,1.688056
22.231659,1.056046,1.0463557
21.695465,1.3965795,1.4059424
24.274939,1.228268,1.2199299
24.852488,1.7238808,1.7681117
28.14217,2.0052896,2.0614064
27.086063,1.5399172,1.5445912
22.398869,2.0413377,2.09457
26.938604,1.1642028,1.1676862
23.968449,1.3249214,1.3352709
26.822596,1.2322943,1.2601178
27.03843,1.2133777,1.2075341
24.519201,1.2018746,1.1943774
21.694916,1.4530379,1.4375186
21.852203,1.5684739,1.5981957999999998
23.378307,1.6029115,1.5992458
27.779905,1.3641248,1.3757498
27.151026,1.1491451,1.1518657000000003
22.557734,1.255795,1.281851
25.76611,0.9986234,1.0774496
26.080769,0.98402303,1.0452929
21.240938,1.0198283,1.0695491
25.537182,1.2669134,1.2758490999999998
23.617771,1.9072679000000001,1.9257743000000005
22.727364,1.4888984999999997,1.4904658999999998
20.070885,1.4859966,1.506459
22.687521,1.728676,1.7740221000000003
22.259142,1.3385813,1.3384914
22.810125,1.4823518,1.5344845999999999
22.157635,1.3730515,1.4069285
27.311031,1.6924355,1.7067719
21.126623,1.7873664999999999,1.8049735999999998
23.986559,1.2753532,1.2480798
21.469757,1.5635813,1.5730677
25.538721,1.1674734,1.1607921
29.095137,1.2394906,1.2414062
28.427322,1.2321677,1.2307818
23.010853,0.995582,0.97815573
27.436134,1.4208466,1.4258248999999998
21.526306,1.3978887,1.3976169
26.268618,1.5189363,1.5355668000000002
24.069622,1.2381622,1.2063768
23.264338,1.4150361,1.4265134
24.589457,1.4539427000000003,1.4294491000000003
21.549429,1.7993759,1.785387
20.492857,1.2773603,1.2768674
28.185904,1.698919,1.7115056999999998
24.87314,1.4057658,1.3946538
27.826477,1.5972134,1.6053171
20.468945,1.2389661,1.2236066
25.537815,1.1899348,1.2094619
23.154129,1.5576161,1.5744851000000002
24.226395,1.4414902,1.4426342999999997
26.348587,1.447579,1.4683398999999997
21.701283,1.5100288,1.5331189999999997
29.171795,1.9412038,1.971575
26.88399,1.9526186000000003,1.9441645000000003
23.734901,1.123998,1.1275372999999997
24.572313,1.6986911,1.7331989
20.364473,1.9983668,2.0586324
26.62136,1.3563673,1.3611388
21.045418,1.4474308,1.4534104000000003
23.250551,1.1003635,1.0786036
23.305029,2.0852485,2.1208045
26.31324,1.9639477000000003,1.9949470000000005
25.629879,1.0827245,1.0677454
27.63318,1.7461314,1.7405376
27.609636,1.2453489,1.237052
22.033337,1.1796142,1.2060475
20.853853,1.3297838,1.1409543
22.004244,1.356461,1.37533
28.75598,1.4099233,1.4248333
27.102468,0.95615345,0.8995934
26.785975,1.940523,1.9739227
21.696564,1.2086198,1.2180581
20.011911,1.9575825,1.880034
27.325947,0.9856826000000001,0.9451353500000002
20.980843,1.4233459,1.4147651
25.024265,1.8023771000000002,1.7737935000000002
28.886,1.7409215,1.7734007999999999
29.7393,1.3381244,1.3612201
24.965836,1.564793,1.5830779
24.963072,1.3586501,1.365824
20.001595,0.93914366,1.3087635
29.64588,1.4110368,1.4104204
25.048752,1.9536248,1.9984009
25.235064,1.5901377,1.61813
21.437433,1.8117303,1.8258631
28.80466,1.1580722,1.1302445
27.166952,1.2991984,1.3108816
28.023342,1.4064806,1.4066603
22.276674,1.13373,1.1277692
23.39598,1.6224072,1.6837466
20.712294,1.6797862,1.9234160999999999
22.585426,1.6281079,1.6228201
22.570583,1.1666963,1.1516404
21.83111,1.3810261,1.367629
20.946064,1.9191066,1.9638555000000002
20.24497,1.3206269,1.3203411
26.971825,1.8722607,1.8916824
29.138083,1.4480655000000002,1.4614496000000001
23.659496,1.3556217,1.3876262
22.921293,1.5658062,1.5849480999999999
23.623713,1.2957654,1.3102033
24.822166,1.1403137,1.1237862
21.63973,1.0386475,1.3857021
23.254833,1.3886766,1.4018461999999998
24.756437,1.6478276999999997,1.6754126999999999
23.691757,1.9609525,1.9902167
29.582308,1.4568275,1.4628303
22.07536,1.1297665,1.11708
29.474342,1.3464934,1.3476117
25.007483,1.4421273,1.4599421
22.630573,1.5119504,1.5422044
20.44475,1.550101,1.6162188
27.407476,1.306974,1.3012524
25.401485,1.4876426,1.5446515000000003
26.94106,1.434263,1.4422233
24.41751,1.5279219,1.5416849
21.731703,1.4753772,1.4867983
22.478683,1.4419125,1.4544933
23.450504,1.9719021,1.8183784
22.03855,2.0560467,2.0999987
29.82726,1.800877,1.8315604000000003
22.524797,1.2616363,1.2543678
24.881466,1.8218312,1.8475204
28.005215,1.4037554,1.4074346999999998
20.596458,1.3345255,1.3657887
22.485432,1.4240615,1.4388669
26.818756,1.8453093,1.8637642999999997
22.05909,0.918308,0.92198986
27.79797,1.2456654,1.2472532
20.060787,1.4900609999999999,1.5366479999999998
27.830702,1.4698592,1.4776216000000002
24.954283,1.5969868,1.6176938999999997
28.217737,1.4676262999999998,1.4645449999999998
24.594692,1.8209491,1.8475404000000002
25.101198,1.5086403,1.5203795
27.490585,1.7144958,1.7246543999999997
29.934353,1.0065184,0.96383226
22.134953,1.6587478,1.69121
22.40884,1.3518527,1.3639938999999999
23.145554,0.9861621000000002,1.4285772000000003
24.491203,1.2670375,1.2927613
24.562471,1.7046195,1.7310665
23.919336,1.2259966,1.1989079
25.58035,1.4922581,1.5144904000000001
24.919,1.7301711,1.7540659999999997
27.686607,1.1602589,1.136816
25.574944,1.243385,1.2437627
28.97278,1.60897,1.6093503999999998
22.810358,1.4420322,1.4314625
26.219213,1.3079144,1.3161345
23.85597,1.4432325,1.4517906
28.054884,1.3931466,1.4037888
28.63572,1.6820476,1.696065
29.457823,1.5779876,1.6006777
29.156313,1.2910808,1.3065938999999998
26.870127,1.3595196,1.3499928
23.92771,1.4410753,1.4539509000000002
29.980692,1.6131691,1.6233361000000002
26.24439,1.652505,1.6491642
27.488947,1.1174126,1.0884166
22.976685,1.1430031,1.1530142
26.501146,1.5723405,1.5943449
21.692368,1.4029293,1.4419769999999998
28.092411,1.4090307,1.4130409
21.412338,1.8055104,1.8574122999999998
23.8465,1.2438047,1.2414675
24.815067,1.8617504,1.8760301999999998
22.495213,1.1510702,1.1398253
29.908144,1.8763287999999998,1.936301
27.856434,1.5167172,1.5074887
20.162905,1.2256172,1.2356579
26.774656,1.3606509,1.3719749999999997
21.831406,1.364941,1.3568237
24.476067,1.7180539,1.7584674
20.221588,0.9854062999999998,1.0324743
27.153389,1.2621057,1.2636428
23.002874,1.6463472,1.6486299000000002
24.37447,1.1840212,1.1758649
27.67924,1.4021629,1.415071
26.49936,1.3761308,1.3810899000000003
25.519068,1.9060401,1.944072
29.259403,1.7490499,1.7468083
21.810076,1.3790592999999998,1.5552036999999999
27.10698,1.6096612,1.6182244
23.345356,1.0447334,1.0310495
24.728256,1.9708586,1.9997766
21.25887,1.3010529,1.286073
27.383493,1.356285,1.3558438
20.092598,2.002416,2.0410814
26.016151,1.3029643,1.316011
21.49357,1.3219154,1.3499559999999997
25.747585,1.8451523,1.8683093000000002
27.298159,1.6922386999999999,1.6962108999999999
23.80539,1.3212204,1.3191004
23.252666,1.6979012,1.7235215000000002
25.264374,1.3219911,1.3142557
24.930004,1.5933812,1.6006188
25.13991,1.6417136,1.6516579999999998
23.85685,1.1586974,1.142384
21.67365,1.6094397,1.6324222
22.477043,1.6930152,1.7123451000000003
23.913822,1.4526079,1.4478207
26.949167,1.2423450999999999,1.2420088999999999
28.753448,2.0419087,2.1322486
24.246971,1.1860647,1.2201004
26.200266,2.0073917,2.0452368
21.861773,1.6209973,1.6237959999999998
29.0081,1.8061585,1.8371903999999997
24.04392,1.0728917,1.0624297
26.656384,1.5316154,1.5582592000000002
23.363,1.3736533,1.3927684
26.946838,1.8460059999999998,1.8767234999999998
21.305603,1.5656184,1.62954
22.738918,1.6425403,1.6811421000000002
20.505178,1.4124715,1.4163277
29.28068,1.6790078000000002,1.7160041000000001
24.432499,1.6128973,1.6371918
24.118681,1.3488835,1.3950591
20.055435,1.4492661,1.450702
27.06769,1.5930166,1.6255516999999997
26.478996,1.2270381,1.2398582
26.033693,1.8177461999999998,1.8474294999999998
22.859308,1.0667559,1.0588677
29.698563,2.1053596,2.1401742
25.360958,1.5269881,1.4545922
28.763844,1.5281868,1.5572567
21.317493,1.8491066999999999,1.8442401999999998
29.424715,1.5009416,1.5035483999999997
25.49753,1.7084956,1.7337036000000001
25.103138,1.2803694,1.2840173
27.580324,1.3598363,1.3707361
28.878328,2.085381,2.11895
26.80396,1.3131881,1.2970946
23.042105,1.6147041,1.5371587
27.194414,1.258408,1.2826461999999998
20.61035,1.1332878,1.1256785
23.065084,1.7207004,1.7291844
27.490715,1.4560804,1.4719671999999997
22.172724,1.1412221,1.1212895
25.3034,1.0615827,1.0436435
20.952835,1.7938806,1.8792691000000001
21.104378,1.5024775,1.5057898000000003
28.929659,1.5380561,1.5233068
24.675365,1.352933,1.3668318
24.466827,1.1272106,1.0888562
26.70778,1.1825963,1.1743999
28.259855,1.8888823,1.9223679999999999
25.039587,1.9002557,1.9798694
23.01723,1.0028841,1.055743
20.82524,1.6524535,1.6539652
21.44493,1.4850215,1.4904549000000002
22.600418,1.044814,1.0693861
25.90121,1.1518353,1.121218
26.937494,1.6777301,1.7005906
29.894167,1.8892787000000002,1.8984964000000002
21.74329,1.6325958,1.6201763
24.305143,1.2997327,1.2820828
29.343765,1.2837818,1.3086255
25.121546,1.1868161,1.1707788
20.318447,1.2402302,1.2508688
24.819592,1.0700818,1.0677054
20.117317,1.0327866,0.9916879
26.72749,1.715067,1.7340274000000002
23.69443,1.3419173,1.313575
27.770979,1.9397261,2.012422
24.70075,1.5967363,1.632853
22.187561,0.94003445,1.6359036
29.539907,1.0018415,0.9723275
25.91699,2.082644,2.1135893
24.954008,1.4191911,1.4534209
23.17192,1.4856615,1.4959104000000003
22.788977,1.8383284,1.8595698
26.660915,1.0562892,1.0268681
25.82952,1.3309659,1.3484488
21.117912,1.2966202,1.3079705
29.447498,1.5257506,1.5332526999999998
26.505922,1.2397826,1.2399242
22.023108,1.3033686,1.3160324
20.260406,1.1723707,1.1954482000000002
21.161978,1.5320896,1.5484480999999999
23.628403,1.5250025,1.5416987
23.389126,1.1521966,1.1393473
26.618002,2.0558946,2.083171
22.50115,0.9341423,0.872158
29.051266,1.3546797,1.3556671
20.213255,1.4956047999999997,1.4832691999999998
27.220701,1.729815,1.7511611
21.25932,1.3389349000000001,1.3449092000000002
25.098972,1.661115,1.6835597
28.347986,1.3066795,1.3147058
27.386934,1.3193283,1.3130453
28.030058,1.5190612,1.5358546
25.707893,1.4147726,1.4463899
20.779005,1.2087095,1.1701884
22.752855,1.7756312,1.8118149999999997
25.320972,1.5953958000000001,1.6028199000000003
20.335842,1.5076036,1.5350094
20.83184,1.2294061,1.1919122
21.768051,1.4338938,1.4380751000000003
29.966957,1.9387231,1.9890447000000002
28.195362,1.5846359,1.6213774999999997
27.489029,1.4989276,1.5019963
21.917547,1.3297169,1.3707397
26.701641,1.008399,1.0393028
21.28312,1.7150486000000003,1.7472291000000004
27.370876,0.9960619000000001,0.9738855400000002
24.956272,1.3738788,1.3915582
24.657051,1.4145048000000002,1.4216077000000003
24.707895,1.512684,1.529021
20.67187,1.4197763,1.4343726999999997
28.094158,1.4925889,1.5214682000000002
29.660013,1.5292926,1.5479150000000002
20.653566,1.0539055,1.0203135
26.618193,1.1057395,1.0765532
22.578934,1.5542165,1.5548515
27.623426,1.5061606,1.5285118
26.692163,1.3137547,1.3298497
24.62049,1.8732405,1.9304061
23.230852,1.3497591,1.3663135
20.637438,1.7472626000000002,1.7763045
23.44099,1.8280752,1.8558957999999999
29.259024,1.2868311,1.2803543
24.596163,1.1729956,1.1766621999999998
27.806314,1.8294239000000003,1.8460665000000003
29.825222,1.4603558000000003,1.4888482000000003
25.165838,1.0884241,1.0691774
27.592464,1.7452322,1.7685568
20.910059,1.433558,1.4162629
24.49372,1.2524124,1.2426078
23.537434,1.3211347,1.3427427
27.639277,1.2124859,1.205998
23.813864,1.2647301,1.2769215
24.80525,1.4135119,1.426336
27.09611,1.1712773,1.1603158
25.679691,1.8806391,1.9099507
26.96596,1.6792961,1.7014954
29.289385,1.510215,1.5163312
20.293777,1.9150459,1.8849776
29.093386,1.3654705,1.3740945
28.339867,1.2566273,1.2676837
29.92809,1.8889756000000002,1.9082279
23.61788,1.4063176,1.389684
24.88835,1.3476417,1.3586072999999999
22.803856,1.9817531,2.006472
22.043911,1.3462869,1.3465461999999997
29.536573,1.2103459,1.2307594
20.115143,1.1496017,1.0636152
29.092285,1.4750339,1.4698083
29.098894,1.4262582,1.4295278000000002
20.349438,1.7774489,1.8120341
27.958382,1.8090849999999998,1.8266938
22.493647,1.5134056,1.5323136000000002
25.112066,1.3355291000000002,1.3480182000000005
28.004417,1.6597874,1.6810031000000003
29.758276,1.6398305000000002,1.6780262000000001
22.470858,1.4564161,1.4747574000000003
22.429596,1.5353533,1.5710495
29.812706,1.6369984,1.6588628
24.706713,1.1976705,1.1955683
26.722239,1.5142275,1.5391614000000002
20.770239,1.3885044,1.3694715
22.99564,1.4741843,1.4788415000000001
29.37705,1.7223179,1.74385
26.618969,1.6643138,1.6385648
22.975801,1.3767532,1.3852053000000002
20.06496,1.2100809,1.2196474
28.349676,1.2732445,1.2704234
27.330978,1.7494509000000003,1.7774272000000002
21.345238,1.7868674,1.8395360000000003
29.223507,1.702823,1.7278719000000002
24.486996,1.2932371,1.2933738000000001
23.38603,1.7973688,1.8105333000000001
24.526243,1.3724147,1.3840983
20.394499,1.0511124,1.0330932
22.062555,1.8387903,1.8920155
26.801485,1.3126792,1.3263965000000002
28.478346,1.7208744,1.7178967
23.866043,1.0241708,0.9531773
22.767603,1.5714982,1.6095502
20.321705,1.4129641999999998,1.4412686999999997
25.04349,1.4950371,1.5161102000000002
27.946747,1.8962690000000002,1.9207754000000001
21.737507,1.4226933,1.4300249
28.18397,1.5097623,1.546998
22.800385,1.3575698,1.3708969999999998
20.8264,1.860991,1.8146937
29.796978,1.3037312,1.3001752
26.312262,1.3029033,1.293011
23.167875,1.9263517,1.928525
24.530264,1.3199451,1.3749399
22.680822,1.3566113,1.3881853
22.84895,1.3307236,1.3758821
23.622068,1.9913572,2.0208979
26.479885,1.118752,1.1032751
20.200819,1.6093738,1.6413887000000003
23.126095,1.8024316,1.8377019999999997
22.868382,1.6341906999999998,1.6352834999999994
26.678606,1.1766306,1.164701
20.18944,1.6357342,1.6580145
21.318752,1.2289654,1.2220607
26.652277,1.5209869,1.5322342000000002
29.95216,1.5551654,1.5700819999999998
24.805721,1.2682421,1.2712808000000002
24.545385,1.7210524999999999,1.7555031999999997
28.496487,1.8197412,1.8444734
22.040573,1.0993224,1.1068292
22.268559,1.385119,1.4126751
22.447134,1.1386849,1.146929
20.342972,1.2857127,1.3736877
28.70363,1.4765121,1.4678671
22.54448,1.3802583,1.3730052
28.602453,1.5310384999999997,1.5235905999999997
20.722431,2.0197184,2.0811493
26.98333,1.707634,1.7379552999999999
27.171968,1.534186,1.5566101
22.260283,1.5778518,1.6346471000000002
21.235296,1.3633772,1.3690436
28.723104,1.1729016,1.1601596
22.25096,1.9242318,1.9840621999999999
26.204973,1.3079066,1.3202548
26.079695,1.0323321,1.0663118
21.703884,2.1254034,1.1730015000000003
24.70713,0.99364644,0.98214144
29.766558,1.8689365,1.8922858
29.979221,1.7334188,1.7382603
27.202753,1.5561586999999997,1.5483550999999998
23.260181,1.8466823,1.8733105999999997
21.819817,1.2855183,1.2835321
26.334362,1.3700962,1.37271
26.012234,1.1719081,1.1876307
21.30274,1.5110893,1.5300517
25.195452,1.8607574999999998,1.8849720999999995
20.225967,1.7028638,1.7248067999999999
25.251556,0.9408893599999999,0.8947969999999998
27.557037,1.6983088,1.6983693
29.395748,1.870655,1.8928985999999999
20.692907,1.8518614999999998,1.8694493999999995
23.913422,1.8401235,1.8717182
20.668776,2.0034957,1.867842
22.20953,1.5495524,1.5434904
24.541805,1.461253,1.5503981
29.866798,1.9957392,2.0154736
22.213703,1.5338548,1.5800672
28.930576,1.4495763,1.4448087
28.129488,1.7665137,1.780832
23.928589,1.6572614,1.6957540000000002
23.215065,1.8527931,1.8714105999999997
25.592611,1.3323027,1.3422055
28.724304,1.6758924,1.6806510000000001
20.890083,1.6692098,1.6868997
23.577278,1.5925832,1.5904107
28.39,1.0989645,1.097717
29.519655,1.8471123,1.8778994000000002
25.844797,1.4005941,1.4092958
26.395905,1.3581438,1.3620806
20.079008,1.286271,1.2934549
29.026344,1.5368927,1.5447853
25.049303,1.4158171,1.4241998000000002
20.997662,1.6389003,1.7963319000000002
24.304373,1.5155458,1.524323
21.650484,1.5005338,1.4933183
29.843485,1.0906788,1.0790497
20.352331,1.8875315999999998,1.9189712999999997
25.428448,1.2042402,1.4860888
25.693016,1.7175779000000002,1.7310987000000002
22.939432,1.4587482,1.4784579
20.97167,1.7769957,1.8525194999999999
24.343351,0.9570444,0.9739134000000002
23.675255,1.1848694,1.1882469999999998
27.804548,1.123304,1.11131
21.782606,1.7525897,1.7573185
27.454926,1.7484956,1.7870948
29.424932,1.349766,1.3386488
26.398674,1.80638,1.7648528
21.953524,1.1946607,1.1523538
29.93818,2.0547743,2.130374
28.812702,1.5036917,1.6410992
20.84091,1.5036306,1.5433657000000003
24.292305,1.2107996,1.2326832
25.252575,1.4020826,1.3966198
29.344845,1.2829983,1.3016701
28.295235,1.3040713,1.3164518
22.747766,1.9191316,1.9427721999999998
21.119871,1.4670365,1.1342337
24.728508,1.3439208,1.3430657
22.724373,1.2917719,1.3002803
26.315756,1.5187325,1.5352683
27.757433,1.2552243,1.2505634
28.566696,1.5449988,1.5805278
25.657656,1.2871517,1.3000643
22.708801,1.9506423000000002,2.0050042000000006
29.226568,1.1079878,1.0766623
27.382591,1.9088368,1.9477313000000003
20.14864,1.6768432,1.637147
26.10746,1.2506644,1.2401683
28.178463,1.3947370999999997,1.4175934999999997
27.202662,1.543818,1.5645685
25.997946,1.4619033000000001,1.4691963000000001
25.533796,1.4938931,1.5062876
24.894388,1.097761,1.1065557
24.767956,1.5284219,1.5099027
27.241089,1.307558,1.3245997000000003
26.11932,1.2554306000000002,1.2582817000000002
28.873903,1.5329187,1.5487812
20.082481,1.7270925,1.7398279
26.592619,1.3096538,1.3022952
28.459288,1.2908252,1.2988419999999998
20.169369,1.3337111,1.3735075
25.866547,1.3635547,1.3805346
28.33217,1.5519385,1.5662208
27.301733,1.6660533,1.6740801
29.373909,1.3253908,1.3354363
20.577501,1.632741,1.6494737000000002
24.228052,1.0938503,1.0805979
28.300772,1.3045325,1.3093545
29.18085,1.4094619,1.4329953
26.594877,1.5899527,1.6030294999999999
28.521992,1.8154749,1.8501575000000001
23.29336,1.5834949,1.5916276
25.060844,1.5192635,1.5203955
28.139513,1.3433608,1.3287897
25.625883,1.6630743,1.6765065000000001
26.582407,1.2384605,1.2495415
24.890041,1.7598046,1.8049059
25.125603,1.6181728,1.640887
20.302156,1.5908729,1.885926
29.70086,1.4595497,1.4579558
22.769712,1.2740444,1.271313
28.600454,1.2913231,1.3061457
25.893177,1.4207620000000003,1.4344480000000002
23.387747,1.5476717,1.5674846
21.832949,1.4069854,1.4289706
23.916847,1.226613,1.2303321
20.476505,1.586862,1.5976391000000003
23.417805,1.6669163999999999,1.7238927
29.358988,1.3463345,1.3593063
22.367544,1.735806,1.749656
20.60867,1.6820006,1.7210963
21.63678,1.7289391999999997,1.6634940999999999
24.442259,2.008051,2.041092
22.322859,2.047157,2.0718164
25.151463,2.0820813,1.942008
21.641142,1.4326767,1.4377701
25.356915,1.6700337,1.6954243000000002
23.591597,1.3975451,1.386904
21.69176,1.5819496,1.6102726
25.889736,1.5394322,1.577503
24.851841,1.4193059,1.431134
26.722065,1.4291252,1.4564183
26.875074,1.3692956,1.3777098999999997
26.859306,1.2196368,1.2309647
24.085882,1.1128938,1.0717915
28.07266,1.5006759999999997,1.5072905999999997
20.51375,2.0194447,2.0136337
20.928507,1.1812294,1.4557428
23.78271,1.6217982999999998,1.6353642999999998
20.647135,1.0535028,1.0631328
22.361937,1.4955785,1.5000885
28.66057,1.8837744,1.9118035000000002
22.807568,1.4385922,1.4694393
28.67388,1.4862502,1.515455
21.331678,1.4777348,1.4687853
26.623985,1.6090251999999998,1.6244999999999996
24.077614,1.3498528,1.3823525999999997
20.576889,1.099895,1.0632385
21.1286,1.4017413,1.4271317000000001
28.0859,1.9955345,2.0286782
28.063948,1.2315023,1.2382638
26.183704,1.2695981,1.2785413
26.309505,1.167732,1.1658938
28.807093,1.3818675,1.3870938000000002
29.481323,1.6357967,1.662807
28.046118,1.2567273,1.2534609
20.190277,1.9619592,1.1753869
20.174591,1.6562,1.6627462000000002
23.540255,1.4838189999999998,1.4836363999999997
25.382328,1.4105283,1.4074614
21.213001,1.7016083000000002,1.7326982
25.232653,1.8570703999999998,1.8863718999999999
24.56088,1.5264946,1.537792
26.821007,1.0893953,1.0652711
27.955915,1.1210563,1.1295118
22.531448,1.3187811,1.3257765999999997
28.450064,1.6713212,1.6855019999999998
24.731009,1.2694993,1.246932
24.856924,1.5755583,1.5805614000000001
22.802303,1.766582,1.7950449
23.778994,1.1646196,1.1496418
22.246815,1.1964862,1.2145215999999999
25.98841,1.7283720999999999,1.7362126999999998
26.101921,1.6708596,1.6995862
29.876947,1.2166538,1.2143567
28.954401,1.3746687,1.3624649
22.485415,1.6509724,1.6656754
21.13055,1.6628523,1.6741176
29.709429,1.4717064,1.4763396
28.235628,1.4223121,1.4505160000000001
24.206434,1.5313398,1.5372708
26.278004,1.6795083,1.6849377
28.100155,1.7783914999999997,1.8105501999999998
29.69733,1.5455717000000002,1.5758088
29.663757,1.3499181,1.3510985
29.579382,1.116774,1.1094484
25.374487,1.7998284,1.82166
20.9904,1.3385818,1.3596559
27.656256,1.4406111999999998,1.4341616999999998
22.97377,2.0283813,2.0709183
24.293205,1.2669665,1.2069912
24.550432,1.5610653,1.656781
22.326593,1.1427641,1.1394064
24.266495,1.5426598,1.5311894
20.87588,1.7722582,1.6810927
22.554987,1.864336,1.9499875999999998
27.36889,1.3980759,1.4029574
20.509483,1.5561202,1.5775867
24.244322,1.6561075,1.6640193
21.450413,1.6838304,1.6283977
22.622839,1.5112023,1.5240071
28.438292,1.8388094,1.8820143
29.709648,2.0165746,2.055218
25.020061,1.8253443,1.7754858
27.811354,1.2387195,1.2524846
22.296541,1.6036118000000001,1.6584733000000005
26.489824,1.5393667999999998,1.5395698999999998
23.714716,1.7428799999999998,1.7608816999999999
24.919462,1.4269651,1.4668691
24.882214,1.6844925,1.7292554
22.921015,1.874294,1.9010369999999999
29.432142,1.0326321,1.0082489
28.87617,1.6886235,1.7066679
24.771105,1.6432288,1.6504636
25.63688,1.8102857,1.8798203
25.489218,1.2619658,1.2491343
22.77152,1.0993012,1.0880723
25.28861,1.3104042,1.3192991999999997
20.813679,1.634416,1.6571053999999998
26.187223,1.1979965,1.1920173
26.611055,1.8096796000000002,1.8282740000000002
25.81117,1.946873,1.9944277000000001
22.040285,1.6748778,1.6827378
24.200207,1.2739048999999998,1.2726494999999998
28.657406,1.6353674,1.6553233000000003
29.562717,2.0553963,2.0848243
20.552576,1.060228,1.1175327
29.074703,1.7541113999999998,1.7750579999999998
20.820505,1.1372982,1.1210666
28.54824,1.607448,1.614341
25.169493,1.159567,1.1553442
26.539406,1.4507269999999999,1.4469923999999998
26.648184,1.6364881999999998,1.6515130999999998
26.351332,1.1757302999999997,1.1660842999999999
28.70922,1.9906076999999998,2.0294017999999996
29.983622,1.9721532,1.9866114000000001
23.115837,1.2373688,1.2335067
28.123535,1.2573849,1.2648620999999998
29.476648,1.8445963,1.8850222000000003
21.356834,1.7942247,1.8061408999999997
25.53507,1.2764218,1.2834647
20.377365,1.6373333,1.6461279000000002
26.08502,1.3201586,1.3295648
27.220255,2.0496109,2.0970936
25.72781,1.3814614,1.3917458
25.11994,1.9042917,1.9432756999999998
29.27963,1.0657381,1.0672693
26.769566,1.5832458,1.606107
22.9904,1.7165835,1.7590457999999998
20.21506,1.3274715,1.350796
29.576958,1.326183,1.3345957
29.665655,1.8213251000000001,1.8525105000000002
22.098183,1.1635303,1.1501925
29.653028,1.4019811,1.4040544
25.319805,1.1681372,1.1694586
24.961319,1.3240145,1.3228016
23.735773,1.0601987,1.0376558
28.035484,1.1990342,1.1959004
28.470304,1.6508045,1.6760201
24.109823,1.4547259,1.4400797
27.310736,1.1609329,1.1325498
24.89165,1.424443,1.4440336
22.886986,1.954759,1.9873380999999999
28.501646,1.7214434,1.7607387999999997
24.870438,1.8665978,1.8574092
23.270231,1.4183567,1.419985
21.752287,1.7844951,1.8359928
23.650108,1.4403051,1.4469899999999998
22.736343,1.6330300000000002,1.6325121000000002
23.562496,1.5821698,1.5939283
29.447828,1.4309815,1.4162328
23.101294,1.4111104,1.4135027
22.824497,1.3516941,1.3646138
21.56827,1.7731580000000002,1.8646247
28.719734,1.7511276,1.7789749999999998
21.269651,1.5294436,1.5354037
29.728662,1.6085311,1.6238813
23.104141,1.785876,1.7885213
29.32844,1.261134,1.2705135
26.089518,1.4216844000000002,1.4096239000000002
22.392384,2.0365145,1.9598503
28.226906,1.3656763,1.3684168
24.865812,0.9692746,0.8736092
22.531319,1.119278,1.1235596999999997
26.819715,1.6538783,1.6568103
20.726997,1.2796462,1.2679665
29.034492,1.2402393,1.2401073
23.839016,1.4576787,1.4585140000000003
21.680368,1.5902957,1.6238251
28.571707,1.6583602,1.6651317999999997
29.94481,1.4669574,1.4834259
29.287857,1.0767747,1.0619135
26.552341,1.5182276999999997,1.5253424999999996
25.321342,1.7930272,1.809515
21.213894,1.7318758,1.8006930000000003
22.75995,1.0587401,1.0604792
27.539198,1.8727992,1.9161904
28.653555,1.2488846,1.2595842000000002
21.155056,1.2277974,1.2888434
20.695353,1.3509109,1.3416984
20.18365,2.0654247,1.3111362
26.819519,1.3224461,1.348408
25.775806,1.8168671,1.8419025000000002
25.788927,1.6337409,1.6646143999999998
20.355476,0.9774573,1.1045859
25.958752,1.4557284,1.4643134999999998
23.54328,1.4082811,1.4509342000000003
25.446865,1.5569196,1.5658588
28.45906,1.7302496,1.7708862
21.67223,1.5989624,1.5961514
24.305428,1.8285704,1.8482703999999999
28.007793,1.3770257,1.3737562
27.52096,1.1737512,1.1430452
29.8561,1.5806764,1.588826
28.054884,1.5676395,1.591646
21.374096,1.2856084,1.3016422
23.759727,1.5846949,1.5876458
28.082556,1.7319828000000002,1.762393
21.45692,1.9247345999999999,1.5937821999999997
26.774933,1.788272,1.8106587
29.030281,1.3902036,1.4030163
21.737003,1.385464,1.4107878000000003
21.162577,1.6548532,1.6717753
20.463814,1.1346318,1.0721813
27.773703,1.7259055,1.7564603999999997
20.270088,1.0343935,0.9971936
27.557877,1.8746403,1.8961448999999997
25.501137,1.4124479,1.4407799
21.230822,1.0952084,1.1311467
22.40456,1.4326643,1.412844
28.1802,1.3184710999999998,1.3180994999999998
28.97219,1.1059946,1.0986984
20.391214,1.8825811999999997,1.9253856999999999
20.094149,1.4908504,1.5046916
28.084923,2.0078368,2.0162477
24.287947,1.2286457,1.1912289
26.35559,1.7134719,1.7111905
24.60258,1.1523491,1.1467011
26.780937,1.4920156,1.4992127
28.788252,1.2837548,1.2871821
21.11235,1.3712916,1.2655118
28.838741,1.35817,1.3607771000000002
26.005747,2.116541,2.185108
23.115261,1.3287095,1.3310325
20.605106,1.6637093,1.6907804
27.010695,1.4271888,1.4471342999999999
24.135616,1.3788851,1.4063435
23.142155,1.2436537,1.247911
27.784105,1.4394907,1.4265485
21.995443,1.4800553,1.7232101
20.306595,1.4769161,1.4952397
26.426523,1.298632,1.3077218999999998
26.219538,1.6181955,1.6343291
25.59472,1.6273569,1.6488171
22.53488,1.3319608,1.3224006
27.28036,1.0483658,1.0124452
20.677288,1.4268991,1.44891
25.531105,1.5952508,1.6143167000000003
29.636742,1.8168659,1.8371928
28.257166,1.5403967,1.5541036
23.288189,1.6710538,1.6864107
29.898592,1.9353198000000003,1.9665828000000005
23.715277,1.2762061,1.2771227
28.91576,1.1771302,1.1754518
29.361355,1.7397163,1.7705172999999998
25.07545,1.2248809,1.2574494
24.610939,1.2362623,1.232285
27.079021,1.8406978,1.8900163
25.236584,1.7816193999999999,1.8147692999999996
26.396145,1.5893694,1.6036787
21.032711,1.7096627,1.7059753
21.538586,1.6892782,1.6731527
25.217325,1.2035425,1.1998549
29.11244,1.4280897,1.421809
25.60234,1.2046683,1.2026408
21.064663,1.6304199,1.6317291
22.999424,1.4951947,1.5075693000000001
27.673489,1.3541744,1.3610915999999997
25.848934,1.6898056,1.7154214
22.711473,1.311526,1.2991865
24.23608,1.1758016,1.1732295
27.486258,1.6289998,1.6361487000000001
28.756443,1.7412474,1.7670392999999998
27.4325,1.4743811,1.4966319
26.996336,1.5776362000000002,1.6051922000000003
23.07182,1.2196386,1.2319605
22.105415,1.7050977,1.7265387000000003
22.140934,1.2502879,1.2373443
25.443863,1.8827481,1.9273285999999998
22.18116,1.0217253,1.0186132
21.161495,1.1828878,1.1848474
27.190268,1.6217246,1.6333756
23.604034,1.8781862,1.900161
21.266138,1.2751174,1.3205192
27.511826,1.2804818,1.2844945999999997
22.311033,1.3492552,1.3351283
23.261875,1.0473677,1.0707476
21.949156,1.3979203,1.4152377
25.128046,1.5468746,1.5726774
20.521793,1.3062929,1.301878
28.723629,1.5652833,1.5714815
21.266552,1.6719592000000003,1.7036536000000002
23.930786,1.8402815,1.8227475
27.080853,1.3357829999999997,1.3364707999999998
28.378183,1.4270141,1.4458825999999998
29.992905,1.9943441,2.0174077
21.91615,1.7325732,1.7268069
29.74063,1.1608733,1.146147
25.965601,1.1562144,1.1592381
28.23015,1.7039273,1.72822
29.208967,1.5065172,1.5121173999999997
21.829885,1.3286881,1.3460855
21.411045,0.9998986999999999,1.0105119
24.519941,1.1061375,1.1047728
21.98069,1.7642353,1.7734897
27.713219,1.4995878,1.5196137
20.980759,1.613311,1.5961509
28.368534,1.945868,1.9774410999999998
29.091257,1.2878473,1.2925828
25.23244,1.2371063,1.2607163999999997
20.720312,1.3807219,1.3938932
22.451181,1.0634893,1.0426065
24.782314,1.432215,1.4373105000000002
27.18169,1.5135103,1.5342593
28.11567,1.6610072,1.6512911
24.94564,1.3658735,1.3725045
29.025375,1.7585844,1.7839683999999998
25.143364,1.1691388,1.2115548
29.976128,1.522376,1.5282999999999998
26.77511,1.5889208,1.6092343000000002
21.232777,1.5714408,1.6054528
29.448412,1.3278925,1.3211205
26.283857,1.137943,1.1259146
21.925365,1.4054126,1.4152558
23.777065,1.3701037,1.3652134
29.909077,1.6708322,1.6764641
29.87181,1.7621112,1.7981756
24.367138,1.221431,1.2110844
28.829493,1.1003562,1.090366
26.593302,1.3564979,1.3831553
21.224642,1.2364101,1.2393599
26.48922,1.3840533,1.3827677
21.772371,1.7617085000000001,1.7899652000000001
29.360262,1.3212041,1.3268578
29.432207,1.3813815,1.3774877
26.859938,1.6939491,1.7662394000000001
27.359007,1.5705097,1.5852051
27.360481,1.7218425999999998,1.7515608999999996
22.206406,1.8330903,1.1550477
26.33477,1.7458721,1.7631645
29.935427,1.3549922,1.3574214000000002
21.862385,1.7372929,1.7857866
29.776691,1.7494015,1.7777795999999997
21.39518,1.1981202,1.2119634
28.468578,1.3160876,1.3148723
24.772015,1.3390367,1.3387039
24.436436,1.1619774,1.1227224
20.074108,1.1278087,1.1263669
27.028883,1.4689518,1.489759
25.266924,1.0472193,1.0095145
28.199427,0.8909169,0.8611518
24.929274,0.87721837,0.86685824
27.978943,2.0153086,2.0503256
22.279383,1.705875,1.7394309
21.061106,1.3248199,1.329895
25.70942,1.234819,1.2032976
23.000448,1.4691623,1.4706165999999998
29.060627,1.3626018,1.3682055
28.7401,1.9651291,1.9858859
29.823467,1.3909672,1.4232237
21.029549,1.4119072999999998,1.0521480999999997
26.865385,1.3278348,1.3437202
20.662355,1.3645978,1.3887326999999998
23.454899,1.4268703,1.4236076
20.142645,1.4631033,1.4484901
29.502087,1.9509159,1.9750679
27.754503,1.5876994,1.6065020000000003
27.884989,1.2779708,1.2927067
29.84822,1.238944,1.2363079
24.625002,1.2875603,1.2832344
29.935476,1.6005346,1.6354647
25.128275,1.2290143000000002,1.2287073000000002
28.267986,1.328808,1.3452065
26.56931,0.9983601,0.9731509
26.658043,1.0879891,1.0390332
24.478252,1.7524476,1.861217
29.019476,1.1061823,1.0999255
23.438732,1.7492296,1.7944491
29.853102,1.6156379000000003,1.6238654000000003
25.383944,1.5625935,1.5732758
24.276062,1.2695007,1.2573335
28.60953,1.5525486,1.5420945
26.255342,1.7639047,1.7681003
21.31095,1.4988722,1.5036016
22.867008,1.8287654,1.9191604
26.521795,1.2973751,1.3042345
29.302744,2.0257776,2.0556033
26.689371,1.3538123,1.3682125
20.331326,1.0738105,1.013661
25.714321,1.5497278,1.5520351
25.281837,1.3995998,1.4191265
20.558884,1.6874615,1.6924429
29.12923,1.351085,1.3493125
27.303503,1.4495118000000002,1.4477844000000002
26.03583,1.5816875,1.5731721
29.123182,1.5575204,1.5751615
21.426115,1.6079652,1.6102405
25.024849,1.5441494,1.5551678999999998
21.419481,1.4665159,1.4905071
21.449314,1.0092286,0.99215853
29.676304,1.2114241,1.1984653
22.934958,1.4574593,1.5010271
26.986288,1.5043550999999997,1.5279629
27.03098,1.4371902,1.4390113
29.142815,1.5338174,1.5404509999999998
22.09508,1.9564422000000001,1.9939797000000001
26.461979,1.9604048,1.9845848000000001
24.3858,1.6194382,1.6286967
23.121582,1.2059367,1.4416349
27.57339,1.9398290999999999,1.9812972999999996
20.34365,1.6806561,1.7269063
20.444633,1.2586399,1.2525265
28.457718,1.187626,1.1824493
28.054815,1.7870544,1.8288351999999999
27.607838,1.5926359,1.6044626
27.18536,1.3632915,1.3855890999999998
25.838747,1.1120031,1.0954921
20.03731,1.4469124,1.2287514
20.319078,2.0132024,2.0351827
20.067099,1.9264983,1.9625873999999999
29.22899,2.0498192,2.0894823
24.571198,1.2797751,1.2751498
24.54296,0.9430168000000001,1.0662266
26.303152,1.7503941,1.7758791
23.205345,1.6140356,1.6153080000000002
24.682428,1.6462234,1.6783412
22.405514,1.5243067,1.5268233000000002
25.471409,1.7680892,1.7929294
26.748053,1.5007938,1.5115820999999998
29.576502,1.9718972,2.0015736
26.46278,1.6269411,1.6568835000000002
29.853825,1.3755472,1.3972034
24.242918,1.7700002,1.7871876
24.39389,1.6857198,1.6597686
24.772861,1.330547,1.3368788
28.959637,1.1215913,1.1090605
28.837873,1.6812842,1.7000282
29.905443,1.2059212,1.2153807
21.892866,1.4992279,1.5169661
24.497318,1.9726213,2.0049303
23.249212,1.7411021,1.7838974
28.135593,1.3414351,1.3502574
21.515429,1.1476384,1.1500044
23.990438,2.0389535,2.0971417
24.46904,1.4436295,1.4391093
27.95175,1.8218476,1.8459913999999997
27.858036,2.0255382,2.0630803
29.288944,1.3608966,1.3681419
26.084492,1.3678727,1.3782906999999998
28.976559,1.6893388,1.7005025999999999
23.972023,1.5195556,1.5214204999999998
26.496447,1.1320935,1.1161528
26.393282,1.3393521,1.3434021
27.447218,1.4951702,1.4989843
29.452469,1.7657276,1.7541573
20.66011,1.3582476,1.3480425
26.791168,1.0352201,0.96192545
25.958496,1.3358297,1.3215251
27.033619,1.4526634,1.4856367
22.424925,1.24825,1.2372851
28.962706,2.051994,2.1005821
21.299072,1.9712987,1.873446
25.481245,1.7107478,1.739933
27.556715,1.5484358,1.5609357
23.398369,1.3019344,1.3190652999999999
25.513731,1.2765746,1.2866209
23.878778,1.4698269,1.4785936
28.826439,1.3049845,1.3055832000000003
23.402874,1.1914515,1.1875198
23.713278,1.270911,1.2742515
20.32723,1.5086131,1.5203899999999997
25.489807,1.627237,1.6231952
22.355299,1.2634985,1.2673519
22.059443,1.6535721,1.6649055
24.768631,1.4411504,1.4680877
24.542522,1.0725783,1.0574226
23.783728,2.0113003,2.0191514
20.641605,1.5143114,1.0835651
29.510168,1.3677056999999997,1.3737320999999998
20.627308,2.065784,1.9782817
23.285538,1.9460068,1.987536
23.357347,1.4880278,1.5026464
24.283138,1.3544351,1.3700248999999998
23.471094,1.5594692,1.5806305000000003
27.378912,1.1671455,1.1710725
26.518879,1.4057827,1.4058156
23.019495,1.5877705,1.6030505000000002
28.929316,2.0065336,2.0279498
28.365528,1.7234123,1.7435772
23.477093,1.9632456,2.012174
26.576832,1.3463817999999999,1.3460123999999998
20.950874,1.8684932000000003,1.8876667000000003
27.87911,1.0166354,0.9718344
21.499346,1.5876977,1.6030137999999998
26.57551,1.5044167,1.5160348
22.91696,1.6773179,1.6636755
29.535732,1.0962965,1.0633585
22.112537,1.7165519,1.7279093
28.834093,1.4949157,1.5132382
23.849537,1.3126686,1.3307142
23.833763,0.9669688,0.9328467
20.5162,1.8137263,1.8562105
20.073719,1.7018031,1.711031
20.476748,1.3281271,1.326684
23.317997,1.388704,1.3817027
29.195496,1.1554818,1.1479766
21.493587,1.3970492,1.3722246
29.997314,1.262346,1.2615311
26.65402,1.7965294,1.8238027
25.859537,1.9331765999999997,1.9489261999999998
27.259884,1.7251168,1.7375425999999998
26.631601,1.6236215,1.6140816
26.75298,1.311215,1.3173602
27.671862,1.4428172,1.4413879
27.505184,1.5100921,1.5261698
24.354618,1.1654348,1.172899
21.91217,1.4853841,1.491339
28.238947,0.9836128399999999,0.9497307499999998
22.238205,1.4735067,1.4823177
21.303907,1.6091892,1.6273549
25.226929,1.0427302,1.0370495
24.44034,1.1217932,1.0361303
29.469664,1.7200438,1.7380446999999999
24.853315,1.2136174,1.2225478
25.125631,1.8092496,1.8405081999999997
23.975595,1.2536545,1.255564
26.772306,1.6694179,1.7082090000000003
22.210934,1.5380244,1.5990987
28.245306,1.4041721,1.4142988
20.383476,1.4966719,1.6868073999999997
28.92333,1.3621851,1.3449259
27.259008,1.2278292,1.2340112
25.53733,1.0666921,1.0017687
25.603655,1.1702884,1.1727576
23.965181,1.4720203,1.3669088
27.890436,2.0075953,2.0304675
22.379408,1.1195241,1.1516197
20.949547,1.2701162,1.2494802
23.19687,1.3077202,1.30388
25.966919,1.220213,1.2210014
25.150703,1.3820951,1.4214794999999998
22.629602,0.98986447,1.0146137
20.699942,1.8475125,1.7139931
21.43135,1.8601432,1.9124564999999998
27.9365,1.4338429,1.4360156000000002
21.910927,1.4988626,1.5086181
22.60318,1.4737339,1.5110738
24.106121,1.6833545999999997,1.7361108999999997
23.751966,2.0135105,2.0313387
26.063665,1.3009207,1.2792225
23.136223,1.5379886999999999,1.5518962999999997
24.14211,1.4322728,1.4420897999999998
26.966688,1.7084392,1.7235715
25.912193,1.9374105,1.9663402999999997
25.47755,1.8658078,1.9021833
27.74856,1.1543489,1.1461473
21.412586,1.0192089,1.0965168
28.596691,1.7934366,1.815975
20.885332,1.8883097,1.9264982
27.20281,1.4825925,1.5026352
20.67079,1.4702685,1.4701138
26.613785,1.5310831,1.5283539
25.93997,1.2140051999999997,1.2236379999999998
26.524082,1.2865897,1.2919726
20.826008,1.4431171,1.4703505
24.906038,1.5238112,1.5455146
23.849432,1.6544832,1.6405118
27.51139,1.8215668,1.8607078000000001
26.289621,1.4819806,1.4998426
20.940989,1.461629,1.4648552
21.125582,1.2161196,1.2193799
21.26417,1.4535513,1.4671459
21.659172,1.8373257,1.8136559
29.311302,1.3027191,1.295738
20.35004,1.7718849999999997,1.8309227999999997
27.74915,1.6840006,1.6948493
20.134771,1.5649261,1.6386719
22.659262,1.9820037,1.9707339
21.247833,1.9519948,1.8539743
20.211369,1.3550322,1.3496583
22.817896,1.4693266,1.4866486
24.006641,2.0483735,2.1424756
20.347527,1.7582772000000002,1.7871080000000004
26.12113,1.9679817,1.9925691999999997
22.975384,1.6809543000000002,1.7123618
23.620354,1.6892883,1.7257203999999997
22.044716,1.4127779,1.431359
22.080439,1.0207981,1.0172501
28.149126,1.4042854,1.383925
23.260372,1.850324,1.8765371
23.372238,1.7224686999999999,1.7213003999999998
23.589048,1.3853176,1.3916595000000003
22.680637,1.5901096,1.6096736999999999
21.275341,1.5453058,1.5691334999999997
23.582088,1.0080396,0.8784528
26.342997,1.4866973,1.4883873000000003
20.647203,1.3650875,1.3665733
25.288815,1.9535575,1.9890611
21.035553,1.3742383,1.3492403
20.107939,1.2840647,1.3449743
25.297783,0.99973166,0.9616966
23.277287,1.7363998000000003,1.7908845000000002
27.970022,1.4641225,1.4754753
26.9342,1.7720724,1.7925152999999998
28.66402,1.9397259,2.00321
21.385391,1.4808229,1.4959357000000002
29.991451,1.802546,1.8279974
29.52986,1.3128364,1.312638
29.540434,1.6427101,1.6595603999999997
25.123423,1.2263455,1.250443
29.315418,1.3299795,1.3481767
27.82361,1.6116221,1.6240599000000002
24.58034,1.4723445,1.4945891
21.692303,1.6168042,1.6141067
21.623919,1.7218716,1.7414206999999997
23.28911,1.5202827,1.5308478
22.283371,1.42615,1.4157908
26.665411,1.7331482,1.7519302
21.925829,1.7532214,1.7715704000000003
20.192747,1.0047281,0.9549549
21.35377,1.495099,1.4899888
29.620625,2.0134203,2.0509696
24.796324,1.7170218,1.7352048999999998
21.033726,2.0176098,2.041006
28.208826,1.503732,1.5071275
28.346128,1.760712,1.7839594000000003
23.78998,1.172141,1.1605406
25.237026,1.6446096999999997,1.6724945999999998
21.114405,1.2773049,1.2865162
24.554884,1.4205272,1.4302373000000002
28.642685,1.0540757,1.0219759
23.490753,1.6265657,1.6942866
21.646915,1.6140089,1.6416707
20.250708,1.0620677,1.098823
27.32732,1.3406879,1.3371978
27.546196,1.3295777,1.3291152
29.349615,1.3944832,1.396472
24.7794,1.579271,1.5906148
27.086958,1.4649304,1.4653728
20.608677,1.4990245,1.1908233
21.61152,1.7473699,1.7589094999999997
29.250074,1.3039374,1.3221663999999997
21.240414,1.9080745,1.9461415
26.90197,1.0425508,1.0215862
26.791454,0.96222806,1.3838575
21.106678,1.9331214000000003,1.9571769000000003
22.641663,1.6208316,1.6447439
22.0786,1.2192231,1.4319899
23.868563,1.4759054,1.4859157
22.997272,1.6678932,1.6778082999999997
22.85209,1.0852598,1.0855513
23.041328,1.4695426,1.7825329
21.187588,1.3928924,1.4261679999999999
28.753191,1.404323,1.4063480000000002
21.005207,1.5803814,1.5936558
22.266613,1.4822198,1.4619374
27.856966,1.1189549,1.1141822
25.690632,1.27983,1.2928605
27.854689,1.3585157,1.3656823999999999
23.131592,1.5216986,1.5625873
23.379034,1.3428155,1.3492107
26.293251,1.0603664,1.0318379
21.278933,1.3592908,1.4029174000000002
25.129736,1.3631109,1.3758137
27.16574,1.5418651,1.5487697000000002
28.060268,1.2553285,1.2571620999999997
29.212528,1.2538897,1.2711203
25.54125,1.3870373,1.4000373
21.12849,1.1662273,1.1535218
22.457365,1.8134638,1.8387772999999998
22.519567,1.8940376,1.9157403
27.444525,1.3871639,1.391618
20.302053,1.2840674,1.2865024
21.694788,1.8090404,1.8031354
23.393347,1.7221136,1.7500756000000002
21.493729,1.9435459,1.9590051
20.679739,1.0796899,1.0784131
20.103594,1.6960776999999998,1.8161427999999997
24.937983,1.0522085,1.0185058
26.7228,1.5179665,1.5215726000000003
20.056122,1.1838365,1.1666033
22.834557,1.8154925,1.8421080000000003
21.923628,1.4902465,1.459084
23.891287,1.1270115,1.1196849
26.537966,1.8398331,1.8629713000000003
24.378164,1.2173202,1.2032826
21.225742,0.9634995,0.98498493
28.49649,1.5122252,1.5354183
24.568932,1.5027345,1.5195324000000001
21.286518,2.030169,2.0806725
23.389662,1.264463,1.2583365
20.985798,1.6928905,1.5937164
21.711475,1.6607091,1.7004675999999999
28.644533,1.5995893,1.6064234
20.882084,1.6013385,1.6196148000000001
22.619146,0.94365495,1.0160595
22.756962,1.722511,1.7349996999999997
25.980585,1.3988792,1.4076191999999998
22.01177,1.5732065,1.5788324
25.510956,1.4220004,1.4291945
28.236013,1.7564945,1.7817097
21.910028,1.1589134,1.1739628
27.831621,1.7717884,1.7977915000000002
26.149155,1.3645278,1.3873594
25.336123,1.1903541,1.1845441
28.435904,1.76566,1.7777414000000002
21.346777,1.5692991,0.9510532599999999
29.940737,1.299303,1.3062785
24.474714,1.591993,1.5916498
20.924295,1.3418614,1.3497057
22.647966,1.3625578,1.3692887
24.984352,1.2649908,1.2608502
24.20052,1.3269912,1.3428707
25.700945,1.0681106,1.0503702
26.67587,1.1505605,1.1625905
21.664742,1.584925,1.6153595000000003
22.00887,1.5151291,1.5326891
27.46865,1.2852266,1.3018594
28.544317,1.3691149,1.382663
22.72459,1.569864,1.6153022999999997
24.449343,1.4788957,1.4557555
27.480537,1.4604475,1.4632158
28.55148,1.2769516,1.28315
22.176205,1.7000074,1.7153010000000002
28.330458,1.8353701,1.8457390999999999
26.676321,1.9566702,1.9464533
28.678059,1.9223008999999998,1.9608423999999998
20.421124,1.6580185,1.6789944000000003
21.456459,1.0927781,1.0992172
29.718735,1.342752,1.3454282
23.960138,0.9396930300000002,0.9158684000000001
21.773113,1.0542148,1.0476494
23.275156,1.3796891,1.8127952
29.675465,1.4815866,1.4945928999999998
29.183979,1.8189913,1.8350282
28.183552,1.436845,1.4616702000000001
23.633118,1.2153416999999997,1.2252766999999998
21.04946,1.9763404,2.0086143
24.265541,1.4029934,1.4164664999999999
24.700783,1.6763846,1.7004242
29.952665,1.5213401,1.5339865999999998
28.456915,1.37203,1.3602903
29.164948,1.4047974,1.408287
22.58311,1.5890152,1.604507
21.795355,1.429181,1.4150977
22.05913,1.8183769,1.8452301
28.264006,1.7212819999999998,1.7357775999999996
26.54061,1.2420979,1.2248812
28.246702,1.1435812,1.1410489
22.646305,1.7797929,1.780879
28.451105,1.5880708,1.6107322999999998
22.403618,1.5152372,1.1817646
24.165867,1.0616615,1.0379882
20.712626,0.9740908,0.9753386399999999
24.263111,0.99488777,1.352298
25.207943,1.1585248,1.1633775
25.073908,1.4243201,1.4467895
25.943655,1.5133187,1.5196185000000002
23.240263,1.4338262,1.4738896
25.341574,1.7710795,1.7957777999999998
23.862865,1.0826257,1.0630219
28.3661,1.3831794,1.3771019
21.834486,1.4287314,1.4345543
25.970915,1.8387651,1.866816
20.728666,1.4194168,1.4438336
28.443378,1.6370517000000002,1.6415777000000003
24.984695,1.2193149,1.2096298
27.587677,1.5454456,1.5508988
25.673393,1.0898936,1.1255105
25.260674,1.0191257,0.9875347
25.181507,1.6278688,1.6326243999999999
27.846523,1.5334888,1.5461373
22.569265,1.1331295,1.1625669
26.029852,1.2623042,1.2630258
29.680885,1.8978822,1.9189018999999998
27.626198,1.228606,1.2334683
20.576292,1.5563003,1.5508986
22.476885,1.8475091,1.8860463999999997
25.68523,1.7033465,1.7011065
23.084198,1.6979282,1.7204535
22.450619,1.107747,1.0885861
21.736599,1.5177467,1.5298522
25.077902,1.333953,1.3348467
20.816463,1.5981755,1.6398440000000003
23.645813,1.4264451,1.4832797
26.120495,1.7070374,1.7340434000000002
26.310907,2.0882857,2.0013857
27.966398,1.6864328,1.7033953999999998
23.69832,1.4904933,1.4453917
26.524076,1.5210565,1.5310484999999998
24.300745,1.1842575,1.1796772
25.140772,1.2572322,1.2686565
22.876175,1.6101882,1.6003551
27.033699,1.9900748000000001,2.0323117000000006
24.410013,1.3525038000000003,1.3469660000000003
29.85613,1.2983185,1.290684
28.644035,1.5891900999999997,1.6063558999999998
26.69903,1.3309789,1.327007
26.720636,2.0580258,2.126554
24.784882,1.29084,1.2893896
25.91546,1.7303705,1.7508658999999998
27.127981,1.2461767,1.2548966000000001
22.236588,1.8222867999999999,1.8872613999999999
28.460384,1.6861519,1.7079978
27.09673,1.6935127,1.7031138
29.934729,1.5937718,1.6030481
20.630081,1.6890116,1.7489908000000003
21.645021,1.5530329,1.5740206
22.612942,1.2974489,1.3154132
28.395205,1.3688083,1.3703932999999997
29.293354,1.9849685,2.0087388
28.655518,1.4095984,1.4108631999999999
26.588608,1.5432135,1.5569181000000003
25.239296,1.3699331,1.377908
24.866486,1.1837264,1.1861141
28.000647,1.5784348,1.5974407
29.07141,1.7461107,1.764365
20.604105,1.3526454,1.3094366
27.11406,1.1854085,1.1891801
26.121277,1.2826926,1.2911138999999998
28.362104,1.775261,1.8113679999999999
24.616747,1.1731316,1.1490865
29.40603,1.6229346,1.643112
26.725124,1.605995,1.6122434
27.313068,1.6545024,1.6714904000000002
22.319063,1.5065411,1.5282764
26.708292,1.4722729,1.4831035
28.912563,1.598051,1.6078979999999998
21.378576,1.7745291,1.7470825
28.270151,1.7502383999999997,1.7851004999999998
26.142365,1.2166688,1.2166581
23.105356,1.7798246,1.8143952
20.728016,1.7806036,1.8416302
20.723671,1.4616748,1.4648869000000002
29.150972,1.6034931,1.6060228
22.10674,1.4374892,1.4685805
22.351732,1.4151839,1.436775
24.619326,1.2397931,1.2389936
23.955765,1.2960271,1.2832379
28.532711,1.7031982,1.7386650999999997
29.444103,1.4988288999999997,1.523803
20.896534,0.98496497,0.9716744
29.510994,1.4739442,1.4831461999999997
26.913712,0.9304641,1.0066626
20.352625,1.0163194,0.98822504
24.204323,1.3893011,1.3946095
22.899172,1.3372811,1.3198318
23.963867,1.2446713,1.2304525
28.910738,1.6895736,1.7237441999999998
29.813473,1.4834195,1.4974159999999999
28.011171,1.6164011,1.6315241
23.16859,1.4645416,1.4728503
28.808544,1.4769086,1.4770069
21.672695,1.6096977,1.6276352
21.302107,1.6328,1.6557666999999998
23.641788,1.7049948,1.7133352999999998
26.345308,1.426432,1.426873
23.449924,1.2942572999999997,1.2836341999999998
26.837315,1.818028,1.8356493
25.983585,1.7109748,1.7258372
27.774155,1.2287704,1.219691
29.39043,1.2555866,1.2753608
21.950102,1.6303884,1.6873302
25.765408,1.434357,1.4417882
23.297316,1.5955336,1.6515328999999999
29.139809,1.3765395,1.3935609000000002
23.042086,1.9432948,1.9864347000000002
20.791294,1.5953536,1.5993812
25.75387,1.3726197,1.3748338
23.40018,1.4220394,1.3086369
26.467878,1.1397197,1.1377158
21.293142,1.6057037,1.6492414
25.005411,1.333871,1.3669899
26.574837,1.7140138,1.7271366000000001
21.5152,1.1102082,1.1185713
27.482327,1.283449,1.2391593
24.785326,1.6878841,1.7102567999999998
21.547106,1.8864279,1.9370975
21.609747,1.3623154,1.3691275000000003
21.814976,1.740922,1.7617588000000002
22.831718,1.8773576,1.8938239000000001
29.762516,1.1976882,1.1959338
22.747982,2.0430002,2.0863557
21.316763,1.3074089,1.3146837000000002
20.872139,1.0922309,1.1085274
27.769272,1.6738868,1.6892538
28.06321,1.2507509,1.2507982
29.801458,1.4703208,1.4805097999999999
28.519434,2.021794,2.043917
29.9999,1.7453157,1.788094
22.06859,1.6536472999999998,1.6796515
27.927446,1.7890579,1.8163786
24.858076,1.2064557,1.2264254
21.032124,1.703874,1.7425957000000003
27.047138,1.6189096,1.6382346
20.889664,0.9980702399999999,1.0168736999999999
21.750597,1.202285,1.2665119
21.459911,0.9376036,0.9246636
25.550604,1.4527347,1.4146857
20.322226,1.9736685999999999,1.9903346999999998
20.231213,1.1691308,1.1573153
23.804533,1.5591597999999998,1.5838233999999998
23.933575,1.9997188,2.017756
26.629295,1.8333576000000003,1.8528333000000003
22.661093,1.2186618,1.1937244
27.783026,1.3820195,1.4021721
21.75134,1.9949895,2.0417852
25.91015,1.5705785,1.5786800000000003
20.916172,1.9875607,1.9363465
20.263739,1.1380342,1.0947273
20.075764,1.5524381,1.5436203
25.550974,1.409,1.4162617
21.637863,1.6936893,1.7175359999999997
22.51402,1.1731794,1.1793334
20.498219,1.3342735000000001,1.3582087000000003
22.13987,1.7456753,1.6821356
29.951857,1.8872782,1.9085991
26.52236,1.1314151,1.1063931
20.207275,2.0603998,2.1341255
21.590565,1.2159947,1.660311
24.088852,2.072242,2.1048124
28.693304,1.659266,1.6787492999999998
20.416386,1.5643946,1.6039615
21.932333,1.8574531,1.9410048
20.200588,1.4423876,1.4256155
28.832684,2.0384727,2.0511622
28.231262,1.4484493,1.4614778
22.631542,1.2777882,1.265708
26.3708,1.1380911,1.1352682
25.867847,1.693572,1.7135229
26.748205,1.4268538,1.4182489
21.648497,1.712127,1.669374
27.774221,1.1961967,1.2082508
23.135382,1.3481742,1.3549793
23.928839,1.8319935,1.8737600000000003
24.18917,1.4333595,1.4345348
22.363937,1.3766513,1.3952148000000002
21.331366,1.4208179,1.4352252000000003
21.368858,2.008171,2.0514965
23.816196,1.2824395,1.2781351
23.9714,1.3550146,1.3615837
26.316687,1.3311453,1.4528310000000002
22.126057,1.1785154,1.1849644
28.478731,1.4565916,1.4733512000000002
24.486292,1.8909086,1.888485
25.5818,2.037237,2.027366
20.514275,1.8905208999999998,1.9546684999999997
28.301111,1.5834922,1.5962376999999999
22.620174,1.1351681,1.1320162
24.293882,2.0013354,2.0534544
20.36195,1.3372328,1.3393507
28.237896,1.7463857,1.7706861
23.343699,1.6445056,1.689295
28.103779,1.7567731,1.7761648
20.746166,1.5473219000000002,1.1315396000000002
24.972338,1.9555132,1.1773185999999998
24.985386,1.6186038,1.6458552
25.520325,1.3427042,1.352037
20.369257,1.4694333,1.4771185
23.163635,1.3586724,1.3818798000000003
22.636229,1.3426238,1.3503346
28.121134,1.9039679000000003,1.922512
26.311779,1.2541199,1.2590138999999998
24.594604,1.0281461,1.0018053
21.06188,1.7847773000000002,1.8197165000000002
27.243559,1.5785375,1.5971562999999998
27.165386,1.74169,1.7594116
22.797064,1.4277188,1.428549
28.421152,1.4967549999999998,1.5036373
25.455622,1.4236974,1.4376962000000002
26.12259,1.4511272999999998,1.4758595999999995
22.62018,1.4008326999999998,1.4248415999999997
21.729866,1.0629574,1.1055491
20.456066,1.2024044,1.2095525
20.72144,1.8957919,1.9491861
20.351343,1.2795405,1.2795093
22.753714,1.2579193,1.2601385
21.893877,1.4010849,1.3948388
28.061745,1.310486,1.3217328
28.220629,1.447153,1.4317267
26.534363,1.7949772,1.807157
29.408138,2.0248797,2.0789979
20.548798,1.3310603,1.3513494
22.453146,1.5400368000000002,1.5538318
29.204206,2.0728576,2.0742177999999996
24.133718,1.6071839,1.6149926
27.06416,1.1604744,1.148097
22.7338,1.4346584,1.4090593
24.977951,1.754745,1.7856807999999997
24.95541,1.3507532,1.3551118
21.460695,1.8038466,1.8276796
28.203363,1.0161437,0.98570955
27.987183,1.4330275,1.4453909
22.254944,1.9322748,1.9566641000000002
22.013283,1.3406713,1.3647265
29.288662,1.9630541000000001,1.9789846000000004
25.357454,1.4258993999999998,1.4537889999999998
26.756605,1.443156,1.4671873999999998
23.604532,1.7949140000000001,1.8252277000000001
26.012009,1.3426008,1.3479283
29.663107,1.1910776,1.1927121
25.442581,1.2941141,1.2977958
24.392597,1.8359687,1.892976
22.600039,1.1935446,1.2029753
23.565979,1.7798752,1.8053720000000002
27.55737,1.9185194,1.9527266000000003
28.920797,1.059691,1.0440323
23.973373,2.1443815,2.1762886
24.891567,1.7904712,1.8017685000000003
21.651068,1.7905513,1.7594798
25.274164,1.6885871,1.7016621
29.084316,1.4516804,1.4744828
20.434505,1.5868816,1.5710466
27.373075,0.9151977299999999,0.8538838599999999
24.112356,1.3090944,1.3162012
21.210005,1.8142817,1.8430511999999997
20.625751,1.2281667,1.1822908
24.43029,1.4113394,1.4347906
20.167782,1.0587825,1.0462322
22.301373,1.5736501,1.5693924
28.747755,2.030483,2.0485015
24.345215,1.5441444,1.5561353999999998
25.509853,1.1202999,1.1049235
21.210253,1.3020372,1.2955399
21.571234,1.7167479,1.7308538
26.887966,1.0323358,1.025373
25.0668,1.7165614,1.7693527
25.607662,1.5612655000000002,1.5868053000000002
20.359083,1.7177051,1.7292007999999999
22.493504,1.2503432,1.2576468
21.221157,1.7671201,1.7968461999999998
22.4918,1.9094065,1.8867757
20.441055,1.5063605,1.5592444000000003
29.310547,1.5852019,1.6079220999999997
23.058493,1.1780499,1.1608205
27.693762,1.6916559,1.6915383
25.272284,1.4173511,1.4275050000000002
27.718775,1.3526692,1.3727798
29.299023,1.2903954,1.3078563
25.387121,1.8767569,1.8903648999999998
26.866995,1.2720804,1.268055
20.65232,1.3917572,1.4468582
23.59068,1.3151183,1.3325833999999999
25.75701,1.6013691,1.6167598
27.862555,1.4152175,1.4315321
20.925797,1.3111525,1.3026452
22.54358,0.96649474,1.0328369
29.818352,1.4789374,1.4803705
24.843035,1.2905027,1.3081949000000002
27.257153,1.1771145,1.1789916
20.941624,1.1150687,1.1007212
22.674055,1.8182898,1.8645003000000002
28.152533,1.5946021,1.6070029999999997
27.923767,1.9507,2.0143504
28.235613,1.0817614,1.0672842
23.32037,1.2401087,1.2533455000000002
29.471521,1.8043416,1.8418026
24.920578,1.2579558,1.2536736
27.246862,1.3364295,1.3355656
26.227297,1.1280557,1.1151304
22.318972,1.5387473000000003,1.5449007000000003
25.96376,1.9199398000000003,1.9514313000000003
26.744728,1.5136673,1.5310264
24.37263,1.2752479,1.2798531
25.319113,1.2956653,1.3113406000000003
27.249441,1.4332176,1.4530456000000003
29.184841,1.4173445,1.4256201
27.04804,1.6255448,1.6391376999999998
21.804611,1.5471853,1.5628839
21.117802,2.078047,2.1247115
25.169176,1.1796819,1.178657
28.183935,1.2286773,1.2303813
24.629509,1.3008146,1.3142531
23.870783,2.0211148,2.0350091
29.218863,0.9811493,0.98068476
29.333025,1.2717067,1.2664406
28.290924,1.5959827,1.6045500999999998
27.653387,1.3875294,1.3980997
23.4423,1.1376178,1.1261089
28.847113,1.4064369,1.3997433
20.04994,1.8331168,1.8817469999999998
23.777216,1.0235443,0.99361503
29.336967,1.2899392,1.2922094
27.499788,1.4501185,1.4671391999999999
28.454285,1.3218052,1.3333261
28.476107,1.6382353,1.6508644
23.004545,1.6552182000000002,1.6711430000000005
22.52619,1.8694,1.9256041000000002
24.34903,1.3240875,1.3543534
24.962595,1.3387843,1.3425617
29.124636,1.6151017,1.6253036999999997
23.039495,1.3519586,1.3519583
23.098087,1.3830074,1.3965063000000002
22.806448,1.2297649,1.2440455
27.54781,1.7523096999999999,1.7726545
24.027096,1.9577531,1.9826655
21.82094,2.0542119,2.0439248
22.327524,1.9659126,1.9936538000000001
29.416546,1.7657586,1.7701111
24.018242,1.7927245,1.8350949
22.13309,1.5852444,1.5987437
27.863733,1.4232323,1.4298077000000002
28.208355,1.4936898,1.491673
21.160765,1.6815667,1.6893222
25.566048,1.8061217,1.8146896
25.421398,1.3927802,1.4036851000000001
26.92765,1.6091642000000002,1.6169198000000002
28.077631,1.6698931,1.674864
27.16964,1.7397436,1.7603409
21.117098,1.8511239,1.9074616
27.692192,1.6844271,1.6974862
29.289145,1.3182784,1.3279119
22.27096,1.935778,1.9815185000000002
26.448866,2.109913,2.1482303
20.714575,1.5772828,1.6221535
27.380205,1.8109765,1.857225
22.199806,1.6833475,1.7583084000000002
20.207424,1.3361993,1.3791339
22.194117,1.297471,1.2734454
22.41564,1.4778068,1.4785643
27.649965,2.1023557,2.1518724
24.162657,1.4956013,1.5358133
21.70718,1.2260877,1.217921
28.46905,1.6964095999999997,1.7004266
26.109861,1.8548684,1.8783657999999999
29.100304,1.140516,1.133563
25.264778,2.0556772,2.0892322
28.712744,1.6553752,1.6793175
28.77579,1.9722219,1.9852139999999998
26.27102,1.8632243,1.9154160000000002
28.574955,1.2953929,1.3256626
26.86948,1.2118963,1.1914189
29.81022,1.4828742,1.5009059999999999
29.803764,1.149995,1.1327634
22.804287,1.6153375,1.6510602999999997
26.752598,1.6065328,1.6438953999999997
20.80406,1.2303401,1.2253032
28.60832,1.4412444,1.4575815
28.3186,1.2123892,1.1985946
26.497034,2.1652064,2.1308517
28.186798,1.3730178,1.3685162
26.688934,1.1616014,1.1627703
26.819012,1.4573678,1.4592681
27.8102,1.5441176,1.5449786
23.630127,1.6198853,1.6319336999999998
24.727003,1.6188204,1.6466153
22.626476,1.0625539,1.0112443
29.905651,1.7835083,1.8037116999999998
21.78926,1.4474732999999997,1.4719137999999998
25.806557,1.7795940000000001,1.8145144000000002
21.728168,1.9192083,1.9429038
22.566757,1.0727618,1.1325972
21.606186,1.7798479,1.7919973999999999
29.120508,1.6377121,1.6558265999999997
23.14548,1.2291561,1.2228036
29.168217,1.4507917,1.4578651999999999
21.532997,1.5229738,1.5464098
22.003277,1.266695,1.2459688
23.811996,1.7065895,1.803777
21.128866,1.1326146,1.5590672000000003
25.176407,1.6712577,1.6847403
24.3892,0.98744106,0.97127295
22.526783,1.8414737,1.8906736
26.694983,1.5892513,1.5988355
22.59729,1.3778459,1.4034829
29.552319,1.1815832,1.1784749
21.166334,1.778011,1.7893288
23.243538,1.8579769,1.8997984
20.824215,1.5713072,1.6058048999999999
24.327799,1.3451494,1.3394918
25.475878,1.7540196,1.7847362
29.057375,1.3853117,1.3857539000000003
26.221064,1.4951255000000003,1.5243485000000003
24.58733,1.1322105,1.1459935
24.8922,1.3733159,1.3926024000000001
29.56786,1.1806234,1.1478
22.24817,1.2218494,1.2166061
21.28731,1.4578844,1.4585884000000002
20.237509,1.8115777,1.8767407000000003
24.726767,1.8780026,1.9162972
28.883661,1.5080277,1.5062008
27.614399,1.1512004,1.1754882
20.27222,1.7325084000000002,1.7472448000000003
26.37441,2.1084473,2.181631
20.827116,1.8434501,1.8987105000000002
22.765284,1.16642,1.2020881
23.168856,1.2773769,1.2910395
29.975172,1.542455,1.5624585000000002
24.547428,1.6443912,1.6515956
26.104881,1.6410974,1.6498041
21.10003,1.4099962,1.3999712
26.298944,1.7462707,1.7627598999999998
29.015888,1.818217,1.8580623
28.044426,1.5059438,1.4971468
29.02974,1.1841694,1.1839132
26.199064,1.3519878,1.3430786
21.338215,1.3934301,1.4000835
23.695663,1.2498412,1.2474685
28.7883,1.8485984,1.8790355
25.863165,1.4648067,1.4670796000000002
21.063383,1.7076734,1.7723742
23.36977,1.0888051,1.1420681
27.667038,1.4881629,1.5038176
21.809942,1.4453341,1.4497764
21.310362,1.9532961,1.8701422
21.849714,1.5960512,1.6031234
20.8589,1.2396171,1.2554398
28.771948,1.6957582,1.7275043000000003
23.257326,1.6897477,1.6870298
22.825157,1.9002012,1.9093322999999998
23.868584,1.1688602,1.16558
28.429905,1.122831,1.100453
21.53724,1.3935069,1.4081179999999998
26.100843,1.2432312,1.2476585
22.428843,1.5297033,1.570354
25.365644,1.4400434,1.4539409
29.597265,1.8137835999999998,1.8347165999999995
22.938227,1.7842044999999997,1.8132440999999997
29.371916,1.5003281,1.5216208
26.059856,1.08469,1.072015
22.38372,1.9570439,2.0152059
25.481285,2.0385602,2.1129591
21.829985,1.4776347,1.5060227
27.235079,2.0234456,2.0642781
23.921183,1.4711728,1.4723860999999998
20.869427,1.2411166,1.2420659
21.324028,1.0649438,1.0984111
28.588297,1.6992395,1.7093282
26.693634,1.3395563,1.3572457
24.916967,1.6139001,1.6056039
20.391607,1.1105727,1.1248794
26.48745,1.4274607,1.4349983
21.228165,1.583952,1.5862315
25.215958,1.6399775,1.6396782
21.719622,1.6317644,1.6582941999999998
25.246214,1.8995123,1.9415257000000001
22.165115,1.5832522000000002,1.5992420000000003
22.897518,0.97793436,1.4106607
24.160004,1.4797184,1.4871762
21.370907,1.2321374,1.2159796
22.707657,1.8761508,1.9259583999999998
23.944078,1.2517998,1.2425656
25.464893,1.5971467000000001,1.6312866000000001
24.552338,1.3893011,1.3899269
27.378702,1.0526925,1.0368632
20.184462,1.3359969,1.3316846
29.047985,1.9063902000000001,1.9371781000000003
28.38074,1.0563227,1.0534189
20.417778,1.1089013,1.0323361
29.460127,1.4503893,1.448585
21.977587,1.5024974,1.4949913
24.298399,1.6856822,1.69574
24.957247,1.8644541999999997,1.885452
29.39942,1.4240289,1.4331434
23.48832,1.9557017000000003,2.0293290000000006
29.256672,1.7452532000000003,1.7598255000000005
29.769556,2.0607,2.0949838
20.945768,1.0987909,1.0773475
22.879162,1.3254017,1.344286
23.048851,1.5255921,1.5044956
23.477198,1.4229174,1.4355261
21.016273,1.8048141,1.3825135
25.09636,1.3893328,1.3796706
20.213743,1.242657,1.2347195
29.943054,1.4733021,1.4801362
23.005104,1.4910182,1.5001423
24.603224,1.5516895,1.5334358
29.169535,1.5303591,1.5457366
28.635422,1.4186256,1.4303833999999997
22.461044,1.4835601,1.5252731
20.285194,1.8762039,1.8873136
22.466475,1.7916064,1.802527
20.310024,1.4125538,1.3812468
29.030874,1.5243036,1.5440903
28.875845,1.0383536,1.001075
22.391222,1.4615312,1.4779131
21.964897,1.3183652,1.3059022
24.029884,1.3398072,1.3573368000000001
28.138903,1.3205511999999997,1.3174058999999998
23.279217,1.7226245,1.7737894000000003
20.208403,1.2526,1.3891537
23.485971,1.4009224,1.3969042
28.942749,1.6124574,1.6236312
23.00542,1.6512829,1.6706020999999998
25.656094,1.393865,1.4036322000000003
27.967413,1.2393163,1.2304106
25.417685,1.6934884,1.7438343
20.678331,1.5080999,1.5282135
27.473814,1.0338554,1.011442
29.38368,1.2385786,1.2331243
28.95865,1.6889372,1.7017355000000003
29.747623,1.7739124,1.8013256
21.902407,1.3108988,1.3136332
22.986265,1.3060894,1.3265331
26.665833,1.5404261,1.5488899000000003
26.528751,1.0508593,1.0315769
24.574812,1.0763466,1.0301298
20.013391,1.6858513,1.6886337
28.860922,1.7265092,1.7433777000000001
22.449753,2.034379,2.0876818
22.984941,1.4426607,1.4487936000000001
26.72886,1.0910245,1.0821049
28.759308,1.5343031,1.5509469999999999
24.43753,1.1907444,1.1880097
28.261543,1.5690216,1.5876923
29.299093,1.8636628,1.8952494000000002
23.479021,1.0760773,1.0834374
24.378027,1.7770269000000003,1.8124709000000003
29.336401,1.0372528,1.0231549
28.827515,1.9944185,2.026897
29.360859,1.3083675,1.3163428
22.359966,1.5235251,1.5882072000000003
24.889196,1.814266,1.8299227000000002
23.839989,1.3921521,1.3037655
23.9895,1.1443484,1.1017988
23.838493,1.3079058,1.3241668
27.869602,1.0785344,1.0695142
28.94368,1.4268019,1.432339
26.531935,1.9953222,2.0264783
29.677235,1.420117,1.4159064
25.113663,1.4449782,1.4417303
26.309256,1.8662612,1.8865049000000003
29.639097,1.1363056,1.1453111
20.997295,1.9692354,2.0226038
24.293024,1.2611594,1.2562604
20.756857,1.7608851999999997,1.7306410999999997
23.727417,1.03266,1.0053513
23.892574,1.76524,1.7993131
26.909866,1.2746133,1.273493
21.775372,1.3439995,1.3365943
28.010576,1.1867144,1.1944902
28.69395,1.3146062,1.3203642
22.181103,1.3517939,1.3571458
21.747808,1.3174871,1.2233002
23.968248,1.7332996999999999,1.7652182999999995
21.558905,1.5285107,1.5338135
20.958826,1.924368,1.7041922
22.457176,1.1080548,1.1170392
27.284798,1.7861197,1.8157256000000002
26.509483,1.6342586,1.6479070000000002
27.747149,1.6970925,1.7243092
29.758755,1.4015963,1.4044401999999998
21.586838,1.800902,1.8256335
28.89658,1.5646048,1.5829181999999997
25.479166,1.2061324,1.193064
26.979607,1.1627904,1.1619339
21.038216,1.291334,1.2828457
29.662329,1.5866107,1.5988540999999998
28.8871,1.6300222,1.6445216999999999
29.819897,1.2243998,1.2138336
20.014389,1.4864888999999997,1.6770085999999995
28.026056,1.4766784,1.4712818
28.085007,1.3685464,1.3786663999999997
29.934937,1.5113077999999998,1.5179369999999999
21.229929,1.7434908999999998,1.7526902999999998
24.6755,1.3532366,1.3515656
25.665396,1.3845661,1.3814542
20.372807,1.5019197,1.5112402
26.761751,1.7888438999999998,1.8216037999999997
20.892807,1.7230301,1.7348892999999999
24.870592,1.7960844,1.8067436
21.738073,1.4284776,1.434921
24.600695,1.1970028,1.2271492
22.26556,1.3258593,1.3359866000000002
23.609097,1.4109399,1.4184613
22.248962,2.0447996,2.068162
21.8107,1.5501769,1.5748866
28.656555,2.043786,2.094198
28.28913,2.0494976,2.066058
26.87673,1.5494769,1.5677445
20.986708,1.7491113,1.7276018
26.540354,1.453208,1.4744699
21.074478,1.6715915,1.687669
26.448748,1.3184928,1.3329306
20.390394,1.8998014,1.7395258
25.776384,1.6441121,1.6532662
25.211414,1.5043007,1.5196327999999997
20.166533,1.1530229,1.1563115
26.93421,0.932684,0.8931369
26.603676,1.582161,1.5912919
22.438309,1.6199663,1.6598070000000003
28.326004,1.2016921,1.202944
21.026262,2.038795,2.0791745
24.071955,1.2484449000000002,1.2496786000000002
21.118032,1.6964113,1.7171683000000002
22.243233,1.7018276,1.7467858999999997
28.536245,1.1006775,1.071568
29.33336,2.007007,2.0480542
23.707378,0.8811881,1.5798991
28.292606,1.2255777,1.2186348
29.033916,1.2762736,1.2891679
26.138796,1.6291426,1.6319304000000001
27.099472,1.5751271,1.5935309
25.623533,1.2285732,1.2381136
26.218237,1.8863694999999998,1.9071125999999998
26.705153,1.1764843,1.1683652
23.59602,1.7822728,1.8070068
27.518415,1.2771431,1.268645
28.716074,1.4144927,1.4175090999999997
29.458403,1.5506190999999998,1.562989
28.74294,1.5335102,1.556323
25.651247,1.6548524000000002,1.6752672000000002
28.866777,1.0514684,1.0337064
23.36835,1.3560336,1.3717647
22.176325,1.4759096,1.4851665
27.560848,2.043912,2.0913045
24.409946,1.6769219999999998,1.7117611999999995
23.198713,1.5327905,1.5409944000000002
29.380646,1.3733846,1.3825378000000001
26.345821,1.5263785,1.5438359000000001
22.748363,1.3382852,1.6087918000000003
27.326836,1.8383543,1.867305
28.041128,1.3382719,1.3478887000000002
23.965492,1.1982429,1.1922967
26.196276,1.590464,1.5962602999999997
22.64602,1.9598206,1.9586115
20.728354,1.3645334,1.3549223
24.041298,1.4533427,1.4634469
25.64182,1.0872667,1.0766411
20.074337,1.5936179,1.5958256999999998
27.966784,1.2072847,1.2011828
22.705301,1.5141399,1.6354809000000001
22.423841,1.7726911999999997,1.7865643999999996
25.142101,1.6673825,1.6722593
21.195362,1.1780243,1.1875162
21.365707,1.2174082,1.1980531
23.41038,1.4126394,1.4139898
24.574362,1.8486813,1.8699503000000002
22.63518,1.6718322,1.6985626
21.476257,1.5616683000000002,1.5866263000000003
29.031105,1.3079247,1.2999914
29.051472,1.7316338000000002,1.7504137000000002
24.421265,1.7735949,1.7913153
26.728199,1.3883066,1.3894591
28.740532,1.5784824,1.5812528000000001
22.090307,1.4457929,1.4608686
24.845266,1.8841556,1.9485564
21.872408,1.7310027,1.7167242
29.957321,1.4906421,1.5162747
20.90002,1.2937778,1.3255494
25.178057,1.5819836000000003,1.5657067000000002
26.858524,1.5429957,1.5614693000000002
21.114231,1.2475866,1.2632592
26.41951,1.2930603,1.285682
24.67703,1.5369371,1.5438592000000002
27.340792,1.5362198,1.536593
22.391758,1.3504914999999997,1.3727716999999997
22.599922,1.9123231,1.9421511000000002
20.50252,1.6273327,1.6696801
25.294643,1.3856084,1.3940597
22.814539,1.5359579,1.567172
20.290154,1.7102908,1.7381063
21.796272,1.7238419,1.7396958
21.254272,1.8441552,1.844511
20.094164,1.6926767,1.5307558
28.18912,1.346746,1.3537366
22.32367,1.7847651000000002,1.8175159000000003
20.8804,1.2846507,1.274673
22.326008,1.5754303,1.5781573999999998
27.728342,1.1903019,1.1993835
20.968573,1.6167321,1.6333146
21.659672,1.3125585,1.3569949
21.382778,1.6865273999999997,1.6783835999999999
29.680233,1.3533852,1.363291
21.864143,1.8314676000000003,1.8226085000000003
24.88552,1.4993619,1.4920592
21.223728,1.9105146,1.8678675
25.510096,1.6833885,1.6960103999999998
25.9031,1.3102325,1.2916253
22.824457,1.687623,1.7043734
25.023973,1.1703594,1.161562
27.031097,1.9644902,2.00129
20.05786,1.396566,1.4253036999999997
21.671627,1.7439255,1.7614062
26.452414,1.4311025000000002,1.4430256000000001
22.885103,1.6012738,1.6211986999999999
29.126781,1.2179714,1.2182333
25.365715,1.593899,1.6004194999999999
27.517792,1.2692409,1.2551222
22.950758,1.4398745,1.4492269
24.715027,1.9296093,1.9651212999999998
24.716663,1.4940338,1.5051319999999997
24.148882,1.9268835,1.9576137000000002
26.983252,1.0783651,1.0802081
25.734695,1.8727009999999997,1.9078205
21.68264,1.2648797,1.2972152
21.350025,1.4296507,1.4312651
25.57751,1.1970532,1.1731277
23.106394,1.5850699,1.6011728999999997
21.533463,1.4827237,1.4880047
23.006155,1.2946922,1.2957416
29.621399,1.9356959999999999,1.9536714999999998
20.926905,1.4318677,1.4565597
21.171606,1.2205445,1.2222087
27.481306,1.6331083,1.6494424
21.970884,1.5915958,1.6089923
29.850409,1.3486264,1.3555818
24.643589,1.642908,1.6286573
22.134634,1.5106250999999997,1.5180904999999998
29.204151,1.5249836000000003,1.5550034000000001
23.938534,1.7559262999999998,1.7836341999999998
28.06091,1.1687205,1.1422489
27.01736,1.4245794,1.4321286999999998
24.866823,1.1959949,1.194581
26.315378,1.6053973,1.6297812
24.132116,1.8324864,1.8566891999999997
28.399946,1.5663463,1.579258
25.344173,1.7760572000000001,1.7971840000000001
29.128862,1.4845089,1.4881596999999998
23.722755,1.6232289,1.6614255999999998
23.347826,1.4204082,1.4309711
28.109318,1.8101923,1.8392885000000003
27.889702,1.0373663,1.0116366
23.3775,1.5489490000000001,1.5488901000000002
27.449795,1.7203305,1.7298701
27.57754,1.3193672,1.3127289
21.534985,1.4955745,1.5028491
27.081835,1.1894736,1.1974359
25.083366,1.076643,1.0745
23.356363,1.3322272,1.3382893
23.661999,1.4274319999999998,1.4514798999999998
27.184217,1.239504,1.2424073
29.34051,1.1122413,1.084909
26.688633,1.5354227,1.5458279
28.950388,1.1019278,1.1048255
26.20953,1.2319683,1.2322733
24.579027,1.7349465,1.7733762
29.274181,1.4958782,1.4852464
21.714668,1.6053636,1.6078124
29.856583,1.9026203,1.9094319000000002
27.958218,1.4550083,1.460213
21.820072,1.9230667000000001,1.9563425
25.399044,1.5631255,1.591886
29.345009,1.3211803,1.3282461000000003
29.116974,1.4070136999999998,1.4084419999999995
25.790983,1.5630926,1.5817096
25.073072,1.694034,1.7384651000000002
29.703905,2.1408076,2.1717002
24.473673,1.1021683,1.1191216
24.323345,1.5042038,1.5133890999999997
27.510208,1.7787089999999999,1.8135326
24.424845,1.7969028,1.8113337000000003
22.345032,1.7617761,1.779033
22.171423,2.0502417,2.1121607
24.027632,2.0541391,2.1092713
25.713472,1.6100329,1.6180308
20.444946,1.4248873,1.422579
22.454105,1.0962446,1.0635387
22.033602,1.5642987,1.574028
22.37277,1.266149,1.2729788000000002
29.098293,1.7414029,1.7682935999999998
20.904356,1.5628157,1.1986067
21.50421,1.4716036,1.4806108
24.15064,1.4902614,1.4872973
21.737482,1.6713783,1.6554976
25.808355,1.3509132,1.3413594
27.93267,1.3819159,1.3783007
26.55657,1.4687864000000002,1.4825642000000003
21.021204,1.318998,1.2748384
24.041376,1.189987,1.2153363
22.546211,1.7999777,1.5244224
23.840067,1.478535,1.4650753
20.683666,1.0742757,1.0494741
28.178097,1.3275931,1.3400977
24.975187,1.3540466,1.3465779
26.168226,1.6134953,1.6411510000000002
20.016026,1.3023671,1.3199716
20.870241,1.6232148,1.6266918000000001
25.664997,1.690503,1.7163231
23.65163,1.1868371,1.1746123
24.74203,1.2041695,1.197397
26.745321,1.1219711,1.1011362
28.896687,1.4067392,1.4101508
26.90733,1.6757119,1.6997187
21.809906,1.4912828,1.5025575
20.02256,1.1006035,1.1174412
29.244257,1.3287419,1.3582923
20.703352,1.6544648,1.7062968999999997
24.732807,1.8184938,1.8600198999999997
22.841133,1.4334213,1.4536083
20.416714,1.9640411,1.9760363
27.951107,1.6564411,1.6843727
23.37282,1.456215,1.4764533000000002
28.320206,1.4417357,1.4422414
21.431028,1.5598651999999997,1.5613963999999998
22.873022,1.4865526,1.5256107
27.873064,1.1906303,1.2347083
26.438478,1.6904330000000003,1.7203658
29.745935,1.7073398999999998,1.7225647
25.3772,1.2773747,1.2629611
22.71988,1.1965435,1.200762
27.204432,1.8629956,1.8771665000000002
26.742044,1.6667854,1.686194
27.554081,1.7229737000000003,1.7545011000000004
22.727776,1.6617764,1.6726539000000002
27.578545,1.7226204,1.733974
23.97369,1.724998,1.6385779
29.18504,1.4255852,1.4427683
28.155462,1.8906809,1.9179099
25.86038,1.5789553,1.5987760999999998
25.94403,1.1466888,1.1201925
29.781355,1.2663574,1.2643688
29.487848,1.5484447,1.5504186
20.588285,1.6722388,1.7188665999999997
22.441986,1.783381,1.8060488999999997
24.707737,1.7466952000000002,1.7605846000000003
28.515375,0.9872144999999999,0.9643203599999999
20.80654,1.17247,1.1735249
28.845978,1.3536243,1.3696489
22.218126,1.3509774,1.3690097
22.809511,1.5421344999999997,1.5916122999999998
23.223515,1.6066405,1.6011157
29.084831,1.6345205,1.6431286
20.822205,1.7237225,1.7711546
21.217896,1.4662577,1.4857798000000002
23.432318,1.69498,1.7146276999999999
29.644238,1.8554183,1.8878895999999998
22.344183,1.3102101,1.3088458
25.265337,1.343605,1.3553928999999998
25.886703,1.3134745,1.3272014
26.459276,1.583786,1.5661833
21.261168,1.6842521,1.6980886
24.05977,1.8958678,2.0308847
28.808447,1.1362196,1.1314185
25.291588,0.9109695,1.3028476
20.638899,1.7943844,1.8098525999999997
26.383928,1.3000166,1.3068435000000003
21.143269,1.9136328,1.9793727
26.81718,1.5672140000000003,1.5608792000000002
25.76783,1.3768567,1.3663352
25.42779,1.2071693,1.2009487
21.000336,1.2502458999999997,1.2273475999999999
27.8081,1.7754320999999997,1.7926351999999997
24.292088,1.5984917000000003,1.5962574000000003
24.745516,1.6207449999999999,1.6485843999999998
21.01344,1.1503512,1.1259432
29.531303,1.3829652,1.4021232
28.411469,1.0547878,1.0267549
21.126785,1.5733085,1.581861
29.220245,1.5300628,1.548871
23.627695,1.5788808,1.5982110000000003
29.86643,1.5863944,1.5820539
21.174479,1.660555,1.6446271
27.675312,1.4276336,1.4373620000000003
29.988977,1.6376928,1.6540401000000002
24.213839,1.3122256,1.314266
21.459778,1.4903512,1.5177605
21.094995,1.4438125,1.462498
23.318954,1.6351119,1.6597531
22.425978,1.7766851,1.8099916
27.903801,1.5362802,1.5373015
27.184214,1.616719,1.6353865000000003
21.159044,1.5023122,1.5317061
28.111568,2.0257285,2.0467160000000004
28.017832,1.3942848,1.3958502
25.293522,1.3374226,1.3547398999999998
24.141224,1.8068185,1.8090459999999997
23.69957,1.5718786,1.5764997
29.543571,1.375337,1.3779883
28.735622,1.3667591,1.3679833
29.759075,1.1244549,1.1236105
28.886084,1.3426632,1.343142
27.598585,1.1785613,1.17595
28.695314,1.7536225,1.7984726
27.312178,1.3241738,1.3530338
28.504047,1.763479,1.7865078000000003
27.803965,1.3792948,1.3927928999999997
24.763838,1.5095856000000003,1.5225911
22.356516,1.221725,1.2196035
20.927755,1.3956604,1.4132087
23.839,1.3804375,1.3571286
25.509142,1.3415612,1.3440390000000002
28.612017,1.5151502,1.5509293
29.39967,1.4368315,1.4588065
26.436304,1.1656173,1.1414101
24.677357,1.7232691,1.7228038
26.938587,1.5252566,1.5449263999999998
24.127972,2.0515342,2.0501425
25.96298,1.3924032,1.3880024
21.113394,1.644467,1.6413646
27.273409,0.9377224,1.9059691
22.534815,1.3873938,1.3807886
22.090828,1.4030048999999998,1.4570632
29.644861,1.1100323,1.1067338
29.076706,1.1334218,1.1170275
23.635265,0.9065531499999999,0.9187261999999999
22.868767,1.5712626,1.5783596
23.974552,1.2252668,1.2207422
21.728163,1.5788509,1.5991626
28.840187,1.1962233,1.1940203
27.733675,1.7474668,1.7590017
24.498144,1.0241343,1.0141149
27.238976,1.1971147,1.1811159
25.156145,1.3777153,1.3624873
22.15943,1.7849069,1.8090472
25.981958,1.7451177999999998,1.7627574999999995
26.48142,1.7641656,1.7911606000000002
24.039804,1.9629617,2.0096407
21.223175,1.7183410000000001,1.7452655000000004
21.597893,1.8788376000000002,1.9519367000000003
27.454693,0.99874586,0.9468675
26.305208,1.5344707,1.5446607999999997
25.542978,1.2533835,1.2440336
28.58302,1.8948028,1.912663
25.290806,1.1355189,1.1732297
23.17854,1.2146999,1.2060063
29.569967,1.3541856,1.3479152
20.786331,1.0340246,1.1532445
29.697329,1.437609,1.4554014
26.925161,1.8645531,1.8936613000000002
28.64552,1.4141508,1.4127047
21.074858,1.322272,1.3362584
26.94261,1.7670822,1.7945077000000003
23.597582,1.4286907,1.4309509
22.097797,1.5732687,1.5726669
25.559406,1.7436583,1.7972814999999998
21.933956,1.655005,1.6530643
21.222971,1.8985547,1.9111719
25.639658,1.6554043,1.7208412
23.173235,2.0344684,2.0784838
28.736612,1.614068,1.6276642999999997
24.842014,1.1603668,1.1328883
22.088411,1.9842,2.0400596
24.080307,1.6609247,1.6801571999999998
22.443348,1.7821062999999997,1.7973448999999995
29.105637,1.4157667,1.418349
29.129997,1.6500896,1.6815491000000002
20.043941,1.3208017,1.3299917999999997
21.435144,1.7268949,1.6372025
28.390224,1.5252137,1.5560067
24.61145,1.0890089,1.2799361
28.6424,1.3550805,1.3628391999999998
24.383896,1.2894269,1.2897122
28.7238,1.5237993,1.524962
20.969315,1.6105157,1.6844982999999998
21.179533,1.5005238,1.517451
23.33084,1.9969656,2.0449617
27.855146,1.2144935,1.210468
21.679825,1.089462,1.0939108999999998
26.09954,1.4311235,1.4281962
24.431034,1.9727144,1.9834547000000002
24.425718,1.7611957,1.7562594
21.858633,1.7502078,1.7496853
26.15647,1.5490026,1.5753872
21.933304,1.5166409999999997,1.5227184
22.208263,1.2953969,1.2974827
24.734459,1.7661582,1.7924881000000001
22.398304,1.7716243999999999,1.8054744999999999
27.32648,0.98593575,0.93507904
27.425,1.8365968,1.8506906
29.51416,0.91966456,0.9337969400000001
22.309856,1.3866944,1.3774681
20.991869,1.7240591,1.7592351
27.74779,1.0747328,1.0748158
22.355902,0.9253465,1.0544856
20.107508,1.5755285,1.4312644
25.963074,1.4041947,1.4355719
27.493246,2.092407,2.1458328
22.82674,1.5856773,1.6173902000000002
27.063396,1.4713335,1.4902904
21.446125,1.1649013,1.122184
24.772097,1.414166,1.4176288
29.204617,1.5303134000000003,1.5333543000000003
20.963732,1.4469928,1.4733117
24.246082,1.0583346,1.0535822
23.031717,1.6199722,1.713083
28.325521,1.5706439000000003,1.5830166000000006
29.648533,1.4623349,1.4819887
22.077274,1.3639392,1.3493385
23.324545,1.475871,1.4887061
26.053688,1.6318688,1.6676826
27.383642,1.6442558,1.6571066
24.183344,1.5673534,1.5856457
28.19883,1.9493717,1.9717568999999997
25.063787,1.0749098,1.0849037
27.992886,1.4876359,1.4991703
27.613588,0.9265501,0.8606399
27.089397,1.0062844,0.96869725
29.30768,1.5799936,1.5948265000000001
28.413343,1.614626,1.6327927
24.613052,1.3943485,1.4006373999999997
28.77379,1.7542464,1.7802513
29.762821,1.1355188,1.1313407
21.71889,1.7725396000000002,1.8121402000000004
24.160025,1.1604384,1.1814332
25.969389,1.1926875,1.2064102
22.852673,1.3872659,1.3942369999999997
29.165632,1.3927544,1.4021945
28.652597,1.3223675,1.3348784
25.176596,1.3750889,1.3846319000000002
26.503477,1.5667509,1.5703447
28.340868,1.248459,1.2657804
26.287302,1.262246,1.2624123
20.44435,1.1370915,1.1615942
25.044727,0.9393177,0.88827705
26.462955,1.7214028000000001,1.7283909
27.532791,1.3044279,1.3321643000000003
25.576979,1.1489054,1.1418967
27.87937,1.5227575,1.5472381
28.063951,1.2945671,1.285821
29.781893,1.4971507,1.5032628000000001
25.140537,1.5647482,1.5569158
27.459414,1.6840991,1.7008168999999997
22.855242,1.3344922,1.3477278
25.261255,1.071882,1.0769074
21.358355,1.3039099,1.3149691
24.647755,1.52387,1.5357377999999997
26.54239,1.2941518,1.3144186
25.80075,1.4043949,1.4013364
22.294716,1.6159962,1.5877213
24.662233,1.5786537,1.5896173000000002
25.115921,1.400179,1.4296873
21.014046,1.9693033,2.0223157
25.503544,1.5589172,1.5932877000000003
21.238665,1.5052768,1.5127970999999998
23.646753,1.2751886,1.2791352
26.53362,1.6383893000000003,1.6453032000000003
25.68335,1.8211566,1.8498127
29.578922,1.4357765,1.4351797
22.133076,1.6088496,1.6282742000000001
28.396555,1.6604681,1.6656797000000003
25.072868,1.1913807,1.2089946
23.107025,1.8482939,1.8995037
26.655357,1.5814689,1.6015289
28.855118,1.7142935999999998,1.7483729999999995
28.064016,1.1156191,1.1488979
21.550821,1.2812003,1.2932013999999998
28.07686,1.6143962,1.6206088
20.646147,0.9517106,1.3992565
28.4092,1.3479633,1.3524203
22.640892,1.3230215000000003,1.3343198000000003
21.202333,1.2390292,1.2349312
24.943975,1.5113742,1.5194528000000003
27.874884,0.978713,0.9225959
28.979517,1.7255286,1.7361612
21.092182,1.2860485,1.2792256
21.14255,1.4098985,1.4012249
26.643694,1.8777924000000001,1.9475093000000003
21.68483,1.5126133,1.519156
21.227972,1.6565698,1.6602433
22.43393,1.6247159999999998,1.6401551
25.105349,1.8683184,1.8841114
26.468142,1.2297626,1.2330167
27.374788,1.9562193999999997,1.9783853999999996
25.98195,1.9080837,1.9316380000000002
23.948925,1.3062911,1.3007722
21.632317,1.7316012,1.7766535
21.837997,1.5734228000000001,1.8123808000000001
27.278187,1.876986,1.8984811
25.563082,1.0550735,1.0354366
24.048496,1.5813104999999998,1.6171874999999996
21.851053,1.6193819999999999,1.6202530999999998
26.383354,1.1814773,1.1654689
20.12261,1.7680217000000003,1.7787435000000003
24.810904,1.9496984000000002,1.9866674000000002
25.239834,1.5070048999999999,1.6187512999999998
29.3169,1.9426976,1.9468048
22.29505,1.209467,1.1992619
28.425335,1.7845299,1.8121417000000002
26.202396,1.7355226,1.7228079
22.539112,1.7050209,1.7133007
28.22051,1.176467,1.1785891
27.19256,1.7040187,1.723165
25.748083,1.3835001,1.3883188
22.116077,1.086233,1.0799987
29.37334,1.7366607000000003,1.7401493000000001
23.238907,1.5752115,1.5821934
23.157259,1.7617215,1.7087283
27.364592,1.3453404,1.3477173
28.641825,1.4363021,1.4406767
26.211687,1.0298564,1.0123775
24.933342,1.6320881999999999,1.6359319999999995
29.678144,1.8215426,1.8380356
25.596996,0.9969640399999999,0.9761061699999999
20.144688,1.9611945,1.3256366
29.13953,1.0580072,1.0375552
21.644957,1.9944212,2.0221145
26.760017,1.8075165,1.8332628999999998
21.210758,1.434558,1.4702041
24.752472,1.435575,1.4733424000000002
20.890337,1.2580266,1.7647231
20.951183,1.5982049,1.6031541999999999
28.593256,1.819932,1.8378189
21.365505,1.4045702,1.4334095
28.115517,1.4744661,1.5024892999999997
28.553888,1.3955748,1.4020932
29.527119,1.8790244,1.9040532
22.891457,2.0284126,2.0395246
24.774504,1.3938578,1.4109580000000002
20.994164,1.7012897,1.7386639
29.219116,1.3489629,1.3549178
25.176476,1.3518074,1.3439806
23.2429,1.457678,1.4815042
21.46734,1.5643346,1.5944809999999998
25.286602,1.7527869,1.7646046
25.909052,1.3652636,1.3753669
22.259573,1.687205,1.8150391999999997
25.115047,1.5166187,1.5296063
24.786276,1.3238157000000002,1.3368275000000003
29.3752,1.4664066,1.4737303
22.368164,1.1987959,1.1813548
28.006113,1.3985133,1.4027913
21.901304,1.4773976,1.4801507
22.434692,1.6516899,1.6611147
24.790096,1.264866,1.2632482
28.482664,1.1260546,1.0833656
27.561611,1.4740723,1.4833423999999997
29.577898,1.5271057,1.5491936000000002
25.835236,1.2970827,1.303088
22.776615,1.454312,1.4845016
29.472687,1.5924972,1.6031401
22.509497,1.675912,1.6938598
26.433464,1.8272965,1.8563776000000003
26.318926,1.7142968,1.7184334
28.7273,1.5848637,1.5972898
28.642775,1.8220785999999998,1.8415403
23.618359,1.5592988,1.5699146
24.797195,1.407817,1.4087589
25.096035,1.7966646,1.8227823
22.888903,1.3352423,1.3671215
29.187752,1.7506088,1.761457
27.677324,1.6376453999999998,1.6552507999999997
22.298937,1.2265681,1.2229578
29.82646,1.2960286999999997,1.2899028999999997
26.512,1.04816,1.0337436
24.637472,1.5421419,1.5582432999999998
22.117386,1.19903,1.1750987
27.721844,1.1504459,1.1371474
24.178402,1.2428175000000001,1.2372775000000003
28.301662,1.967384,2.0096304
25.600405,1.3212018,1.3312745
24.839514,1.5387439,1.5545065000000002
29.399794,1.515987,1.5286098
28.097712,1.9300287000000003,1.9625420000000005
25.069014,1.4411464,1.4454248
28.770884,1.1774794,1.1832039
26.407589,1.3974359,1.4065053
26.797457,1.0946912,1.0875664
21.53294,1.3330004,1.3182118
24.870657,1.7422425,1.7672701
21.075771,1.2498629,1.2558271999999997
26.189575,1.5191202,1.5315204000000002
26.735125,1.8305991,1.8037002
21.619669,1.6582307,1.7196144999999998
22.33686,1.0779643,1.0282109
27.416641,1.4875035,1.5092592
29.544882,1.1244483,1.1403008
27.603123,1.3826162,1.3916266
22.95974,1.6548803,1.5236826
21.07332,0.9653691,0.9375508
28.824156,1.8388648000000003,1.8828499000000003
24.116024,1.647279,1.667306
26.04157,1.6623540999999997,1.6833767999999998
28.847603,1.2113775,1.187206
24.793386,1.8199816,1.843117
26.324503,1.9828435,2.017659
27.82947,1.4324126,1.4767563000000001
23.827662,1.412328,1.4194343
28.065092,1.3067098,1.3057234
20.257086,1.4393837,1.4795442
23.834335,1.3454814,1.3478298
23.507517,1.4527244999999998,1.4779936999999996
28.629807,1.6812979,1.7196841
28.428053,1.0178156,0.9652245
21.247942,1.1959918,1.2000408
29.262985,1.3702896,1.3794543999999997
22.398157,1.2011602,1.2198939
22.8386,1.5858103,1.6147528
28.2815,1.6358442,1.6483364
28.183805,1.2258905,1.2193248
21.11486,1.0310991,1.0527607000000003
27.580225,1.6016377,1.621103
20.229225,1.5196949,1.5761042000000003
25.242634,1.1540852,1.1235783
29.528801,1.855345,1.8851755
20.073874,1.6850562,1.7301817
21.818003,1.1546639,1.1891294
24.008398,1.7641684000000002,1.7632761000000001
26.3329,1.4391682,1.4418032
21.61602,1.6380463,1.644701
29.311722,1.4690938,1.4883916
24.014822,1.6847157,1.6950757999999997
28.357225,1.3578438,1.3806775
22.339344,1.10582,1.0964582
28.601608,1.543197,1.5481834000000003
24.013903,1.9190164,1.9476612
28.889828,1.9698999000000001,2.0054476000000006
20.48909,1.7690809,1.7593505
28.028803,1.3269209,1.3502808
22.29313,1.3015484,1.3275342
29.033241,1.1744199,1.1718717
23.905603,1.3389394000000001,1.3276746000000001
23.658651,1.5487125,1.5513372
26.798025,1.8323032,1.8553915000000003
29.867275,1.4179329,1.4404175
23.16823,1.3321406,1.3335545
24.878292,1.3348749,1.3349359000000003
27.469303,1.7103987,1.7355678
22.201567,1.4513437,1.4494884
22.734692,1.7717868,1.7778365999999999
24.423008,1.5291963,1.5268593
22.159466,1.2983618,1.3022055999999997
20.447206,1.4585925,1.4897485
22.677835,1.4003808,1.4220588
23.913849,1.6607379,1.701541
26.614729,1.4327158,1.4355841
23.511225,1.4949687,1.5362303
28.609602,1.3755808,1.3728118
24.938395,1.3906196,1.4247568
21.931602,1.3568329,1.401001
22.985518,1.5210906,1.5200534
23.28492,1.4316661,1.4963253
27.300222,1.4047511,1.4123573
27.98947,0.91513145,0.8723258
26.789457,1.4762292,1.4894958
25.338657,1.2618352,1.2723117
21.910162,1.6474540999999998,1.1664998999999998
22.023594,1.8811775,1.8927569
29.917639,1.4092767,1.42297
24.131624,1.7670945,1.7961863999999998
22.230042,1.2905226,1.3089831
29.586279,1.6621569,1.6684503999999998
28.663582,1.7907706,1.8183277000000002
27.41304,1.1818615,1.1819639
29.075937,1.8036714,1.8281722
21.599617,1.3190017,1.3220861000000002
25.900696,1.1853597,1.1935666
24.665804,1.1472443,1.1605277
24.432753,2.0701935,2.1250944
26.288261,1.40736,1.4206383
28.366533,1.9456662000000002,1.9911003
24.113003,1.4418586,1.4860808999999997
29.950523,0.99912614,0.97046494
24.06399,1.8459503999999998,1.8652327
24.829792,1.4492829,1.4797594999999997
29.571835,1.1223665,1.1616714
21.615469,1.9618819,1.9833875
20.691727,1.7774651,1.8125522
22.119267,1.563522,1.5843332
23.536562,2.0697794,2.1081355
23.484842,1.2791176,1.2858305
28.392015,1.1944143,1.1912584
27.74478,1.5159099,1.5429986
29.66386,1.443942,1.4492378
23.315575,1.8080205,1.8678398
21.749838,1.5244972,1.5762150000000001
21.333355,1.4131522,1.4281704
25.286568,1.4325063,1.4444439999999998
22.843262,1.2277477,1.232585
26.227934,1.458411,1.4892423
25.265356,1.1828244,1.1927352000000002
24.595228,1.2718090999999998,1.2771076999999995
23.456795,1.819125,1.8421359
25.011795,1.9739559999999998,2.0491444999999997
25.190424,1.510974,1.5273178
23.381144,1.8276739999999998,1.8570980999999998
28.44001,1.9752712000000001,2.0080354
26.951422,1.1400386,1.1258342
29.494564,1.659199,1.6680918000000002
22.134192,1.1143492,1.1164822999999997
27.699474,1.1959568,1.215039
27.077862,1.642001,1.6522858
24.06488,1.5861578,1.6006207000000001
27.3799,1.1286504,1.1203575
29.249641,1.2947683,1.301151
23.966007,1.3865958,1.3902361
24.9029,1.5639772,1.6014199
23.766169,1.2762167,1.2820411000000003
21.040552,1.1732153,1.1536465
24.793673,1.4623743,1.4879711
21.803743,0.9098146,0.91039264
23.670341,2.0043054,1.9394217
23.301743,1.3160813,1.3213654
23.255377,1.6306384,1.6500332
26.874,1.0880375000000002,1.0924255000000003
25.884268,1.2698900999999998,1.2692310999999998
23.399122,1.8759931,1.8871722
23.262346,1.9749727,1.9999106
20.241718,1.5628076,1.5861773
28.3604,1.9096158,1.9732671000000002
27.521303,1.2768891,1.277061
27.480366,1.3558457,1.3641505
27.300613,1.4552963,1.4796145000000003
29.973225,1.7997428,1.8439593
28.051403,1.6076232,1.6202714
25.001392,2.0145233,2.0297
24.19623,1.8952164999999999,1.9308342999999994
27.999716,1.7885487,1.8110001000000002
29.090286,1.6183858,1.6315591
28.602064,1.2857457,1.2891965
21.430424,1.3575745,1.3505859
25.645144,1.5920908,1.5947701999999997
22.55479,1.5874026,1.6059755999999998
28.899813,1.8234631,1.8519417999999999
27.644516,1.3393927,1.3549192
22.379944,1.3706118999999999,1.4168374999999997
21.517366,1.5823581,1.6022279
21.967264,1.7033442,1.5447886
24.706524,1.5755695,1.5843322
26.915594,1.371976,1.3634672
21.34645,1.7120228,1.7120229999999999
23.211212,1.1456077,1.1554
27.190565,1.3291459,1.3334875
29.907043,1.7091056,1.7353098
23.18244,1.4780272,1.4936843
26.113028,1.2491649,1.2479379
29.102375,1.8092203,1.8347185
20.077118,1.3968021,1.4006004
23.228518,1.8190694,1.8960465999999998
21.408205,1.5365083,1.527921
23.073086,1.9641759,2.014728
20.860603,1.8910388,1.9225941
23.164997,1.4017327,1.3818283
24.872217,1.268538,1.2197907
27.643637,1.3797464,1.3894813
29.110943,1.6752677000000002,1.6777103
23.306356,1.4970692,1.4961851
22.351677,1.7091542,1.733455
27.493584,1.4279252,1.44382
20.614225,1.2138157,1.2104166
23.28782,1.7234178,1.7486677
25.462437,1.4480069,1.4713013
29.389387,1.3385395999999998,1.3255092999999998
21.87455,1.5009694,1.4951124
22.879381,2.0501518,1.4443161
29.592215,1.2537137,1.2537103
29.498457,1.8479242,1.8808873
20.534678,1.4199865,1.4362600000000003
25.741005,1.443667,1.4521282000000002
20.723352,1.1460751,1.5463581
20.342728,1.2307147,1.2426574
22.566645,1.4845828,1.4903336
29.942503,1.1146971,1.0955716
28.11446,0.98319477,0.9972337000000001
22.567064,1.419042,1.4388809
24.59882,1.8909686,1.9226542
20.54602,1.8251714,1.7853305
25.30444,1.4200624,1.4223545000000002
28.704718,1.691099,1.7093244
27.277006,1.7073296,1.7026291
23.86327,1.6751175,1.7005141000000001
25.069809,1.5240617,1.5241303
27.972313,1.1307539,1.0920172
20.281225,1.3149846,1.3513298
23.927832,1.1893289,1.1813612
20.88683,1.0314621,1.3696549
21.399696,1.1659942,1.1496348
21.610123,1.3853542,1.3744795
23.888897,1.3683702,1.3761702
25.294542,1.2431156999999997,1.2657477999999998
28.906235,1.3765202999999997,1.3876623999999997
20.458275,1.7717791,1.7991993
21.489666,1.502877,1.5153565000000002
26.817389,1.1721461,1.1732526
21.224411,1.7139122,1.6877067
20.798462,1.2267895,1.2144277
24.907814,1.8022847,1.8288803000000002
20.722937,1.1515924,1.202554
25.344946,1.7015581,1.7137945
22.673868,1.4208456,1.4455391999999998
23.180073,1.771745,1.7818935
29.697355,1.6389881,1.6477537
20.051117,0.9921905999999999,1.1185999
28.542252,1.5906576,1.6067428999999998
28.602272,1.7387893,1.7581162
24.179298,1.4867171,1.52052
27.46381,1.3719734,1.3689711
29.60423,1.5672147,1.5866263
25.244541,1.2750558,1.2725909
22.35331,1.5221587,1.5337341
27.093,1.3756689,1.3804247000000003
22.580667,1.3594167,1.3740546999999999
28.943134,1.1053479,1.1057515
27.72188,1.2948996,1.3005485999999997
24.756525,1.5758187000000001,1.5844369000000003
24.641365,1.252217,1.2819132999999998
23.913506,1.5248543,1.5297103000000003
25.658499,1.5348165,1.5476636999999998
29.890518,1.193616,1.1924744
20.166288,1.0862446,1.1312563000000002
29.03079,1.5373715,1.5521226
22.479366,1.5259528000000002,1.5402362000000005
29.159529,1.0142508,0.99242157
26.569164,1.1436416,1.1446698
24.7115,1.3160083,1.3252928
26.021713,1.9236644999999999,1.9772513
23.526314,1.2273945,1.3184678999999997
20.357817,1.8305808,1.9054396
25.26947,2.107993,2.1232777000000005
25.845964,1.3008174,1.29613
29.057,1.3549381,1.3622446
26.095217,1.5389639,1.5454075000000003
28.846283,1.4303004,1.4380395
29.051626,1.2278026,1.2059278
24.903929,1.5831814,1.6233246000000001
29.494267,1.5424091,1.5606525000000002
27.884605,1.6567208,1.6655605000000002
20.452236,1.0978668,1.0669965
29.213142,1.1379299,1.1464353
22.466953,2.1137714,1.4576194
24.97141,1.4575038,1.4702141
25.625715,1.760051,1.8209206999999998
22.856524,1.460044,1.4935951000000003
24.654905,1.8313578,1.8596878000000001
25.806553,1.7883459,1.8191657
22.337189,1.4264872,1.4554186
24.364706,1.3195826,1.3359801999999998
20.117739,1.276649,1.2813251
26.36511,1.2335908,1.2414715
25.398645,1.6016546000000003,1.6183791
24.551626,1.5281855,1.5370128
20.20653,1.1713254,1.1624947
21.700129,1.8286136,1.583451
24.622145,1.4331614,1.4649487000000003
20.655764,1.597365,1.6046779
23.426332,1.2211958,1.239207
26.828783,1.8386335,1.8651187
25.557432,1.6292267,1.6501326999999997
26.467844,2.0309513,2.0521498
26.659325,1.9202776999999998,1.9223217999999997
26.306023,1.5496879,1.5784460999999999
25.07673,1.3611515,1.3572495
21.202145,1.4186279,1.4352020999999997
28.539305,1.194516,1.1922212
25.321192,1.041765,1.0533732
20.498114,1.3788084,1.3863051
29.453423,1.7319971,1.7539942
22.00606,1.5745268,1.5766995
23.367306,1.7096989,1.7336051000000001
28.315353,1.4488262,1.469296
29.160744,1.1830518,1.1773043
23.141254,1.160619,1.1696877
25.993208,1.7904265,1.7644384
22.336308,1.1136068,1.1337516
24.798164,1.3663027,1.3781235
20.285997,1.2631135000000002,1.2848482000000003
21.816536,1.1861686,1.1609311
29.256128,1.1889157,1.181766
28.39441,1.1789137,1.174685
29.207672,1.301624,1.2995455
28.950813,2.0288136,2.080715
21.773363,1.6319256,1.6392379
29.164896,1.3222299,1.3261695
22.860228,1.8876933000000002,1.9337559000000004
29.577486,1.2655233,1.2581093
24.432089,1.3457272,1.3666458
28.944767,1.0540468,1.028676
21.547686,1.8653215000000003,1.8660467000000003
23.744564,1.4625534,1.4766088
20.686357,1.3446618,1.3341541
20.967224,2.040238,2.1201851
27.226452,1.2801088,1.2820802
20.365864,1.0511495,1.0170614
25.100018,1.202218,1.2180128
25.669197,1.7640588,1.7973363
26.30595,1.2816504,1.263768
28.217592,1.4106374,1.4288073000000001
26.06111,1.2378836,1.2316377
27.26609,1.4191831,1.3990836
22.094814,1.0846114,1.1230667
21.51595,1.883022,1.8983202
24.58745,1.840127,1.8557417
25.31209,1.4354360999999998,1.4288167999999999
28.794283,1.3986428000000002,1.3994911000000003
24.65934,1.7466877,1.7693515000000002
26.211699,1.3505045,1.3495445
29.59888,1.4941230999999997,1.5080756999999998
29.623491,1.2342193,1.2513101
27.461706,1.7810019,1.7983993999999999
27.727242,1.1587819,1.144198
26.217691,1.512412,1.5373712
22.58297,1.4594608999999998,1.5799345999999999
23.457863,1.7273746,1.7397404000000003
29.273935,1.7022507,1.7195349
20.833233,1.0177855,1.0117626
20.23164,1.9960226,2.0343893
22.387417,1.3152448,1.3223064
25.136284,1.3633571000000002,1.3504856000000003
21.37198,1.8689955,1.8181875
20.735264,1.2720524,1.270958
20.434198,2.097117,2.121151
22.535524,1.8544717,1.9368236
22.888662,1.6336375,1.6567831
26.130186,1.7689343999999998,1.7897490999999999
22.038708,1.5550740999999997,1.5469657999999997
27.831327,1.731134,1.7514398000000002
23.358105,1.020088,0.9766841
21.112303,1.7862751,1.79596
23.333096,1.1348442,1.1853323
29.940277,1.1872126,1.1794503
21.064907,1.9759007,2.0342417
24.892044,1.1644657,1.1653328
27.397848,1.2248098,1.2515051000000001
29.380636,1.5212609,1.5311408
26.788588,1.2395761,1.2432804
27.685543,1.183478,1.1770217
23.103241,1.7351327999999997,1.7643937999999997
28.628014,1.0560342,1.0279866
27.532751,1.7255483,1.7486063999999997
28.850307,1.2338427,1.2334445
28.480246,1.8915142,1.9223790000000003
29.096943,1.4535837,1.4645672
29.226255,1.1228529,1.0947611
20.455091,1.4594157,1.4005673
20.896927,1.6979601,1.7582619
20.185944,1.2940935,1.3191082
25.720606,1.3204795,1.3240206
25.687813,1.726269,1.7350357
24.511189,1.8139048000000002,1.8293900000000005
23.730354,1.4534315,1.4647005000000002
26.156765,1.0633534,1.0304941
29.694714,1.2130787,1.213239
22.139482,0.9095253,1.2368383
20.85868,1.4084189,1.4194868
29.500715,1.2081404,1.209048
21.732615,2.024606,2.0963204
27.021276,1.515455,1.5214186
22.150593,1.432395,1.4162667
25.69693,1.6512257,1.6676291999999997
24.529303,1.4505811000000002,1.4523232000000001
20.73219,1.0953046,1.0865479
28.069088,1.7696863,1.8212533
24.460997,1.4918685999999999,1.4914600999999998
22.905766,1.6006340000000001,1.6088991
20.050652,1.4123826,1.2350368
26.087824,1.4054476,1.4169873999999998
26.217676,1.4562643,1.4759121000000002
20.950813,1.6277928,1.6253107
20.842253,1.2889668,1.3032063999999999
23.626234,1.0692247,1.0500023
20.687265,1.2713032,1.2894683
27.170172,1.1913984,1.1988597
23.68009,1.6367693,1.6290522
29.584652,1.6839355,1.6813293
23.318466,1.4597859,1.4333515
27.0674,1.4620113,1.4677479
25.723951,1.4149308,1.4180894
26.194073,1.2209727,1.2254276
29.80382,1.9988139,2.0374904
21.47202,1.3727597,1.4215629000000003
23.882017,1.8604245,1.8853464
23.079779,2.0494957,2.0985096
25.516438,1.8459908,1.8486636
28.920767,1.5678002,1.5582845
23.519323,1.5494131,1.5547109
22.017006,1.4277654000000002,1.4215755000000003
24.225996,1.2490511,1.2195585
26.471375,1.7348421,1.7551632
23.23242,1.3185834,1.3253016
20.955141,1.464051,1.4862721
25.57369,1.2091013,1.2215449999999999
25.968424,1.4154683,1.423291
21.885696,1.2533419,1.2560750999999999
28.320358,1.5362531,1.5619687999999998
21.049913,1.3787041,1.3888967
28.966322,1.1301147,1.1102448
26.294434,1.1941161,1.1984682
27.613514,1.9501919,1.976316
26.100096,1.0451953,1.0185943
21.043713,1.5395467,1.5612116
28.250721,1.78784,1.8537208999999997
29.720686,2.0140197,2.042729
21.567318,1.666584,1.7080677
29.263054,1.6369963,1.6446111
24.600712,1.5181826,1.538966
21.21209,1.0942931,1.0818715
24.303436,1.4780319,1.7777898000000003
24.66132,1.6062719,1.6303465
20.223862,2.0936394,2.1176605
25.817669,2.0450993,2.0882194
26.190422,1.5961721,1.5989003
21.655788,0.9220509,1.6879628
25.069038,1.0097153,0.9946747
22.721062,1.8030452,1.8378844
27.333529,1.4505572,1.432517
20.482605,2.0393517,1.6171153
26.940205,1.7776283,1.78491
27.549164,1.8534814,1.8891478
29.08163,1.001443,0.97011644
24.404493,1.2633243,1.2553046
21.283293,1.5259407,1.5028696
26.241205,1.7901725999999998,1.8119201999999999
28.610191,1.2884036,1.289252
27.25703,1.9558072,1.9857111000000003
21.100647,1.268098,1.2558537
29.781385,2.059221,2.0796134
21.593163,1.5076283,1.4918637
20.861835,1.559051,1.5564415
24.807076,1.648797,1.6490715
26.071209,1.7715809,1.8204556
20.291437,1.7057728,1.7225374999999998
28.145348,1.4604969,1.4847631000000001
26.925514,1.2563373,1.2548697
20.64679,0.9553553,1.9307518
28.702692,1.3052855999999997,1.2818448999999998
29.442783,1.9267008,1.9289763000000002
21.1697,1.4201458999999999,1.1833805999999998
27.335783,1.738559,1.7826128
26.7482,1.4723786,1.478766
20.712057,1.007347,1.0085771
28.924606,1.1867216,1.1746783
23.664495,1.6585295,1.6791704
24.081497,1.2759095,1.2863478999999998
20.616808,1.5774388,1.5933301000000002
27.622684,0.99400026,0.9827541
22.66791,1.8641389999999998,1.8787760999999996
21.5651,1.4622737,1.4801905000000002
28.463108,1.7729717,1.8004982
21.980587,1.2290363,1.2213151
28.607868,1.2373521,1.2498672
20.570656,1.3175966,1.3256329999999998
24.24894,1.9261743,1.939707
29.43893,1.4930966,1.5029771
28.816011,1.1862265,1.1745872
25.420797,1.6090205,1.6339526
25.361073,1.4052457,1.4287617
23.303625,1.2482758,1.2495663000000001
25.436903,1.116336,1.0869813
28.90455,1.8035362000000001,1.8227992
29.18453,1.4352156,1.4452612
29.591806,1.4312022,1.4479451
22.094835,1.2174653,1.2010093
25.086365,1.9085287,1.9414136
26.640457,1.2887616,1.2941701000000003
22.005905,1.8054795,1.8374352
23.44783,1.4238117,1.441746
25.304592,1.453461,1.4681961999999997
25.903318,1.2823628,1.2879024
20.911135,1.5056924,1.5214269
21.785059,1.0812926,1.0482011
22.703192,1.8847053999999999,1.9290489999999998
22.161045,1.2189679,1.2203798000000001
26.987635,2.087938,2.1261747
22.256704,1.5838401,1.5894933
22.928885,0.98950845,1.5955408
21.869905,1.3072296,1.3496647
24.591002,1.1318216,1.1024053
21.822945,1.0293705,1.0179434
22.263424,1.3974617,1.4013033
21.93178,1.4943486,1.4984066
21.649776,1.9218845000000002,1.9397070000000005
24.463652,0.9369114,1.4618751999999997
21.148588,2.0637593,2.0974114
21.696459,1.0127789,0.94741607
22.952517,1.3060507,1.2870903
25.010157,1.8862075,1.9345516999999999
24.34126,1.3412666,1.3341475
28.189957,1.7931331,1.8142676
29.239346,1.4208752,1.4236065999999998
25.925604,1.5280763,1.5307529
20.174623,1.213032,1.2967122
23.381012,1.7728553,1.819082
28.218964,1.6433005,1.6560023
23.033842,1.4315891,1.45064
22.758429,1.5288998,1.5264297
29.8633,1.3467689,1.3625631
22.558977,1.3367425,1.3419602
22.011232,1.8859285000000001,1.8984547000000003
28.34062,1.2095848,1.1877136
21.171816,1.229843,1.1565208
20.240715,1.5377221,1.4657614
26.814835,1.9702723,2.0117173
23.9442,1.4655648,1.4680026
23.46791,1.2980354,1.3766396
25.209301,1.2268327,1.2648582
27.97614,1.5210558,1.5400180999999997
28.276072,1.2205526,1.2679292999999998
26.538595,1.9064713,1.9257145
29.573019,1.3244674,1.3266389
27.766115,1.7915286,1.8114114000000001
25.212467,1.0624703,1.039253
28.46149,1.5886223,1.593677
21.265854,1.3534923,1.3592844
21.855824,1.13084,1.1095166
21.411407,1.3867297,1.3930522999999997
26.428541,1.6702976,1.7026979999999998
20.570269,1.2306182,0.9962228
24.253763,1.5933636,1.6075587
21.672752,1.9572712,1.9947920000000001
21.494146,1.1346452,1.1131022
20.145504,1.1367935,1.145478
28.273449,1.5029389,1.4991555
28.037727,1.4074401,1.419338
28.33641,1.6188363000000001,1.6238155000000003
27.130445,1.9732595999999998,1.990001
22.61805,1.7348194,1.7973083999999997
29.54235,1.6855668,1.6980155000000001
27.106829,1.8633263,1.8780034000000003
28.940092,1.6187662,1.6438453
22.473555,1.6501539,1.7223501
24.165081,0.9583852,0.9251388
26.168997,1.4547548,1.4626066999999998
27.803972,1.181843,1.1867816
24.095833,1.371155,1.3834181
28.301577,1.4329348999999998,1.4400193999999997
24.877249,1.9626923,1.9831128
23.378248,1.5355428,1.5410819
26.12757,1.8151654,1.8382176999999997
25.854387,1.5683916,1.5835117999999997
27.463623,1.8930862,1.926564
22.05572,1.7989606,1.8104857999999997
26.543606,1.2733291,1.2860761
25.90838,1.1059539,1.1071365
21.002333,1.1821542,1.1723111
20.425512,1.6687669999999997,1.7006151999999999
21.336508,1.2185816,1.188045
29.436571,1.6736583,1.6987736
20.880146,1.7176713000000001,1.7578730000000002
20.967094,1.8365147,1.8456801999999999
23.74023,1.5027522,1.5244874999999998
29.754316,1.6602116,1.6892977
23.435274,1.6455612,1.6666477
22.70866,1.7673540000000003,1.7891269000000005
24.977629,1.7736591000000002,1.8050661000000001
21.172022,1.7278886,1.7422683000000003
26.035913,1.355504,1.3705344
24.552473,1.6020044,1.6092682
24.420002,1.8550487,1.8768346
23.845858,1.8923373,1.9055080000000002
29.97756,1.6931891,1.7097342
28.937971,1.514733,1.5096862
28.161575,1.082192,1.0570359
24.77345,1.6017105999999999,1.6110507999999997
25.810505,1.8992989,1.9301255
28.535181,1.8568054,1.8778491000000002
20.531044,1.7148512999999999,1.7298662999999996
28.794048,1.2945755,1.3049619
27.098381,1.3096697,1.3514418999999998
21.71125,1.3127888,1.3187912
22.958015,1.0476869,1.0764732
24.25396,1.500436,1.5204556
21.252554,1.9346795000000003,1.9882143000000003
25.17852,1.4411966,1.4561439
22.334352,1.014545,0.98473895
25.125935,1.4764136,1.4791977
22.970757,1.200113,1.17892
29.664062,1.5496150999999998,1.5804527
24.215717,1.4494741,1.4692883
29.632002,1.6284084000000003,1.6352055000000005
24.065975,1.7715751,1.7898070999999998
26.690016,1.1377239,1.137521
28.937765,1.1304597,1.1046093
21.382423,1.4913888,1.5160450999999997
25.501259,1.0436811,1.0306927
26.92675,1.3852655,1.3786583
26.740587,1.6242181,1.637317
20.252127,2.0703058,2.129476
28.080902,1.1694342000000002,1.1506450000000001
24.968664,1.8465523,1.852422
28.041153,1.9577432,1.9752336
22.831787,1.4632593,1.4839787000000002
29.658106,1.6133895,1.6420898
25.363201,2.0500407,2.1630332
23.963043,1.1297548,1.0902854
25.366789,1.5763283,1.5922927999999998
29.904678,1.5410699,1.5479851
28.255592,1.4556526,1.4591308
26.971092,1.7085883999999998,1.7367109999999994
29.868628,1.3614398,1.3690257000000001
22.20337,1.2718246,1.2821533999999999
28.998852,1.8208072,1.8383278999999997
29.613338,1.5837853,1.6005261000000002
22.256777,1.7426554,1.7957150999999998
22.34764,1.4864372,1.4699926
24.633162,0.996863,1.0043174
25.652937,0.88340986,1.6914611
23.678768,1.3829296000000002,1.3894677000000002
28.377869,1.8754823,1.9059994
20.82466,1.3703933,1.4011068
28.486042,1.4883392,1.4979608
22.606277,1.854735,1.8899455
25.19187,1.5780578,1.5887711
21.764757,1.192817,1.1840603
22.010378,1.4107718,1.4392307
27.249868,1.9141784,1.9616327
23.865187,1.5619267,1.5691482999999997
22.052744,2.1430082,1.4458241
25.7857,1.1566224,1.1362512
28.318491,1.8358370999999998,1.8549299
21.502253,1.0764643,1.0548153
24.058647,1.5244545,1.5422163
25.747591,1.2660962,1.3021188
23.420887,1.0772785,1.0550758
24.874052,1.4127585,1.4207325
24.639816,1.3592452000000002,1.3807850000000002
25.908094,1.5893267,1.6502459
26.795078,1.5982746,1.6196241
23.89141,1.8983936,1.9388462999999998
25.35107,1.2802888,1.2762923
28.15741,1.1238896,1.1131308
24.247448,1.1680791,1.1492875
21.909655,1.6144814,1.6959845999999998
22.551844,1.1438076,1.154916
22.358479,1.7251667,1.752692
20.600426,1.1375711,1.3438826
26.3157,1.1102622,1.081502
23.909243,1.7405493000000003,1.7250619000000003
20.906925,1.3731579,1.3693116
27.583662,1.7426655,1.7902181
22.383236,1.3153565,1.3274262
23.497187,1.0498464,1.2650259
25.703781,1.6214805,1.6161063
25.37614,1.742827,1.7674065000000003
20.204897,1.4318748999999997,1.4262356999999999
27.3124,1.1847211,1.1978445
29.499205,1.0492642,1.0339708
20.486628,1.3406129,1.3305705
23.333494,1.7046643,1.7291138000000001
26.182684,1.6616011,1.6902263
27.447844,1.3123199999999997,1.3066443999999997
26.351982,1.3098619,1.3116674
22.24343,1.7814720999999998,1.8009740999999997
21.997194,1.8435404,1.8915574999999998
28.72153,1.4163034,1.4246948
27.713518,1.2361239,1.227956
27.378948,1.9086055,1.9568701000000002
20.583008,1.5338821,1.5407631
24.265705,1.2924017,1.2899272
25.726946,1.7320628,1.7346201
29.856138,1.4475601,1.4667873
22.570805,1.3860856,1.3914859000000002
20.018349,1.2289228,1.2031407
21.941185,1.5367686,1.4674888
20.104311,1.5138551,1.5248904000000003
27.402655,1.2950664,1.2866688
21.921242,1.3522936,1.3324118
25.872084,0.9361357700000001,0.9041068600000001
28.646463,1.8008064,1.8387313
22.269743,1.3231416,1.3185465
21.855556,1.9806954,1.9818127
20.13491,1.5288631,1.1347184
28.559425,2.0186172,2.0597293
27.526012,1.1599029,1.1563973
25.790167,1.1205708,1.0823525
28.263023,1.5181863000000002,1.5424733000000002
29.844173,1.6495811,1.6703331
21.169924,0.99786204,1.0070894
25.676968,1.0512035,1.0334116
25.960289,1.0966862,1.0704759
24.048933,1.2586887,1.2512829
23.725178,1.2376715,1.2142758
25.849466,1.5712416,1.5780845
24.963432,1.2480772,1.2304208
25.586971,1.441713,1.4435756
24.666965,1.6832811000000003,1.6985950000000003
21.36356,1.3213243,1.3197448
22.570036,1.3625102,1.3877344000000003
22.509274,1.6755064,1.0490608
24.495283,0.92853934,0.8861643
26.423672,1.3528707,1.3669903
21.123045,1.3967469,1.4377357999999998
26.28868,2.0721982,2.103778
28.125395,1.6895872,1.7226717000000002
23.344795,1.6447628,1.6726251
22.421701,1.6404946,0.9673359000000001
29.141684,1.43646,1.46035
28.085575,1.2808766,1.2848749000000002
29.934542,1.7200685,1.7647345000000003
21.77518,1.2752593,1.2793603
23.764708,1.4938166,1.5010843000000003
28.089712,1.6409446,1.6668737
22.013033,1.6657962999999998,1.6997372999999998
20.736176,1.4041861,1.4046520999999998
21.687798,1.5598726,1.5714505
24.735718,1.2647283,1.2995882
26.931332,1.631482,1.6628999999999998
22.340565,1.1407269,1.1524534
29.300285,1.9888097,2.02898
22.999968,1.8022972,1.8165209000000002
20.506018,1.3046637,1.2950737
29.50104,1.9456545000000003,2.0117257000000004
21.380524,1.5963068000000002,1.6229463000000002
21.102442,1.7603817000000002,1.7786930000000003
24.227304,1.4404707,1.4689476000000001
25.669298,1.2509291,1.2566745
22.710684,1.8708489,1.8863797000000002
27.596825,1.0672052,1.0718153
22.271318,1.3060317,1.3169079
23.368357,1.4656819,1.4817474
29.719822,1.545608,1.5619910000000001
27.62326,0.91419727,0.8960419
21.798182,1.1344129,1.0928228
29.719067,1.2263051,1.233249
29.270006,1.8473810000000002,1.8976796000000002
25.079384,1.3901101,1.4116154
20.742718,1.3664142,1.3823743
26.294605,1.1308125,1.1394401
24.19007,1.4446853,1.441498
27.97114,1.5719467,1.6174796000000002
26.55465,1.4993882000000003,1.5029664000000003
27.240517,1.1405333,1.1425018
23.310974,1.3259156,1.3196957
28.486952,2.042086,2.0958657
22.746746,1.5424728000000003,1.5445175000000002
22.406132,1.9703671,2.0039995
23.711826,1.2119501,1.2093325
28.462267,1.3098155,1.2982972
26.537857,1.3852379,1.3722143
20.164103,1.9096387999999997,1.9436041999999998
28.718487,1.6653095000000002,1.6721737
23.566412,1.2447416,1.2388809
23.084158,1.3886667,1.400507
25.92139,1.1818651,1.1971667000000001
26.597237,1.2339194,1.2301149
26.991617,1.2466017,1.2422154
24.40043,1.4702214,1.4628854
27.870914,1.5192908,1.5274692
21.39915,1.4007508,1.4030720999999997
28.072617,1.2753468,1.2553039
24.03709,1.3010528,1.3057175
23.751848,1.3610327,1.3541634
22.002312,1.9683268999999999,2.0038253999999998
27.919031,1.424639,1.4272823
25.854881,1.4406735000000002,1.4348380000000003
29.225307,1.3480194,1.353534
26.545633,1.1459843,1.1415892
26.504644,1.4593141,1.4645121000000003
29.981237,1.2939992,1.2933567
23.219576,1.4994218,1.5035944
27.85381,1.5375085,1.5552166
20.495333,1.1411021,1.1201813
28.832167,1.3613389,1.3619509
22.795256,1.3344929,1.350317
28.230688,1.5565062,1.5759039
25.579306,2.0997643,2.1496809
29.88078,1.1351117,1.1280694
22.302164,1.1152434,1.1078591
25.864498,1.7799976,1.786747
28.530195,1.8487207999999997,1.8869367
24.324467,1.3100399999999999,1.2978043999999997
29.10634,1.8496393,1.8759396
27.35965,1.7021996,1.7249575
23.682915,1.9455162,1.9650690000000002
21.458635,1.7516167,1.7869148
26.285044,1.5407282,1.5349314
20.953417,1.4857707,1.4970793999999998
26.24666,1.3182846,1.3131738
24.048939,1.4655195,1.5080018
25.264204,1.2399006,1.2412023999999997
27.214518,1.4091506,1.4220033
29.885849,1.7603492,1.7766836
29.911911,1.1701124,1.1800334
23.384184,1.4727721,1.4646757
23.725716,1.9175645,1.9500921
26.995792,1.5045915,1.5100182999999998
25.95663,1.6551275,1.6537013
20.218952,1.8599502000000003,1.8959467000000003
22.849333,1.7130519,1.7263907999999997
29.373127,1.8704604,1.8875412999999999
28.184885,1.4702853,1.4636121
28.165222,1.8120551,1.8356469000000002
24.464653,1.4428641,1.435498
28.085632,1.6616958,1.6820864999999998
29.473837,1.1320947,1.1372042000000002
28.818707,1.5523328,1.5756238
23.719198,1.9939848,2.009615
22.274258,1.8320187,1.8840059999999998
24.662716,1.4928051,1.4863935
27.64504,1.3564093,1.3722818
28.968466,1.2365994,1.241569
21.359543,2.1629312,1.4819379
27.962523,1.8571225,1.8743491
24.615217,1.2757648,1.2810137
28.35556,1.3712245,1.3711591
27.788626,1.6708902,1.6867738
26.081423,1.5660363,1.5945394
27.98951,1.3201157,1.3071809
23.204012,1.4122771,1.3830781
24.599957,1.4581878,1.4571116
29.683779,1.8315797,1.8554490000000001
27.103436,1.5019608,1.5205839
28.170748,1.1681561,1.154021
27.42086,1.4670032,1.4805148
28.017092,1.1332401,1.080425
20.300825,1.1690187,1.2395186
20.52361,2.0164766,1.2069961999999999
26.119892,1.6159506999999997,1.6301205
29.492352,1.4910278,1.498208
20.411535,1.0797824,1.0981956
24.667158,1.2669433,1.2584448
24.516214,1.4999336,1.4993625
29.978699,1.2349938,1.2323313
25.986473,1.8544482,1.9018086999999997
29.061728,1.4498152,1.4521627
20.629877,1.385121,1.3786056
25.013746,1.3756853,1.3781946
26.600016,1.3457981,1.3552811
20.628386,1.4371713,1.4816504000000001
22.943214,1.2415109,1.2628330999999997
27.830458,1.7576445,1.7888029
25.440132,1.3660803,1.3719354
23.622046,1.4197633,1.4121661
23.272814,1.6287733,1.6206055
27.140821,1.5205395,1.5444989
23.289484,1.3420413,1.3383241
20.671618,1.2207072,1.7582171000000002
22.85429,1.643595,1.1467682999999997
29.028242,1.7755717999999998,1.7914878999999997
27.117268,1.489876,1.5061752999999998
28.610079,1.055618,1.0536184
29.546482,1.19922,1.1992033
29.33177,1.5237943,1.5259142
23.304277,1.3169259,1.3215883
20.879936,1.4558619,1.4763476999999998
28.574095,1.5231444,1.5357358
22.403645,1.5226738,1.5045252
28.675526,1.6206491,1.6299374000000002
26.719656,1.3268151,1.3281213999999997
29.357992,1.8267596,1.8601279
29.565138,1.5496293,1.573031
26.552286,1.0345473,1.0399182
28.653503,1.324174,1.3334754
20.370872,1.2245446,1.3039968
27.634338,1.3273739,1.3445701999999997
21.61025,1.0731746,1.0660759
22.45509,2.0502794,2.100965
25.664494,1.5249188,1.5382206
26.46536,1.4693059000000002,1.4634912000000002
21.784128,1.5417007000000003,1.5149007000000003
27.482416,1.0755149,1.051432
20.687729,1.9625144,1.9888441999999997
28.680292,1.2716893,1.2705367
28.5659,1.3341085,1.3401979999999998
28.076973,1.2420046,1.2450161
21.735144,1.5738747,1.5878695999999999
25.432838,1.1241739,1.1114275
29.302908,1.1222498,1.1086042
24.117815,1.3317214,1.3540902
29.580948,1.7940601,1.8334942000000003
29.685097,1.6072723,1.6151626000000001
26.681297,1.3783096,1.3938267000000002
27.586666,1.5827802,1.5939581000000003
25.702938,1.6938654,1.7575371000000002
25.055683,1.4827492,1.5138986
24.681538,2.0141983,2.0680149
21.872826,1.7300317000000003,1.7621520000000002
29.220083,1.6313792,1.640274
29.741297,1.4316499,1.4346937999999998
29.967962,1.0310327,1.0095036
25.085722,1.6856256999999997,1.6925458999999998
26.032787,1.4677458,1.4695914
25.244486,1.8161663,1.8277087
27.827478,1.6978477,1.7186482
29.762306,1.2685188,1.2694525999999997
28.408375,1.6095132,1.6391747
28.795435,1.2705461,1.2991850000000003
22.036188,1.0918282,1.0724437
24.8618,1.7801874,1.7980768999999999
24.77043,1.1827993,1.118288
20.40874,1.0569143,1.0555339
23.80702,1.619201,1.6290390000000001
27.790796,1.020066,1.0005137
27.021606,1.4552000999999999,1.4848875999999998
23.660072,1.9146492,1.9513210999999997
27.447477,1.9657558,1.9891035999999997
23.922997,1.2123765,1.2092569
21.49062,1.2441561,1.2265813
24.010014,1.7356114,1.7529123000000002
27.985254,1.32024,1.3106978
28.757355,1.1782961,1.1846494999999997
24.19384,1.8792987,1.3534181
22.927404,1.6203159,1.6286929
21.36742,1.5032290999999998,1.5165459999999997
26.574486,1.101193,1.0971384
24.530426,1.1327924,1.065779
27.169046,1.9755322,2.0047035
25.202946,1.6562401000000002,1.6522815000000002
22.566526,1.4658442,1.4642725
20.088837,1.2220645,1.2507644
20.26525,1.9511814,1.9531238
20.636639,1.3025234,1.3176978
23.987743,1.6706452,1.6828984999999999
23.92259,1.0221593,0.9813507
20.000698,1.5378593,1.6036269999999997
24.829197,1.660462,1.701119
28.156427,1.4964594,1.5137787
26.590525,1.7000893,1.7221081
29.361996,1.4874553999999998,1.4812848999999997
20.875618,1.6156653,1.6243553
23.323805,1.6957265,1.6779296
28.584234,1.2497083,1.2499888
21.15352,2.0001285,2.0434973
22.670483,1.7500801,1.7598674
26.19921,1.5738062,1.5993196999999997
28.982977,1.2252097,1.2260603999999997
27.879074,1.3144418,1.3287971
21.632355,1.5894496,1.5689468
20.389767,1.7988391,1.8290265000000003
21.915754,1.5637591,1.6034296
20.075336,1.2014526,1.2203519
28.696232,1.578825,1.6260338
23.29174,1.9077438,1.9434202000000003
22.670198,1.5364051,1.5728695000000001
28.972786,1.243832,1.246686
27.144598,1.5793320999999998,1.5930122999999998
26.627909,2.072379,2.0954442
23.990843,1.8736168,1.8888469000000003
20.21212,1.5808952,1.5753982
23.516283,1.6381517999999997,1.6653613999999999
20.393442,1.5726347,1.5967630999999998
29.644796,1.3411735,1.3305862
21.655838,1.4492831,1.4760754
20.57751,1.4190418,1.4386897
21.560762,1.5374649,1.5467435999999999
21.070478,1.3388691,1.3980379
27.981651,1.3743702,1.3816533000000002
24.657059,1.4562563000000002,1.4530606000000001
22.030327,1.6088324,1.6295557000000003
24.974236,1.7496287,1.7762766
23.252344,1.8848683,1.9369631
22.143599,1.7873516,1.8198948
21.779314,1.6878386,1.7092214
28.680979,1.2787628,1.2579637
27.047562,1.7258816,1.7491658
28.47323,1.9392134,1.9664600000000003
22.635284,1.1803645,1.1616585
26.05775,1.7277951,1.7247338
27.286163,1.5425979,1.5545907000000003
23.948847,1.4945755,1.4903057
21.441074,2.0174937,2.0566683
24.721067,1.4935001,1.482285
22.857573,1.1448689,1.2296355
27.730804,1.873548,1.9015248000000002
24.092276,1.8584341,1.641609
21.197485,1.1934592,1.1920645
21.149647,1.5687219000000001,1.6282983000000004
27.355314,1.6893293999999999,1.7036111
26.150518,1.2893329,1.2881691
27.121328,1.1982061,1.2024672
26.921658,1.4617895,1.4628713
28.31367,1.5280569,1.5472874999999997
20.804365,2.052082,2.1036942
24.820099,1.6149086000000001,1.4960434000000002
27.249208,1.8861406000000003,1.8967516000000004
23.512793,1.4625077,1.4528205
24.776987,1.3881627000000003,1.3864613000000001
24.664757,1.1946554,1.3760890999999997
26.780167,1.3283665,1.3301618
28.945555,1.3926624,1.4233022
20.923943,1.3622477,1.434025
29.376951,1.5432768,1.5596623
20.10387,1.1238735,1.1363361
24.066858,1.9588751,1.9652429
26.273829,1.4213707,1.4329793000000002
29.633057,1.7816842,1.7852416000000002
24.66274,1.4157268,1.412466
29.290646,1.8284556,1.8672531
26.559025,1.7339212,1.7529066
24.493845,1.5753229,1.5995308999999998
24.44793,1.2076656,1.2369604
29.690006,1.1898627,1.1936066
23.543108,1.555675,1.5920958999999997
22.829674,1.5642514,1.560431
25.497932,1.3763564,1.3705096
22.049154,1.4470363,1.5033882000000003
20.320076,1.2566105,1.2678227
25.561869,1.6164206,1.6391655999999997
21.223486,1.3953416,1.4092796
23.771193,1.0403641,1.027669
21.193815,1.5321884,1.5296099
28.486492,1.9484748,2.0055559
20.25883,1.3397055,1.7485621000000002
26.74783,1.846764,1.8680806000000003
27.119177,1.336416,1.3465717
26.151163,1.899826,1.9558374999999997
28.67281,1.6963807,1.6994901
20.610115,1.6745028,1.717583
24.691807,1.2066554,1.2072246000000002
22.923374,1.205098,1.2057803
23.15084,1.5765611,1.5870986
20.215635,1.2365718,1.2301455
23.494802,1.0666126,1.0442183
28.049654,1.2672619,1.2688451
22.431854,1.4110298,1.3766513
27.19155,1.1717026,1.1573701
28.312386,1.411598,1.4239964
26.434158,1.5894603,1.5933925999999998
22.074038,0.9427395,1.050123
23.418842,1.4290067,1.4601824
22.16257,1.3527721,1.3804111000000001
29.75411,1.9204993,1.9487033000000002
22.299267,1.0031629,1.139077
26.062334,1.1806433,1.1882551
26.675802,1.542145,1.5516662999999997
28.321909,1.5877987,1.6019329999999998
27.44281,1.4089055,1.4136903
25.649683,1.5027817,1.5189011
27.05767,1.3043696000000002,1.3016162000000002
20.952818,1.1311388,1.0485191
25.66423,1.4425291,1.4473848
20.797749,1.461047,1.4710567000000003
21.714497,1.5087017,1.5138342
22.270658,1.3997488,1.4197512
22.183285,1.9481107,2.007365
22.586987,1.7716252,1.7904879999999999
26.089132,1.0826468,1.0772469
28.565691,1.3494273,1.363195
26.244009,1.7203395,1.740588
23.242039,1.848273,1.8722093000000002
25.370789,1.6602626,1.6685870000000003
24.439238,1.7153039,1.7356415
26.71092,1.0852436,1.0780587
25.682243,1.3985984,1.4084682
20.899025,1.3454082,1.1836884
20.490757,1.7016958,1.7390845
20.815311,2.0538158,2.0035899
27.968437,1.5479214,1.5532227000000003
22.38403,1.2612535,1.2621865
21.794153,1.8321792000000001,1.8711390000000006
22.79959,1.9691314,1.9881098
29.383121,1.6923548,1.7099984000000001
27.246819,1.4994704,1.5055511
26.466713,1.439467,1.4563961
22.572159,1.3578788,1.3502667
24.087866,1.0091968,1.0197182
25.33255,1.539738,1.5265017
26.865166,1.4204560000000002,1.4173629000000003
26.107624,1.0258625,1.002085
25.875656,1.7229438,1.7324433
27.868845,1.8293914,1.8810141000000002
23.368896,1.4668234999999998,1.0878366999999998
24.232412,1.052144,1.0026369
26.07396,1.6893544,1.7199202
21.895948,1.3459054,1.3703222
25.18904,1.7683007,1.7919811999999997
29.02142,1.4928656,1.5093116999999998
20.257706,2.081315,2.1227086
23.953133,1.6607349000000002,1.7176471000000002
20.895962,1.3915846,1.4479544
24.978777,1.9086852,1.9362199
28.640072,1.2333082,1.2280238
23.80018,1.4948938,1.5081985
29.163504,1.3983208,1.3826852
24.742329,1.5570021,1.5832059000000003
25.602253,1.4534864,1.460048
25.309217,1.5622342,1.5705228
21.96182,1.2496542,1.2366998
28.52647,1.3886161,1.3992347999999997
20.257496,2.1415575,2.172483
22.838474,1.4173238,1.4466089999999998
29.57459,1.5158807,1.5349977
23.10949,1.7866836,1.8075714
24.784855,1.4497399,1.4703035
25.691153,1.3472813,1.3464105
24.040401,1.27883,1.2800407
29.177744,1.3923047,1.4073989
29.674454,1.7182998999999999,1.7483346
27.52111,0.9328474,1.8147848
27.412348,1.1703776,1.16314
23.226227,1.3468441,1.366195
27.541378,1.4297398,1.4340715
25.924726,1.8620416,1.8599467
22.584324,1.2577738,1.256232
21.556196,1.6842341,1.7140512000000003
22.675665,1.2249459,1.2136796
27.844637,1.587473,1.5948718
29.508905,1.3514167,1.3371236
24.832136,1.1047597,1.0881126
24.5724,1.571796,1.5898516
23.148144,1.1135371,1.1279817
25.795368,2.0543668,2.041212
20.397264,1.6019733,1.3796215
27.617706,1.251967,1.2530811
23.0087,2.029022,2.0759091
21.134321,1.757608,1.7961793000000001
28.988705,1.2130076,1.2199948
29.830769,1.3725232,1.3838549
27.14243,1.3685482,1.3809068
27.335775,1.7732308999999997,1.8049221
26.052574,1.6949171,1.7277296
23.249666,1.9959648,2.0324721
21.888311,1.9798794,1.9886659999999998
27.83655,1.4939566000000002,1.5071349000000003
20.711035,1.8227795,1.8472392999999998
27.674747,1.1118468,1.1089282
26.371645,1.3084807,1.8015871
29.578236,1.7907034,1.8258553
23.419777,1.7939786,1.8220742
29.441027,1.2435395,1.2515378
25.326942,1.3067929,1.3154479999999997
26.22886,1.3525572,1.3444583
21.471937,1.5999663,1.6057936999999998
29.59056,1.528098,1.5317237
24.285038,1.2231965,1.2210889
24.126177,0.89938015,0.9539082999999999
29.585299,1.0651897,1.0699365
21.159637,1.765145,1.7761495
22.451143,1.2997595,1.2749681
22.183268,1.1200562,1.0611619
26.372763,1.5738391,1.6037295
24.615606,1.2736274,1.2708755
21.49985,1.9160397,2.0025115
22.895937,1.5885776,1.5819528
28.7235,1.1980643,1.2043171000000001
26.04173,1.6796839,1.6920912000000001
26.16069,2.0750399,2.1323197
26.825,1.6643946,1.6613564
29.885805,1.530847,1.5438778
28.361021,1.4883535,1.4990947
27.490047,1.611213,1.6173489
29.381413,1.5155538,1.5365511999999997
22.342566,1.6294618,1.6275127
21.385065,1.6332142,1.3970721
25.917465,1.6546254,1.665035
22.33282,1.1988353,1.2187281
21.502077,1.3628634,1.3447359
20.493523,1.377285,1.3703232
23.053032,1.571941,1.5762703
25.093954,0.8861592,1.1573758
28.021854,1.1754352,1.1774688
25.628773,1.4246914,1.4409702
26.883633,1.784553,1.8088956
27.827112,1.3325002,1.3360617
28.368551,1.4673083,1.4808502
24.552378,1.918183,1.9132483
23.83548,1.2837723,1.2711802
28.134562,1.3951082,1.3919775
24.73148,1.3853345,1.3874285
24.08504,1.4860299000000001,1.5384448000000002
20.042856,1.7110596,1.7381696999999998
27.941605,1.3164678,1.303694
26.942951,1.5774593,1.5883967999999997
20.10553,1.4488599,1.4550116
28.685118,1.7423246,1.779454
21.209976,1.0655637,1.0506542
24.39617,1.1051823,1.1103668
22.571758,1.6600857999999998,1.6525988999999999
21.47849,1.2635797000000002,1.3484299000000004
27.566414,1.5518805,1.5533917
24.398857,1.6075402,1.6370032000000003
22.76285,1.7743083,1.7762029
24.987589,1.9488971,1.9610201999999999
20.792957,1.2886703,1.2626016
29.083181,1.1678313,1.1495566
29.115685,0.9771678,0.9322913
29.50476,2.0754607,2.0525048
28.519886,1.0187335,0.99043256
26.897854,1.5251248,1.526932
26.030079,1.4150816,1.413059
29.302073,1.6044744,1.598695
26.771,1.8106556,1.8255992000000003
25.61577,1.5625792,1.5728705000000003
21.512562,1.6454022,1.6655287999999997
28.458494,1.3309803,1.336837
22.037233,1.6091317,1.6161406000000003
20.00929,1.3869361,1.3589177
25.292402,1.7458296,1.7691239999999997
26.223492,1.3383038,1.3357775
29.344711,1.4824932,1.4988301
20.048063,1.4349256,1.4396904
28.019129,1.7489327999999997,1.7628278999999998
26.604502,1.719369,1.7400296000000002
23.421825,2.0220878,2.0537105
27.68092,1.9708665999999997,1.9827229999999998
24.143797,1.188648,1.1908746
25.784271,1.8704422,1.8946604999999999
22.562645,1.9465866,2.0096664
21.474998,1.5867997,1.6486027
29.741842,1.7966645,1.7940814
20.798332,1.9143507,1.9313054000000003
26.920235,1.5428776000000002,1.5690010000000003
22.173983,1.5429882,1.5508437000000002
23.76072,1.7101904,1.7237896999999998
20.91878,1.1891259,1.1835918
27.263292,1.7820951000000003,1.8157187000000001
26.976992,1.2149411,1.2139168
26.687738,1.8121222,1.8407121
25.258339,1.253507,1.2655401
21.157856,1.2852117,1.538337
28.764553,1.4190587,1.4164331
28.315784,1.4578967999999999,1.4849121999999997
25.53337,1.3964875,1.4038475
21.658602,2.0041041,2.046813
26.101458,1.9185175,1.9483327999999998
25.553253,1.1279771,1.1047812
24.396963,1.9879295,2.0298948
25.49507,1.416359,1.4223981
27.362036,1.7006409,1.726275
22.712599,1.5904408,1.6344035000000001
27.647026,1.6899462999999997,1.6614346999999998
22.33223,1.1218114,1.08233
27.27793,1.7131993,1.7259779
21.756773,1.8932786,1.926945
29.906864,1.7873694,1.818505
28.446922,1.1733596,1.173296
28.482328,1.7066267,1.7340031
27.898119,1.6892399,1.7309124000000002
23.331131,1.7199028,1.7782168
20.296017,1.4193245,1.4410064000000002
20.245167,1.6876493,1.6800902
27.589087,1.3583546,1.3599699
22.481354,1.5007292,1.5250933
25.78623,1.5303477,1.5508144000000001
26.56466,1.0733458,1.0617201
23.158085,1.4546858,1.464422
24.208244,1.515183,1.5282092
20.778517,1.8515397,1.9534389999999997
29.05434,1.519924,1.5324228000000002
23.952974,1.8607517,1.8886266
27.395838,1.2541158,1.2398868
29.013462,1.5585119,1.588228
22.403708,1.3528895,1.3692956
21.203726,1.4346203,1.4614999
27.844908,1.8348633,1.8571062
27.847523,1.1863041,1.1882097999999999
22.153606,1.3386086,1.3660773999999998
21.967098,1.4997841,1.4957473
26.207064,1.3699379,1.3803737
22.97372,2.0278916,2.0627594
26.876677,1.8379526,1.8507279999999997
23.04977,1.4603126,1.4617220999999998
27.849838,1.3008796,1.2967238
28.981146,1.6506539999999998,1.6646139999999996
21.854435,1.8957778,1.9198527
21.085186,1.7285978,1.7746608
21.130058,1.7153846,1.7359742999999999
25.64629,1.1700063,1.1579366
26.501945,0.9928925,0.9327098
29.283562,1.1323396,1.1340851999999997
28.656889,1.8888566000000002,1.8885043000000001
27.066114,1.7740644,1.789299
20.08887,1.0850197,1.1352742
25.453527,1.3479168,1.3664377
24.975666,1.4076467,1.4177072
20.241463,1.8634553,1.8820086
20.296614,1.1674618,1.162992
22.581615,1.2880969,1.2963460000000002
27.34887,1.5099852,1.5192235000000003
24.612926,1.8890343000000003,1.9197979
21.131775,1.5407478000000001,1.5368097000000003
22.487505,1.0608815,1.0336742
24.332018,1.693501,1.7221028999999999
21.61275,1.7701668000000002,1.8051679000000003
29.049536,1.5846986,1.5953603
29.345573,1.9306153,1.9456043000000003
21.696138,1.8110032,1.4385066
22.306175,1.3506945,1.3612502
27.868431,1.4492605,1.4736304
20.637602,1.3939574,1.3977081999999998
25.871391,1.244938,1.2352786
23.920141,1.6067407,1.6206896000000002
25.418192,0.9231366,0.9996138000000001
25.553253,1.434146,1.4475236000000002
24.307146,1.6148071,1.64569
20.28782,1.4462228,1.4645671999999998
28.284885,0.9417728000000001,0.9119611400000001
26.796164,1.3464376,1.3492353000000001
23.710474,1.5574977,1.5742292
29.948996,1.4347979,1.4391787
28.144302,1.5808967,1.5896986
22.280396,2.0861015,2.0768971
27.200483,1.2633913,1.2633693
28.228493,1.8311679,1.8600469
27.162363,1.3532456,1.3689399
29.41376,1.8446226,1.8742389999999998
25.43089,1.5915306,1.6087401
27.201437,1.4355288,1.4578009
21.11217,1.3984269,1.4124768000000003
21.186325,1.7690847000000003,1.8000054
22.163324,1.6234888,1.6322768
29.883486,2.073818,2.1469347
29.54885,1.5032957,1.523927
23.82054,1.6106895,1.6335502
23.552032,1.3632355,1.343638
25.471779,1.4386191,1.4366896
26.211472,2.1473975,2.1870909
26.939516,1.3522123,1.3441441
28.066738,1.4536182,1.4683435
22.543324,1.4374391,1.434191
26.93292,1.6280339,1.6423972
20.230501,1.2030263,1.1798956
23.187521,1.6052377,1.6242404
26.157116,1.883342,1.9111872000000003
29.403185,1.5164611,1.5304382
25.416353,1.5094516,1.5121548000000002
25.755749,1.2218693,1.1965103
22.16558,1.4553338,1.4609714
21.690567,1.4846578000000001,1.4968805000000003
28.808193,1.5441157,1.553704
26.7934,1.6568587,1.6806111
25.648375,1.1817049,1.1734917
20.123917,1.4448806,1.4440088
26.610645,1.4514332,1.456856
27.655752,1.1975526,1.2071643
29.744251,1.3558295,1.3683363999999998
20.294268,1.2094104,1.2212415
26.968393,1.438403,1.457053
24.854338,1.1944289,1.1891499
28.539888,1.1592404,1.212698
21.059584,1.7794160999999997,1.7750064999999997
21.057756,1.2509375,1.3748894
20.505383,1.8896637,1.9423013
20.421087,1.6427357,1.3504791
28.169859,1.1243638,1.0971627
20.391329,1.360302,1.3601544
24.361755,1.5953922,1.6208472000000003
21.841,2.077784,2.0716794
27.379473,1.1629753,1.1552546
25.265434,2.05471,2.1047862
27.442413,1.2708654,1.2508333
23.064417,1.2514138,1.2605498
26.747826,1.42211,1.4237683
26.074697,1.6578443,1.6890697
21.027006,1.5657007,1.6187811
23.487988,1.9595215,1.9799237
28.416002,1.1664655,1.1548314
28.12126,1.6480796,1.6721396000000002
25.925331,1.4507638,1.4600666
23.835423,1.8117807,1.8344861999999997
26.344059,1.3333032,1.3245373
25.418388,1.0195191,0.96082985
21.773855,0.92686874,0.9732636999999998
25.60406,1.8230871,1.8432219
21.249706,1.8600178,1.8897133
26.167776,1.8193603,1.8309982000000002
23.15974,1.3169262,1.3203104
24.490568,1.7800504999999998,1.8102105
26.083515,1.6371888,1.6409957
27.61715,1.9969132,2.0683815
29.597979,1.5353459,1.5577352
28.207703,1.2670037,1.2811406
22.616838,1.1709735,1.1846898
20.808916,1.4292511,1.4384439
28.852097,1.6095808,1.6314805
26.762217,1.3944509,1.4015868000000002
22.006733,1.2738949,1.2992733
25.805523,1.2535883,1.2621174
28.093891,1.4171287,1.4252228999999998
26.766499,1.7148912,1.7468936
29.958288,1.0109428,1.0124887
23.77807,1.3697045,1.4252069
26.877243,1.3390373,1.3544347
26.434252,1.3786798,1.3855734000000002
23.51138,2.0223196,2.0784886
28.042475,1.7798513,1.8019287999999998
22.94738,1.1871938,1.7740943
24.248993,1.3781934,1.3982077
26.48284,1.3123808,1.304863
21.461208,1.6804237,1.1031296
21.069016,1.7501856,1.7729792999999998
27.313805,1.291986,1.2997985000000003
27.911612,1.4105561,1.406661
23.765345,1.5505373,1.584466
26.487436,1.7475086,1.7769289
29.130564,1.5375746,1.5492952
24.643318,1.0200213,0.9979635
22.877132,1.8116438,1.8893812000000003
24.287271,1.9435867,1.9550447000000002
25.83999,1.6609333,1.7122244999999998
23.702211,1.46779,1.4916213
24.035412,1.1991671,1.1492682
22.063446,1.7652711,1.790036
26.978054,1.6546246,1.6822671999999999
28.133232,1.843811,1.8593211
25.008299,1.9124728,1.9638516999999998
20.766468,1.659472,1.6920954999999998
21.808794,1.3001202,1.3052291999999999
24.932953,1.5141764,1.5513835
22.205257,1.7215005,1.7405415
29.428156,1.1104189,1.102026
25.909454,1.3807645,1.4001089999999998
24.32002,1.3717384,1.3599157
25.860739,1.7218508,1.7686377000000002
27.951033,1.5173322,1.5206897
24.31871,1.1307926,1.1169493
26.881296,1.0069526,0.9665554
21.569256,1.633295,1.6392951
24.555197,1.4851439,1.5101457
26.2885,1.2094667,1.1946816
27.349876,1.4830611,1.4994371000000002
28.08929,1.9342119,1.9863733999999997
22.994907,1.973319,2.0179498
26.954206,1.7302632000000002,1.7614748000000002
26.281443,1.5858687,1.5955908
27.44705,1.6487283,1.6653469000000003
25.592691,1.4233483,1.4339919000000003
22.749418,2.1252906,2.1236591
26.522226,1.3920329999999999,1.3858334999999997
20.93043,1.2102334,1.2160792
21.318493,1.2303154,1.2173116
25.280163,1.2543688,1.2678320000000003
27.86516,1.5160959,1.5227014999999997
27.905054,1.6417751,1.6664743
23.565325,1.2234493,1.202472
29.822195,1.474272,1.4840946
25.14934,1.6529386,1.6821562999999997
24.003593,1.4883995999999997,1.4741093999999997
25.419037,1.2687287,1.2666101
26.236048,1.1359903,1.1219399
24.773626,1.274596,1.2866824
20.67489,1.257979,1.2788122000000002
20.013172,1.7471106,1.7476850000000002
26.328094,1.5880207,1.6082871
28.141386,1.1538851,1.1499982
24.630486,0.9429963,0.8969242
22.938053,1.3627678,1.3779731
23.638142,1.5210391,1.5581471999999998
25.64366,1.362963,1.3726739999999997
20.766577,1.0417092,1.0207684
27.243042,1.8073001000000002,1.8290868000000002
21.78186,1.7065378,1.7823935
25.775618,1.3460867,1.3531027
27.506386,1.7055665999999998,1.7193586999999995
27.769268,1.3138279,1.3110492
27.988205,1.198831,1.1791759
27.845936,1.8687266,1.901293
28.870798,2.1119113,2.166192
29.740793,1.2237005,1.2163079
20.310623,1.1823077,1.1786046
25.761854,1.1992708,1.1939669
24.785656,1.0863135,1.0736526
26.883959,2.0210655,2.0562983
23.499899,1.5039135,1.5472069000000002
23.775473,1.2114181999999998,1.2138416999999997
28.770416,1.5002581,1.5094571
27.366411,1.4670389,1.4841933
29.102213,1.417912,1.4234831000000001
29.283178,1.4307078,1.4309976
21.170322,1.9366984,2.0034595
21.048557,1.9282865999999999,1.9610771999999999
22.82121,1.4875069,1.4836092
20.402763,1.5176115,1.5855656000000002
25.831306,1.4406896,1.4561340999999999
22.157166,1.30511,1.3163753
29.645893,1.3246813,1.3267407
28.045723,1.7449988,1.7858567
21.691166,1.0827235,1.0846138
23.132114,1.8042027,1.8243937
28.720985,1.4509562,1.4607551000000003
24.99258,1.5654109,1.5629582
21.966946,1.6112927,1.6517336
28.755827,1.1119744,1.0924754
27.671432,1.5250133,1.5413969000000003
20.025152,1.7896043,1.8172615000000003
29.673405,1.8363476,1.8596618
21.507252,1.3354532,1.3138633
29.163837,1.6045438000000003,1.6204264000000002
24.081215,1.4964627,1.4910793
27.828407,1.4137142,1.4250895999999997
25.729685,1.7475784,1.7616270000000003
20.462194,1.4411404,1.4540152999999998
20.417488,1.7626677,1.7878220000000002
29.431553,1.8200237,1.8462830000000001
29.032022,1.5261922,1.5325828000000001
21.271996,1.1247995,1.1356652
27.521002,1.2367579,1.2395067
20.799234,1.4731259,1.4817369
25.881916,1.5068306,1.5053158
27.552517,1.0891277,1.067929
27.509293,1.5891937,1.6149506999999999
29.92876,1.1349264,1.1339262
24.454842,1.0688163,1.080504
20.495726,1.4770871,1.4796774
25.755379,1.4025254,1.4115895999999999
24.217497,1.7646493,1.7786042999999998
25.26195,1.2707514,1.2498012
21.608196,1.4646908,1.7285123
24.351782,1.6209735,1.6593943
27.929352,1.4535794,1.445735
27.634918,1.342678,1.3347378
22.432274,1.5764506999999999,1.1552481999999997
29.320318,1.3177586,1.2884004
27.978123,1.6059647,1.6162796000000001
27.877304,1.5068723,1.5073068
26.853668,1.7711631000000003,1.7900505000000002
27.45655,1.5478894,1.5577535999999998
20.268997,2.0415294,2.0969954
25.506506,1.2323613,1.2183044
26.77296,1.0938493,1.0891573
22.148558,1.3594306,1.3602011
24.771072,1.1902398,1.1959580999999997
29.389843,1.1278421,1.1287766
24.777464,1.4550115,1.4503758
24.970419,1.5162519,1.5228168999999998
24.254784,1.6394011999999998,1.6526777999999998
26.218246,1.8867911000000002,1.9188960000000004
20.25311,1.2924875,1.320615
22.710247,1.7630196,1.7683499
25.13046,1.7909855,1.8334880000000002
29.135206,1.1420314,1.1359618
27.27697,1.4517626999999997,1.4575905999999998
26.781796,1.1831836,1.1759787
24.262798,1.919311,1.9277647
26.847015,1.3198564,1.3140323
22.46684,1.9990913,1.3490473999999997
26.240658,1.1628476,1.158499
29.547947,1.2384989,1.2349129
20.616867,1.287744,1.2838376
23.064825,1.4383391,1.4065866
26.246916,1.7971178,1.8281648000000001
27.541279,1.4446676,1.4289343
27.539618,1.5969868,1.6390877
27.568855,1.3626734,1.3781104000000002
29.311201,1.3651483,1.3677766000000002
21.729906,1.6634191,1.6636267000000002
22.981913,1.0679704,1.083774
26.926344,1.097299,1.0923016
26.457703,1.4625354,1.4644755999999999
26.361498,1.7951634,1.8833456
21.993195,1.4362586,1.4385668999999999
20.688925,1.2760456,1.2791493
27.901278,1.3034568,1.3030734
22.870113,1.4767115,1.4720447
27.190105,2.0240014,2.0407119
23.52479,1.6432166,1.6577635
25.905273,1.3329263,1.3452549000000003
23.423904,1.6902940999999998,1.7271980999999998
27.884588,1.4436694,1.4522432999999997
20.776993,1.4554163,1.4832097999999998
29.777851,1.5861295,1.5998178000000003
25.207104,2.0845096,2.1646109
20.664516,1.8951247,1.9531217
29.682713,1.2307321,1.220576
23.975119,0.98218936,1.6517684
28.598984,1.250841,1.2482266
26.441422,1.5241795,1.542908
26.461876,1.4038197,1.4222832
20.981907,1.6184986,1.7876623000000003
27.291191,1.2855088,1.2786922
21.071548,1.0162735,0.963602
26.10807,1.3456765,1.341043
29.836758,1.3660392,1.3653946
25.711544,1.5197868,1.5541615
26.558687,1.5171068,1.5179558
24.093386,1.5542834,1.5723457
25.673069,1.086048,1.0765882
24.907772,1.1079106,1.0765502
26.863066,1.1592841,1.1395321
21.944479,1.5711194,1.6181121000000003
28.78382,1.8466733999999998,1.8777873999999997
20.640017,1.6201539000000003,1.6494749000000002
20.389791,2.090929,2.1185915
23.41875,1.6962725,1.7206936
27.991596,1.2129593,1.2119365
29.118189,1.6644745,1.6810806000000003
23.844566,1.3238358,1.3313801
20.515104,1.9187491,1.2390425
24.595907,1.5758374999999998,1.5891367999999997
28.604668,1.0954659,1.0476527
22.405754,1.3319292,1.369214
27.594524,1.6463554000000002,1.6549397000000001
26.369165,1.4248469,1.4437597
24.507708,1.7536137,1.7848432
25.170456,1.2411736,1.2445226
29.340313,1.2798597,1.2932649
25.494787,1.5551057,1.5646276
26.945911,1.3007722,1.3057241000000002
28.049074,1.8121527000000002,1.8437893000000003
29.31932,2.0555477,2.1166608
28.090464,1.4541789,1.4677761
28.947725,1.2046978,1.21984
24.144756,1.3565264000000001,1.3444512000000002
29.799343,1.3677546,1.3872356
21.058674,1.6822624,1.6703444
24.749039,1.186752,1.1717851
20.738827,1.2233922,1.20017
20.723047,1.5916904999999997,1.6242670999999997
23.536283,1.7102365000000002,1.7793615
25.190792,1.8383613,1.8253343
25.047716,1.3573785,1.375274
23.382587,2.0493462,2.093682
23.92925,1.2996373,1.3034296
21.011663,1.1980374,1.1960092
29.271633,1.2540143,1.2344558
27.574684,1.5177656,1.5497014999999998
26.729424,1.3982297,1.4053459
23.042065,1.3597913,1.3710926000000003
27.596378,1.2838302,1.2838106
29.605444,1.9893954,2.0135367
26.955349,1.2924448,1.2781508
24.933374,1.352855,1.3152001
23.102957,1.2444543,1.238903
27.07953,1.9867605000000002,2.0023453000000004
29.340296,1.5749292,1.5816002000000002
29.397741,1.4516796,1.4489686
20.589806,1.7221874,1.7529774
24.438103,1.7343171,1.7787592
28.423735,1.366352,1.3837128
24.528074,1.4507675,1.4472773
20.860313,1.4993517,1.5307357000000001
26.562157,1.4663627,1.4758008
21.615938,1.5752658,1.3807974
23.156466,1.0071639,0.95822537
27.090435,1.6760164,1.7140806
20.530638,1.5237855,1.5143199
20.40932,1.3356323,1.3985868000000001
27.428396,2.0377216,2.0631843
25.610935,1.3004177,1.31902
28.243042,1.3544238,1.3494246
21.260025,1.663211,1.6790025000000002
29.32941,1.4666529,1.4647477
26.279705,1.2985456,1.316652
20.79197,1.8315041,1.8429893999999998
27.062897,1.20049,1.2086903999999998
28.685766,1.6067816,1.6119071999999999
27.098639,1.411734,1.4142016999999998
28.821579,1.2365634,1.2377207
20.50199,1.1608187,1.1440091
23.031542,1.6679808,1.7168086
25.261703,1.3716041,1.3577483
26.446938,0.9741899000000002,0.9038865000000001
25.731457,1.5284197,1.5566349
27.737535,1.4267586,1.4473608000000002
22.062668,1.5502144,1.5595889
20.281324,1.2789445,1.2882428
29.372604,1.3195168,1.323421
25.949362,1.2710999000000003,1.2601388000000002
23.242422,1.7416828,1.7674015
21.906704,1.4943435,1.5144105
25.774353,1.8228388,1.8829250000000002
26.994535,1.3759065,1.7346416
24.674656,1.5033658,1.6380922999999998
21.137938,1.5675193,1.599201
21.761444,1.475701,1.4841087
21.132357,1.1032257,1.5906959000000003
23.013998,1.3031235,1.2997851
24.709745,2.0463223,2.0550134
27.646059,1.7781504,1.7892698999999999
28.062634,1.5116589,1.522464
22.284113,1.2782141,1.2817855
23.906828,1.3245093,1.3432371999999997
20.502462,1.5563198,1.5425644
21.888613,1.2116741000000002,1.2020462000000003
27.4366,1.2495593,1.2601924
25.959894,1.2953086,1.2790151
22.40502,1.2683129,2.0175846
27.057772,1.5404925,1.5594034
28.131588,1.5472611,1.5682673
20.686646,1.4013159,1.4404627999999997
28.55718,1.5389981,1.5487580000000003
29.215837,1.673682,1.6828619999999999
21.474566,1.9656987,1.4556363000000003
22.797165,1.380229,1.3940725
29.136189,1.9049717000000002,1.9382718000000005
27.973742,1.534122,1.5471721000000003
21.008163,1.0107492,1.0326263
27.572672,1.4619626,1.4653859000000002
24.578302,1.3464026,1.3525485999999998
25.226187,1.7770537,1.772855
24.735197,1.0762607,1.4649054999999997
23.521172,1.1339037,1.0961883
27.717976,1.1155726,1.1081705
25.849209,1.3666346,1.382911
24.74877,1.6788132,1.7174598999999997
24.945635,1.5811723,1.5781567
27.074661,1.5653783,1.5950338999999998
20.07507,1.4823134,1.5074909
25.765198,1.5234076,1.5381062000000003
25.262815,1.693171,1.7181971
24.012096,1.4429436000000002,1.4458490000000004
27.637383,2.125996,2.1863503
22.627932,1.4574916,1.4450672
25.302622,1.3689814,1.351938
23.888163,1.9255501,1.9526938999999999
23.538008,1.2565639,1.2856843
26.119259,1.2434548,1.247194
29.715761,1.2533695,1.2539129
26.861076,1.1823089,1.1527934
29.57968,1.861023,1.8892944
20.826628,1.4678663,1.4339595
22.582752,1.4268093,1.4318845
28.752731,1.5440488,1.5521622
27.669168,1.7480385000000003,1.7633650000000003
24.353361,1.5114574,1.5204959
22.544956,1.0015243,1.0133243
20.158829,1.6219512,1.6221342
26.335451,1.5648408,1.5579908
22.281841,1.4689429,1.5115147
20.12973,1.6572797999999997,1.6766037999999999
21.843546,1.9140513,1.9006858
25.13669,1.7151669,1.6954169
20.702322,1.966449,1.6952512
21.34604,1.2879028,1.2777684
25.42327,1.5044373,1.5027461
24.465248,1.8128883,1.8432925
21.473583,1.2847388,1.2918613
24.04016,1.2832529999999998,1.2857598999999997
21.413872,1.8121119,1.8393753
25.365875,1.7785559,1.8007925
22.01993,1.0959668999999999,1.0915340999999998
24.221073,1.5832944,1.6254153
27.636389,1.5482857,1.56411
23.730135,1.6421943,1.6406181
20.798143,0.9143562,0.9657143400000001
29.934074,1.2195244,1.2410481
25.598637,1.3170918,1.3210187
20.739353,1.7493036,1.7782225999999999
24.026617,1.4133994999999997,1.4161607999999997
20.388424,1.5369533,1.5849288
23.628006,1.3096639,1.2785685
20.75825,1.4280995,1.5632801
22.179121,1.1666365,1.1658447
20.564196,1.4535087,1.4575305
21.349495,1.6906211,1.679491
27.334356,1.7427205,1.7891126000000002
29.685617,0.99322164,0.97250915
21.62053,1.5970192,1.6430576
21.175138,1.4345803,1.4155841
28.519567,1.085413,1.0713549
29.592806,1.6376383,1.6490096999999997
29.312082,1.7614446,1.7857113
22.654217,1.4291595,1.4314513000000002
24.385006,1.3190563,1.3555996
25.877413,1.5910031,1.6094541999999998
20.942532,1.2251788,1.2199595
23.159813,1.6371777,1.6200936
22.465534,1.2823488,1.2874644
23.857216,1.3336164,1.3253636
21.880142,1.3579402,1.3530004
26.209124,1.7725865,1.7953618000000002
27.741085,1.4629933,1.4807255
28.609571,1.5963091,1.6013691
25.655045,1.2826875,1.2771487
24.509016,1.8581770999999998,1.8879141999999995
21.40621,1.2036197,1.1734631
25.124973,1.2377067,1.2517567000000003
22.812164,0.9472635000000001,0.9036652000000001
24.735039,1.9790124,2.0248597
26.798384,1.7776123,1.7938218
22.667154,0.9482011,0.8627091
22.089266,1.3213601,1.3161659
24.493544,1.1683096,1.1814742
25.121098,1.4735562,1.4870467
27.541939,1.5481137,1.5635798
25.65113,1.2877768,1.273174
27.651329,1.1209356,1.1174681
27.205004,1.6724391,1.6876218
24.651016,1.3771794,1.3820672
20.571747,1.8756261,1.908082
20.096659,0.96872807,1.9303276999999999
26.433264,1.233258,1.2540727
23.019701,1.4931717,1.5052278
28.99364,1.4519669,1.4734201
25.611378,1.7189362,1.7446405999999999
29.995033,1.58566,1.5876143000000003
25.133818,1.4247963,1.4082003
28.863028,1.5222204,1.5283785000000003
27.20349,1.3056315,1.3005753
29.205488,1.6444775,1.6818724
25.19667,1.4123571999999998,1.4180309999999998
28.793991,1.4646035000000002,1.4957199000000003
29.770706,1.2195115,1.2043207
25.955828,1.376176,1.3895573999999997
22.286871,1.7394317,1.7297096
26.799278,1.1878161,1.1939029999999997
26.572315,1.4173863,1.4244230000000002
26.063187,1.5705666999999999,1.5982250999999998
26.216385,1.5693347,1.5717409
20.260405,0.9690956,1.0067306
20.883314,1.6389244,1.6713282999999999
24.997597,1.5470942,1.5415566
22.533955,1.3142264,1.3392768
23.705044,1.694528,1.7445145
20.325706,2.1287236,1.8893738
21.889963,1.5374817,1.5558093000000002
29.45203,1.6006873,1.6071873
23.91659,2.0027747,1.4170547
28.475613,1.4572368,1.4666667
20.757198,1.8446785000000003,1.8750529
28.456919,1.0547557,1.0472816
23.768353,1.305351,1.2984872
25.30089,1.7807960000000003,1.7971482
21.875072,1.2379756,1.4480574
21.442955,1.45967,1.4933375999999998
26.369316,1.6973488,1.7132816000000002
26.394857,1.7640853,1.7838854999999998
20.944479,1.923345,2.0757873
24.580696,1.6867102,1.6734381
21.229204,1.0177736,1.1866312
28.58397,1.4684404,1.4765341
27.562275,1.3411733,1.3454051
20.040834,1.0086806,1.0720019
29.569914,1.3218498,1.3276081
23.505754,1.4950304,1.5048795000000001
21.871862,1.4007274,1.4424145
22.791922,1.4139793,1.420424
27.8322,1.7846744000000003,1.7811115000000002
27.8738,1.1750727,1.1738696
26.350645,0.94091105,1.3429315
25.936403,1.6679091,1.6710112
20.752094,1.4512959,1.4994627999999999
29.631775,1.7099763,1.7256482000000002
24.728004,1.3506613,1.3661563
23.540075,1.4346771,1.4468652999999998
21.236052,1.3666878000000002,1.3651905000000002
20.633125,2.0505497,2.0336332
21.127825,1.7963285,1.775393
21.9363,1.3801222,1.7193345999999998
26.786278,1.5335824,1.5572207
25.523722,1.1626962,1.1715169
23.647055,1.8039323,1.8515992000000001
22.29176,1.3572656,1.3520937
26.30784,1.1739092,1.1605296
29.862997,1.5200895,1.5353309999999998
26.756826,1.5499419,1.5713074000000002
24.513412,1.2073253,1.1874051
23.63789,1.6271703,1.6045067
20.594166,1.3853922,1.4184098000000003
27.096832,1.3868798,1.3718088
21.516993,1.4845937,1.5106000999999998
21.973473,1.1972078,1.2067564
20.789011,1.6030194,1.6136696
23.768087,1.2975514,1.2708135
22.30328,1.1601499,1.1876535000000001
24.68011,1.6964524,1.7119359999999997
28.373972,1.2540374,1.2509212
23.09384,1.420647,1.4153457
21.164425,1.6291909,1.6658571
29.97352,1.3148324,1.3219614
29.425419,1.4092898,1.4175787000000002
29.611996,1.6601359999999998,1.6784147999999997
22.559504,1.3589846,1.3444898
23.391958,1.9408469,1.9856675
25.263142,1.6224189,1.6297483
28.92386,1.9043334,1.9463717999999999
21.089302,1.8608755999999997,1.8429545999999999
20.201921,1.5198262,1.5104237
28.85546,1.4536601,1.4623465999999998
27.901659,1.406123,1.4325833
28.640642,1.6864556000000002,1.7052605000000003
28.05818,1.7429636,1.7560549
21.432667,1.6678694,1.7058628
24.567907,1.4921534,1.4879172
29.903296,1.8910493,1.9200199000000002
21.481056,1.772805,1.7454693
27.225807,1.3848462,1.4023049
23.497059,1.5179682,1.5284109
23.30071,1.5681708,1.5706091000000002
27.54503,1.6088141,1.6291814
23.16969,1.5423083000000002,1.5690298000000003
24.445143,1.1857445,1.1613004
29.107748,1.6372126,1.6544023
29.193237,1.5480875,1.565429
29.056293,0.9040275,0.8578899
26.542217,1.9588103,1.9862514
28.466673,1.4732804,1.4873965
29.410425,1.5669793,1.5645933
22.973774,1.4417884,1.3982568
29.993248,1.5015268,1.4960511
25.884995,1.7928697,1.8376324
26.808498,1.2906266,1.2997575
23.936317,1.6763339999999998,1.6900958999999998
24.695694,1.3432229,1.3458819
23.856834,2.0069768,2.0729017
29.606943,2.085481,2.127595
23.13151,0.9125020499999998,0.92748183
27.026943,1.5945559,1.6264694
20.614216,1.8701427000000002,1.9314241000000003
22.312235,1.3805724,1.4038141000000002
20.758835,1.0474911,1.070257
26.893843,1.4446745,1.4542463
20.600037,1.3350741,1.5210738
26.644018,1.4608543,1.4844228999999998
29.84629,1.7738075,1.7938225
23.560303,1.545845,1.561405
22.217476,1.3734292,1.3988643
21.56644,1.338091,1.3433532999999998
20.920698,1.3356966,1.6034238
20.088947,1.6817335,1.6621082
26.935223,1.4269778,1.4356699
23.91674,1.9714512,1.9616237
28.064861,1.5741023,1.5892241000000003
29.80045,1.8789304,1.8995051
26.609648,0.996533,0.9877342
24.476727,1.0585651,1.001209
22.833391,1.3401412,1.3398447
21.564884,1.6933547,1.6797984
27.358969,1.237695,1.2470808
20.140034,2.0538192,1.5267406000000001
27.001963,1.193237,1.172643
26.194216,1.6188364,1.6419675000000002
22.564718,1.7189786,1.7585351
24.759089,0.9876028,0.9948809999999999
20.066765,1.7612517,1.7988827
28.202854,1.3692038,1.3734529
22.030571,2.0160675,2.055431
22.020351,1.6647569,1.6912262
20.803957,1.57674,1.5783689
24.9074,1.2357789,1.2299378
25.902752,1.9790965,1.9957027000000003
28.980007,1.5473943,1.5802214
24.381542,1.022776,1.0283251
28.951681,1.2477545,1.2418997
23.272305,1.6857177,1.6964605
23.706865,1.543717,1.554877
23.975126,1.9745921,2.0068934
28.728662,1.5047524,1.5326156999999998
27.167908,1.6040629,1.6483865
28.279198,1.2648113,1.2739689
21.383072,1.7885969,1.8281945999999998
26.787971,1.6656585,1.7040169
29.805656,1.764026,1.7733280999999999
20.025291,1.3829044,1.3884404
28.47804,1.2867641,1.2908702
24.772583,1.4567755,1.4386992
27.390898,1.6019322,1.6130101999999997
23.53296,1.190472,1.2011635
24.620152,1.6843165000000002,1.7008684000000005
23.071589,1.1445621,1.1437831
28.31509,1.8729091000000002,1.9062643000000001
25.546211,1.6536295,1.6700103000000002
29.008347,1.6296055,1.6519051
22.490068,1.6641040000000002,1.6662543000000003
27.496758,1.3985875,1.3928697
23.756714,1.7266134,1.7206216
22.566795,1.2926955,1.2994273000000003
23.913317,1.4813734,1.4916116999999998
29.771446,1.9867849000000002,2.0207117000000006
26.025354,1.7441366,1.7481098000000002
28.314781,1.4776366,1.4786906
28.925713,1.149811,1.1547375
23.797836,1.3257147999999999,1.3378982999999998
28.454144,1.3838694,1.3797371
27.16983,1.3317207,1.3521409000000002
23.416855,1.3286849,1.3319123
24.586823,1.371127,1.3521881
21.88936,1.7864909,1.8226175
27.632887,1.1778266,1.157362
24.476358,1.6484803999999997,1.663667
24.819532,1.786032,1.8342084999999997
24.70711,1.0500431,1.036049
25.340792,1.6748176,1.7120916999999998
28.13437,1.8440725,1.8694341
27.040857,1.7208035,1.7410755000000002
24.179605,1.4619961,1.4497151
21.218628,1.3347596,1.3793526
24.240139,1.737397,1.7265332
28.65035,1.4383336,1.4594420999999997
21.59556,1.3317279,1.3290012
20.806526,1.5607915,1.6102946
22.451712,1.2350066,1.2323594
26.7301,1.4285829,1.4386196
25.97527,0.99396724,0.9933067
27.76995,1.7060261999999997,1.7388314999999999
25.898928,1.6185664,1.628844
20.288822,1.7285432000000003,1.2754030000000003
27.727669,1.554875,1.5743568
21.190147,1.3194442,1.3304446000000003
29.622202,1.7045069999999998,1.7224426
26.435139,1.5324359,1.5493658000000001
28.820333,1.4148699,1.4118538
28.853605,1.3708723999999999,1.3739437999999997
27.650267,1.460362,1.4847093000000002
26.373865,1.1456732,1.1213603
29.272827,1.7903012,1.8153176
21.5951,1.7194886,1.7649379000000003
24.850119,1.1071895000000003,1.0979250000000003
24.831884,1.8080173,1.8628172999999997
24.617086,1.120236,1.1120558
23.961782,1.0119926,0.9552517
27.860567,1.5875785,1.6022382
25.60112,1.068012,1.0399928
25.91984,1.319673,1.3236794
24.0225,1.0296912,1.8790629
27.654552,1.2755432,1.2925184
22.455349,1.3442619,1.3432074
26.297241,1.7370536,1.7500016999999999
25.186626,1.5044332,1.5140814999999999
28.34947,1.5427974,1.5540628
29.948734,1.509845,1.5243151
26.764887,1.795302,1.8476347999999998
23.534521,1.0883402,1.0522416
28.516907,1.1896487,1.1716473
27.981915,1.8393277000000001,1.8693564000000003
22.677294,1.5252231,1.4876645
28.514257,2.1321375,2.2005756
28.762676,1.3880644,1.3891463000000002
25.516588,1.0258458,1.1976237
25.062351,1.6670771,1.6679015
25.284187,1.8195989999999997,1.8484069999999997
22.731937,1.5071293,1.518048
26.067314,1.5468072,1.5616381
21.767918,1.3988637,1.4140496
21.355356,1.2997973000000003,1.2947190000000002
22.462349,1.4904108,1.4977677
24.954565,1.9414209,1.9125648
23.743124,1.4834595,1.5108893000000003
23.504795,1.610338,1.6198955
25.814285,1.2615691,1.251163
25.47309,1.2856181,1.309839
21.58204,1.3794619,1.3841875
20.29347,1.3492517,1.3421772
23.310852,1.116379,1.089328
29.824293,2.027071,2.064866
29.987225,1.8071309,1.8208549000000003
27.716972,1.6076951,1.6061633
22.480072,1.5964767,1.6239219
23.275621,1.3511767,1.3809113999999998
21.264137,1.1957836,1.1991613
26.124256,1.3067888,1.3261559
22.16667,1.4147885,1.4239665999999997
21.762259,1.2578827,1.7176394
24.684416,1.3835628,1.3860044
21.588186,0.9504452,0.94972813
29.150478,1.2735825,1.2793558
20.002075,1.6675661,1.6691601
20.592638,1.4991939,1.4515061
29.821249,1.1079661,1.0847178
24.132454,1.0398163,1.064896
23.403788,1.4352418,1.4416466
23.928669,1.564498,1.5718396
20.737082,1.2319242,1.5117246999999998
23.441141,1.5684861,1.563765
24.44607,1.2255523,1.2181726
25.62617,1.4484706,1.4617162
20.892365,1.4559675,1.4611609
26.429245,1.9369252,1.9613793000000002
21.868132,1.6477735,1.6707001
23.668001,1.4664114,1.4667618
25.85963,1.1439337,1.1467389999999997
20.605072,1.4726558,1.5128253
24.877787,1.6496358,1.6616106
29.152122,1.4964298,1.5148122
27.296043,1.7677046,1.7945862
25.905125,1.4445682,1.4556618
28.130733,1.4794383,1.4858529999999999
23.264555,1.5613519,1.5707548
26.672207,1.4958527,1.505923
26.614798,1.392716,1.4007938
23.177599,1.4795918,1.5237999
24.115154,1.3187609,1.3273358
23.392237,1.3916848,1.4063882999999997
27.339258,1.348798,1.3599508
28.697254,1.0518452,1.0457237
23.44466,1.0070094,1.0087131
21.11442,1.6374611,1.6779044000000003
27.280865,1.4204361,1.430917
24.847527,1.9305809,1.9570236000000003
20.275284,1.7434219,1.8150904000000003
25.565504,1.5635055,1.5788405
22.435389,1.798078,1.8412063000000003
26.147907,1.3049026,1.3096085
23.783678,1.8039411,1.846664
28.676933,1.5402089,1.5476646
28.339499,1.6552860000000003,1.6720345000000003
21.666618,1.8773128,1.9130304
25.73676,1.408059,1.4066787
22.317429,2.1152828,2.1794097
22.877512,1.4722804,1.4934877999999998
20.181396,1.2625176,1.2385497
27.856897,1.7051255,1.712698
29.53586,2.0814195,2.1224869999999996
28.28507,1.6176142,1.6167908
24.58069,1.3856928,1.3864069000000003
25.50886,1.5484527,1.5550497
21.62905,1.1099731,1.128876
22.756866,1.0295861,1.0222005
20.903479,1.4249134,1.4191415
28.105679,1.9930762,2.0147877
29.602476,1.6865430000000001,1.7026439000000002
25.441454,1.4218628,1.4310489
23.887718,1.5982125000000003,1.6534693000000003
20.265892,1.6062056,1.5939076
29.49179,1.3749503,1.3743682
22.433094,1.5341145,1.5514071000000003
29.113663,1.3985533,1.3942223
24.064201,1.2248565,1.2387992999999997
22.242046,1.223708,1.2067091
28.255754,1.4620913,1.4690247
25.026838,1.9190356999999998,1.9515883999999997
27.912369,1.0754521,1.052079
27.286642,1.0430442,1.0260569
27.729656,1.5401883,1.5494006
20.037521,1.4217858,1.4241257000000003
26.167154,1.599112,1.6209366000000003
27.635298,1.6008977,1.6222969999999999
27.728413,1.780109,1.7933791
22.028227,1.4340181,1.4514818
28.48341,1.6561642,1.6692297
22.229746,1.0707442999999999,1.1394311999999998
24.875114,1.5082065,1.5397604
28.186062,1.9692771,2.0143244
25.952684,1.3569342,1.3553843
25.78515,1.5038208,1.5191445
22.55772,1.5489587000000002,1.5656886000000005
20.19835,1.3568447,1.4681456
22.545856,1.3592544,1.3686056
24.82763,1.0870721,1.0688527
29.722042,1.12397,1.1112304
27.05246,1.3619075,1.3797483
29.12651,1.7516502,1.7849813
24.966518,1.832478,1.8156817
23.457312,1.3850163,1.3911917
28.13431,1.716567,1.7316393999999997
22.29343,1.6662350000000001,1.6733985000000002
28.7823,1.8909744,1.9134488
28.200575,1.5268813000000003,1.5328507000000002
27.399866,1.4009291,1.3648045
20.059664,1.4123278,1.361759
20.744053,1.702627,1.8843559999999997
25.598495,1.6426258,1.6706431
27.121798,0.9238458999999999,0.9257031699999999
20.414183,1.42092,1.4126086
23.989607,1.2341642,1.2296615
24.092392,1.2707077,1.2792692
20.419895,1.2517518,1.247978
27.955023,1.3643044,1.3699374
24.869709,1.1965404,1.1816235
20.257809,1.6053655999999998,1.6194278999999998
20.437277,1.0442373,1.0203701
20.924692,1.4382694000000003,1.4453518000000003
25.882206,1.8989226999999997,1.9158606999999999
23.401339,1.4212599,1.4233790000000002
23.433838,1.5515636,1.569993
27.594282,1.9076449,1.9289007
24.205084,1.6258596,1.6270759
20.128529,1.7273003,1.6526544
27.314964,0.9630073299999999,0.9216286499999999
25.362125,1.5165238,1.5267558000000003
25.285084,1.9964929,2.0444503
23.922066,1.7665938999999997,1.7854916999999995
22.527336,1.6073339,1.6131155000000001
23.647902,1.5430388,1.583539
27.937119,0.96398,0.92763144
25.590464,1.8536958000000001,1.8936489
28.439045,1.4285161,1.4684734
27.370958,1.4157645,1.4322511999999998
25.754566,1.3048353,1.3166081999999997
26.437798,1.9100881,1.9377792000000003
27.686626,1.1579008999999998,1.1395389999999999
24.959034,1.6036801,1.6278317
26.232307,1.510633,1.5173674000000001
26.657274,1.7280735,1.750886
23.978336,1.3811325,1.3763704
25.024122,1.3735676,1.3674011
23.891695,1.1951617,1.1613038
21.74945,1.6752464,1.6768444
24.844542,1.2881211,1.2856884
27.780586,1.7905353000000002,1.7845800000000003
23.579773,1.2381207,1.251457
20.32687,1.853903,1.9006612000000003
23.305222,2.1125574,2.148981
28.005125,1.4615095,1.4687089999999998
29.505291,1.991855,2.0338278
25.03054,1.3757867,1.4100511
25.944485,1.2036546,1.2194798000000002
25.10545,1.4663007,1.4805706000000003
27.75865,1.7314013,1.7424212
21.260754,1.4880989,1.4891949000000002
20.93918,1.2307973,1.24505
23.005175,1.1845266,1.1814973
25.73358,1.6762910999999998,1.6936692999999998
29.48892,1.5341808000000001,1.5474737
22.683657,1.919688,1.9671781
21.603716,2.0014808,2.0516834
28.467495,1.6802869,1.6988394000000002
20.759624,2.031385,1.7023714
21.224709,1.1821632,1.2151477
23.678585,1.4645473,1.4816029
25.828966,1.292768,1.2987664
29.440937,1.724642,1.7511287000000002
20.626802,1.1724039,1.1761557999999999
27.082045,1.0506386,1.0560738
23.319155,1.3888046,1.3768592
23.454462,1.6220144,1.6212258
22.932585,1.7925436,1.8138499
20.004606,1.8102148999999998,1.8294786999999997
27.083744,2.1594641,2.1975827
27.956652,1.6702917,1.6972709
27.901428,1.4434152,1.4544303
28.598307,1.4164469,1.4094188
24.136724,1.3219504,1.321809
20.694256,1.2616783,1.2624564
29.225357,1.6423161,1.6547902000000003
22.98562,1.4330305999999997,1.4270202999999997
21.192625,1.9229072,1.9448969
24.19863,1.1088194,1.1079533
25.392006,1.8579612,1.8713419999999998
21.965357,1.1726773,1.1513042
29.645964,1.4559988,1.458859
21.512575,1.876564,1.9074123
27.580364,1.5532721000000003,1.5664532000000002
20.550074,1.4630034,1.4790921
24.673176,1.5865883,1.6096625
26.637394,1.4091665,1.4310591000000001
29.784716,1.7769293,1.8016593
23.455997,1.1183354,1.1274123
29.016844,1.5291933,1.536499
28.825712,1.3977404,1.404361
23.161694,1.2493204,1.2521942
28.01038,1.6828972000000002,1.6845808000000002
22.441248,0.9504623999999999,0.9714651
23.77064,1.247587,1.2527983
27.76871,1.321681,1.3286037
28.833157,1.2603957999999997,1.2551602999999998
23.81661,1.2420688,1.0812218
26.03363,1.3298919,1.3381147
21.42801,1.5263829,1.525332
27.607452,1.2906629,1.279916
21.286558,1.2671914,1.2424214
28.217514,1.2723148,1.2615552
26.151094,1.2735555,1.316354
24.465952,1.4426476,1.432626
21.759367,1.3596643,1.2998872
29.153757,1.703724,1.7208295
28.492886,1.3722996,1.3798257999999999
26.104868,1.3565708,1.3303978
26.18263,1.2026405000000002,1.1922300000000001
24.299408,1.5082979999999997,1.5072257999999998
29.577732,1.50736,1.5324748
24.671404,1.7928524999999997,1.8102194999999999
27.795889,1.1484195,1.1327877
29.575338,1.5086024999999998,1.5209347999999998
26.519665,1.4976484,1.5263922
29.373537,1.2265735,1.2153015
28.733528,1.3541018,1.3504126
24.34893,1.8083539,1.8582088999999997
21.761122,1.6313144,1.6503136
23.956215,1.1238537,1.0760388
21.904102,1.4617841,1.4907867999999997
28.7476,1.258417,1.2635884
29.806986,1.042664,1.032691
29.126297,1.3041489000000002,1.3144057000000002
20.72085,1.6011171,1.6161666
25.048409,1.3757335,1.4239821
28.918993,1.7420782,1.7584145
29.98959,1.3232304000000001,1.3176754000000002
24.760525,1.2872164,1.2998395
29.870802,1.5479891,1.5674907999999999
26.601933,1.5204697,1.5263318999999997
22.900354,1.1820334,1.1780243
25.079706,1.6169803,1.6346585999999999
21.741505,0.9376416,0.9913055300000001
29.242336,1.1294152,1.114445
23.086754,1.350009,1.3587453
21.582777,1.2557225,1.2753338999999997
27.62568,1.9172941,1.9440045
29.333172,1.1500269,1.1330726
22.306398,1.3426466,1.3201025
27.220179,1.5510857,1.5604319999999998
27.2039,1.6047385,1.6319466
22.825872,1.6765436,1.7609222
20.396088,1.3411684,1.3539193
25.06135,1.4552258,1.4604378
24.782547,1.2485175,1.2422004
27.774351,1.3547397,1.3668604000000002
27.073149,1.6794722,1.6861258000000001
28.717691,1.4322431,1.4338984
29.107658,1.332484,1.3412587999999999
26.695574,1.5114381,1.5194919
24.564478,1.3591218999999999,1.3814189999999997
24.665573,1.5023819000000003,1.5159009000000003
25.817184,1.4377636999999999,1.4604339999999998
23.086102,1.4012666,1.4143238
29.771278,1.2288792,1.2324774
22.342358,1.9184301,1.9413435
28.015419,1.8116744,1.8209344999999997
22.802023,1.4319835,1.4223361
27.352915,1.7473686,1.758955
26.458372,1.9251765999999997,1.9452874999999998
24.518164,1.1953789,1.2139132
25.754484,2.0834177,2.1147792
22.291248,1.9037964,1.9011276
27.793425,1.775094,1.7768040000000003
20.31573,1.5566706999999997,1.5567317
24.619274,1.1288608,1.1281431
28.121351,1.2879912,1.2929063
21.86945,1.8648689,1.8901815
20.58428,1.300344,1.3256474
23.860716,2.1666996,2.2213273
20.253,1.4772099,1.4907713
20.791454,1.1626811,1.1469872
24.43588,2.0427773,2.078207
24.138834,1.9313237999999997,1.961803
22.131454,1.7013195,1.7088385
20.623098,0.9443482,1.002058
20.720625,1.2378316,1.2127731
26.45681,1.7899265,1.8221755
21.70695,1.177282,1.1837454
27.222979,1.3924252,1.4133277
22.51363,1.3909116,1.7770698
23.747719,1.4586323,1.453371
22.63658,1.4522736,1.4566283000000002
25.720943,1.6642336,1.6895452000000002
24.087872,1.6056252,1.6295357
25.07046,1.7214974,1.7570789000000002
25.567545,1.8363339,1.8585446
27.704472,1.518587,1.5205967
28.876215,1.0874059,1.0504637
29.261904,1.7968986,1.8104951000000002
28.82908,1.8050325999999999,1.8357779999999997
29.965324,1.4043769,1.4086316
28.887617,1.5649968,1.5800764999999999
20.090858,1.7246621,1.7574316999999997
25.72695,1.4246136,1.439105
24.8911,1.9820135000000003,2.0161562000000006
22.208586,1.4776105,1.4640322
29.633987,1.5991734,1.6092424000000003
25.71236,1.91771,1.8443863
26.797771,1.5485716,1.5658035
20.860758,1.507333,1.5318016999999997
29.672606,1.6062433,1.6231431999999997
23.897259,1.3619101,1.3673007
27.282118,1.4154109,1.4207361
22.894648,1.1658005,1.1633317
24.443966,1.9997742,2.0346725
21.424353,1.6347877,1.6553115999999999
26.532799,1.7339787000000002,1.7509508000000003
26.19741,1.3121632,1.3163176
20.044146,1.7247168,1.7461889000000002
20.442259,1.449115,1.4622784
24.283981,1.0168707,0.93634415
25.144255,1.914271,1.9712474000000002
25.409124,1.5969478,1.59968
22.173868,1.3048352,1.3071821
27.616695,1.5549638,1.560173
29.74352,1.4464071,1.4587703
23.902285,1.5035087,1.3172331
21.150461,1.3106394,1.2931395
22.254732,1.3139123,1.3301919000000002
22.696165,1.9880196,2.0492337
23.893156,1.0160956,0.99935347
29.084862,1.5675821,1.6156125
23.5734,1.669696,1.6776464
24.972635,1.415014,1.4449036
27.204002,1.4178873,1.4261703
29.934736,1.184679,1.1787941
26.579782,1.8737098000000003,1.8586805000000002
26.42167,1.7148127999999998,1.7461647999999996
28.076593,1.3076445,1.3090062
27.682627,1.0561996,1.0310125
24.388239,1.5200173,1.5212855
25.103714,1.4820616,1.4938858
26.540049,1.6463593000000003,1.6722605000000001
28.456673,1.8545247,1.8865249000000002
23.080383,1.8122829,1.8525576999999998
21.94132,1.3527087,1.3362613
25.542118,1.7329286,1.771383
20.272957,1.5644577999999998,1.5943088999999995
26.739157,1.430846,1.4546385000000002
29.16177,0.98256,0.90908086
20.658382,1.9046335,1.9240065000000002
21.625622,2.0036445,2.0188138
28.341187,1.3574558,1.357269
25.582453,1.2194877,1.2182853
25.036242,1.3317198,1.321564
24.04553,2.0351179,2.082575
23.473347,1.5997615,1.6160946000000003
22.468918,1.727625,1.7512474
20.901411,1.2618216,1.2821567
25.13576,1.5556977,1.5782633000000001
27.48642,1.263953,1.2160411
26.874132,1.413645,1.4270489
25.67862,1.3638428,1.3811013999999997
27.31943,1.746011,1.7873136999999997
20.951868,1.8962111,1.9355249999999997
23.539991,1.4001377,1.4205949
29.814484,1.645825,1.6506658
23.695814,1.5604197,1.5689981
24.319458,1.0053955,1.0213406
28.398687,1.8245633,1.8573091
28.65693,1.7094289,1.7192795000000003
23.631678,1.409528,1.4153824
20.678953,1.517265,1.5290177
27.521053,1.798343,1.8537562000000003
22.559464,1.5042787,1.5206815999999999
20.312445,1.7530133,1.167557
24.412611,1.1311378,1.1121337
24.853361,1.5604407,1.5642883999999997
24.002975,1.370581,1.3799104999999998
21.24699,1.4480385,1.4675872
26.451553,1.6403849,1.6743963000000002
28.157825,1.3028879,1.3079138
20.731564,1.3987272,1.4388914
26.748016,1.3527225,1.3439147
26.191229,1.5070316,1.5219750000000003
22.37581,1.6175089,1.6244495
23.846218,1.9383966,1.9641707
20.748798,1.4918194,1.5028827
23.78351,1.4974842,1.482157
22.560823,1.2198148,1.4463391000000003
24.390505,1.4070797,1.427248
26.920887,2.0572453,2.0959136
20.3147,1.8988812999999998,1.9289618
27.641533,1.7023406,1.7387866999999997
24.608484,1.4140856,1.4236786
22.965717,1.4159781,1.4012337
22.772976,1.2652966,1.2592585
21.133234,1.3138622,1.3070211
24.256163,1.272568,1.2646177
21.090023,1.4181019,1.3553345
26.84305,1.5504409,1.5592132
29.679337,1.5716145,1.5732987
26.064323,1.5238608999999999,1.5834359999999998
25.250895,1.7983535999999998,1.8392416999999996
20.385159,1.150486,1.1316278
24.254816,1.3452312999999998,1.3977012999999998
25.869968,1.4568707,1.4599571
24.303871,1.8442479000000003,1.8620839
26.64415,1.7363275,1.7481706
27.438251,1.4885118,1.5089827
24.110004,1.8446949,1.8715643999999998
28.447266,1.5131847,1.5286735999999999
22.422245,1.2347679,1.232518
21.47809,1.0713549,1.0592914
23.106358,2.0063295,2.0078862
20.550095,1.4345889,1.4543822
29.328869,1.2585181,1.2650621
27.737143,1.6370308,1.6407056
23.891768,1.3560593,1.4126650999999997
21.111904,1.4435391,1.4711564000000001
20.988852,1.1494398,1.2451231
27.353937,2.1218197,2.157338
27.970667,1.5683601,1.5733931
29.698685,1.3214246,1.3329100999999999
21.43725,1.2421801,1.2855811
27.564913,1.6543495999999998,1.6691786999999996
27.032278,1.3691146,1.3887198
26.557844,1.7959266,1.8210497
24.763315,1.9997112,2.0286434
29.821606,1.1476148,1.1401653
29.053566,1.0676249,1.0817232
23.221708,1.4108518,1.4037437
22.453897,1.1126045,1.1143446
23.484089,1.3795849,1.3873796
25.47084,1.3002977,1.2821524
21.836115,1.9347165,1.9677683999999998
28.732246,1.3953717,1.3938432
22.966295,1.6405087,1.6482811
21.158125,2.0766215,2.0962098
22.641651,1.4036388,1.3706698
25.04741,1.3811604,1.3947268
21.576595,1.2168688,1.2151191
29.802889,2.0507975,2.1140122
20.071085,1.5467916,1.552747
21.091644,1.2220613,1.3832576
23.341923,1.9249109,1.9481105999999997
20.185688,1.3643278,1.4423821
29.716599,1.7057042,1.7441695
26.68637,1.8269525,1.8663585000000003
25.598583,1.445555,1.4650431
28.087423,1.1373938,1.1415627
23.742153,1.323667,1.3080332
25.99679,1.9869502999999997,2.0073389999999995
23.319172,1.6706762,1.6965531999999999
25.290197,2.081763,2.1548963
28.944601,1.3332222,1.3558278
25.872198,1.2403208,1.1626596
23.201475,1.6533535000000001,1.6699693000000004
21.047043,1.6325032,1.7040446
25.458597,1.5910749999999998,1.5973894999999998
22.683435,1.638401,1.6659606000000002
26.495966,1.8758354,1.9062059000000002
24.735962,1.3791546,1.3870702
28.214468,1.3966175,1.4001384000000001
25.05668,1.2869327,1.2913303
25.102758,1.4459621,1.4527879
23.745157,1.8447767,1.8708835000000001
22.854618,1.5695046,1.587127
29.203808,1.425,1.4266613
21.262291,1.8004252999999997,1.8369335999999998
22.891699,1.4763658,1.4935119
21.229939,1.526999,1.5561373000000003
27.959187,1.1917579,1.1873429
25.416773,1.2463533,1.2702165
23.834896,1.662814,1.6519387
21.462286,1.8506019,1.863493
24.944834,1.7128872999999998,1.7472838999999998
24.83668,1.7488114999999997,1.7679002
26.815868,1.2775105,1.2841399
24.20922,1.5999202,1.6109531
27.891014,1.6349074999999997,1.6477832999999997
25.643991,1.3247267,1.3354719
22.018562,1.3316631,1.3567982
27.875683,1.3447806,1.3575664
20.64898,1.692265,1.7373547999999999
22.163517,1.5441716,1.5548542
25.183764,1.3205999,1.3280005
24.88763,1.2767705,1.2800729
25.533144,1.6705308,1.697546
23.375002,1.4632876,1.4738019000000002
26.970846,1.1872965,1.1860893
28.097681,1.7022963,1.7253842000000001
20.809702,1.3439522,1.3540368
21.452328,1.8157662,1.8525333
27.325657,1.521298,1.5305654999999998
28.738598,1.5719005,1.5929351
23.053099,1.9841065,2.070443
25.4558,1.2051687,1.1978443
23.527948,1.5102174,1.5258744000000002
29.740234,1.3595986,1.3625176
23.211777,1.5539609,1.5530498
26.726097,1.4604471,1.4799899999999997
27.955553,1.4004806,1.4202311
22.998455,1.6817622,1.6986167
23.058985,1.8983732000000002,1.9651887000000003
26.51824,1.5275552,1.5414131
24.90668,1.9723841,1.9874575
24.12312,1.8448856,1.8613214
25.495998,1.6624522,1.6720724000000002
24.772076,1.4288633,1.4321704
20.553623,1.6801063,1.6822782
27.340256,1.5586814,1.5790603
26.875475,1.5492337,1.5543222
22.856054,1.6321766,1.7261288
27.869425,0.9305639999999998,0.9480529399999998
20.76279,1.4397985,1.4419591
22.510157,1.7159312,1.7421904
23.58489,1.9266084,1.9755452000000002
29.86078,1.3750621,1.3775728000000003
20.450598,1.7582428,1.7441449
28.356195,1.6841903000000003,1.6983418000000003
25.028387,1.3132455,1.3219686000000002
20.776304,2.0793495,2.1425269
21.885687,1.411928,1.416739
20.877804,1.0100073,0.98193926
23.785393,1.7178589,1.7700899000000003
22.716763,1.3125933,1.331799
27.126448,1.2720896,1.2782366
27.263048,1.2996671,1.3049879
27.271338,1.3251410000000001,1.3368287000000003
20.882288,1.5340468,1.539892
23.210024,1.9348717000000002,1.9691777
20.942616,2.1154387,1.9126954
27.496939,1.5912321,1.608223
24.76904,1.6506603,1.7192111
25.756666,1.2440963,1.2584527
29.608429,0.9861016,0.9269466
21.94864,1.5330405,1.5505533000000002
21.20828,1.597485,1.6111702999999997
21.22244,1.2774078,1.2705662
23.291065,1.4332131,1.4467676000000003
24.37435,1.5258276,1.5504899
20.013165,1.0960591,1.1098351
24.187256,1.6881635,1.6777005
21.6027,1.5283328,1.5470996
28.215748,1.2385381,1.2404232
23.44974,1.6081371999999998,1.6333329999999997
26.518167,1.2140417,1.2137985
29.459053,1.7754788,1.7979533999999997
21.99152,1.4457953,1.4528456
29.381227,1.5169286,1.5237367
26.27708,1.709998,1.7137877999999998
28.406866,1.2314905,1.2355621
22.571478,1.5573245,1.5845222
27.339634,1.083776,1.0756533
25.720303,1.9473587999999997,1.994015
29.663431,1.2067926,1.2017944
20.514992,0.9954749300000001,0.9623158600000001
21.511953,1.5363318,1.546871
20.808342,1.6761805,1.6901579000000002
22.400576,1.545885,1.9064672
29.166994,1.6921331999999998,1.6897921999999999
23.448435,1.603534,1.6129784999999999
26.697012,1.3022956,1.3005285
27.943546,1.9913499999999997,2.0291621999999996
27.732538,1.7021004,1.7195737
21.466509,1.8412187000000002,1.8771386000000003
24.169655,1.3005564,1.299515
29.367138,1.3984686,1.4126537
26.75266,1.5822909,1.5918422
25.986513,1.1774486,1.1602919
29.77804,1.9267358,1.9550230000000002
21.556883,1.7031859,1.7468586
29.380499,1.6697750999999998,1.6849046
20.22032,1.6470432,1.6940690999999999
21.113531,1.278934,1.2397225
23.824747,1.327337,1.394994
23.865149,1.2891212,1.290591
21.558475,1.403572,1.4226649
27.195509,1.6247000999999999,1.6290094999999998
23.015184,1.2215717,1.1870863
24.253712,1.4857236,1.4877777000000003
25.85832,1.3607384,1.3816378
25.087719,1.6945685,1.7343853
27.281664,1.268484,1.2801406
28.23669,1.4691373,1.4734144
25.068853,1.3682832000000003,1.3628244000000003
25.938112,1.607495,1.6058669
21.604052,2.0205266,2.1012032
23.04834,1.0291308,0.9982651
22.766605,1.2535851,1.2420697
21.978275,1.275888,1.2912731
24.917788,1.257762,1.2602911
20.5571,1.0594223,1.1420736
25.3248,1.6187435,1.6262548
22.2179,1.4093661,1.1908486
28.541702,1.5616338,1.5821687999999998
25.488098,1.6593924999999998,1.6602730999999997
27.137753,1.493936,1.5060546
23.26854,0.9370075,1.0092651
25.639774,1.3894756,1.3831778
29.867893,1.4569457,1.4619875000000002
20.460804,1.8264264000000001,1.8580608000000003
28.647552,1.8797874,1.9091144000000002
22.240183,1.4558781,1.4938457000000003
22.649775,1.0405717,1.0777996
20.190876,1.3661089,1.4053926000000003
20.249392,2.0484424,2.0223162
20.440792,1.9517332,2.0098467
25.96281,1.4764764,1.5028572000000002
29.663345,1.6716578,1.6814709
23.257069,1.260035,1.255508
25.745823,1.5162745,1.4981251
28.399626,1.2965767000000001,1.2967417000000003
21.185015,1.6322329,1.6921427000000002
27.523743,1.6389514,1.6448045000000002
25.135342,1.6733153,1.6722748
21.100676,1.3776059,1.3552465
26.434935,1.7830055999999999,1.8155335999999997
22.362762,1.8265517,1.8657777000000002
20.555323,1.295625,1.2983815999999997
24.511858,1.60554,1.6200471
27.404161,1.5930381999999998,1.6061808999999998
25.930513,1.5308387,1.5504074
20.874563,1.1778135,1.1151016
24.214909,1.09645,1.1256101
20.450336,1.5162954000000002,1.5039525000000002
24.83178,1.7821871,1.8042426000000003
29.000116,1.250045,1.2655668
24.303585,1.6075189000000003,1.6252224000000002
23.976343,1.6772778,1.7038491
29.237286,1.1976087,1.2005341
29.214703,1.7621807,1.7815168
23.300615,1.5927713,1.6400409
20.319237,1.4571561,1.4423149
27.989649,1.6678843,1.6865022
27.13179,1.5098503,1.5283551
20.884901,1.4082970000000001,1.4050908000000002
27.048243,1.0392487,1.0150449
28.752018,1.0736259,1.0240338
29.928778,1.368429,1.3765373000000003
22.989452,1.6600715,1.6697457
29.857391,1.2713698,1.2745802
23.081802,1.6640017,1.658154
23.186478,1.3796036,1.3786128
29.20431,1.2734209,1.2714927
22.426188,1.3497993,1.3598976
20.346844,1.5445595,1.5864594000000003
28.339996,1.6217624,1.6255517000000002
23.03733,1.2555546,1.2581646
22.480396,1.3999245,1.4142208
26.542927,1.2675918,1.2616618
28.276627,1.6987906,1.7250051
20.453823,1.6573662,1.6524758
25.79906,1.1394138,1.1361659
21.404514,1.7739253999999998,1.8018049999999999
26.549706,1.8038955,1.8291621
20.023066,1.3309858,1.3652275
20.897865,1.8038683000000002,1.8197677000000003
25.282251,1.4994938,1.5090129
21.820248,1.7040757,1.8981843
21.030495,1.1656744,1.1575594
26.152357,1.396558,1.404489
27.260115,1.4321252999999998,1.4320368999999997
28.240421,1.3251939,1.3297784000000001
20.89898,1.2394978,2.1076317
25.89517,1.3301885,1.3357878
21.109447,1.8820786,1.8581128
28.305696,1.2434857,1.2448833
24.300486,1.3337147,1.3250501
26.292786,1.2650007,1.2597749
22.751802,1.3789295,1.3801414999999997
27.189943,1.3101591,1.3180032
22.528095,1.3649378,1.3799112000000002
22.554579,1.6975881999999998,1.7075364999999998
26.812067,0.93893266,1.0198365
28.867323,1.456415,1.4479556
27.713108,2.0187016,2.0299654
23.696247,1.5769169,1.5954704000000002
24.942326,1.6133606,1.5934112
20.728199,1.57978,1.5884368
21.644178,1.2062361,1.2016518
26.25118,1.4323808,1.4307232
27.86303,1.4841764,1.4922568999999999
21.851128,1.4756575,1.4902868
28.412092,1.0829339,1.0794182
25.36833,1.2647473,1.2641833
26.483913,1.5509262,1.5636288999999999
23.968077,1.5775195,1.6013695999999997
21.971426,1.7139844,1.6960924
22.813612,1.3509171,1.3694067
28.829884,1.387414,1.3973935000000002
22.329554,1.9900123,2.013801
23.259123,1.9177215,1.7589443
24.550531,1.7823898,1.8388839000000001
20.315355,1.1000136,1.76262
24.221384,1.1225511,1.1111228
25.399637,1.9245727999999998,1.9460906999999998
21.516449,1.0780264,1.0584857
28.881098,1.3490868,1.3496408
23.706493,1.6181715,1.6258148999999997
23.132292,1.5647386,1.6018751
25.28035,1.6738931,1.6801340000000002
23.657867,1.3507255,1.3533196
24.338089,1.2446903,1.256022
21.693144,2.035353,1.4914808
23.1366,1.6873174,1.7203671999999999
27.87583,1.5952440000000003,1.6028175000000005
27.334911,1.5745225,1.5915968
29.286968,1.4495044,1.4623233999999998
20.696768,1.2696451,1.3002203
23.152882,1.2854584,1.274519
27.242147,1.4760303,1.4856637
23.123014,1.9232991,1.9309761999999997
22.114851,1.7321659,1.7393491000000003
26.634819,1.7457991,1.7559335000000003
22.841856,1.1205113,1.1084309
26.512548,1.4614747000000001,1.4747272000000002
29.210722,1.4018029,1.4005625
20.221321,1.6855,1.2923465
21.041145,1.4734917,1.4910133
24.854519,1.4161288,1.4532894999999997
23.81979,0.9261501,1.1203415
27.281397,1.5083587,1.5130744
27.939617,1.4382267,1.4436168999999999
27.554064,1.3227834,1.3188467
24.298798,1.6851356,1.7447145
28.595299,1.4975461,1.5110166
20.452196,1.2512207,1.2796555
29.740774,1.8700479000000003,1.8868182000000002
22.592201,1.9892548,1.9908202
20.803843,1.8906742,1.2397909
23.776682,1.8803356,1.9022806
28.016546,1.106403,1.0973308
25.177692,1.9422021,1.9856999
22.810558,1.4517913,1.4442599
29.194386,1.8105917000000002,1.8470199000000003
25.738064,1.5386224,1.5408110999999998
27.73666,1.6664346,1.6687583999999998
26.61252,1.2560119999999997,1.2658434
27.11307,1.3074855,1.3062427
27.786066,1.5070288,1.5282619
23.208628,0.93751436,0.9280669
29.317963,0.919851,0.8833647
20.098257,1.478729,1.5024846000000003
29.54567,1.9130387999999998,1.9556374999999995
20.823458,1.2644993,1.2900205
28.677486,1.4822208,1.4876955
22.744526,1.676078,1.711937
24.57778,1.1410216,1.1495383
24.612059,2.0653715,2.1251017999999995
27.904816,1.3364986,1.3542602000000001
26.490114,1.8436925,1.8587654
25.044046,1.4681348,1.4794338000000002
27.381865,1.0808873,1.0638274
21.388851,1.8436196,1.6279676
29.577217,1.4366595,1.4274645
25.196705,1.5619272,1.5718186
20.108196,1.2620977,1.6220930000000002
23.93411,1.4727338999999997,1.4855024999999997
20.462263,1.5526179,1.5338724
23.633434,1.2393575,1.2232361
22.839361,1.8579219999999999,1.8890878999999996
28.851362,1.5680935,1.5825634
28.632029,1.7879283,1.7981515
23.274181,1.2380302,1.2102809
21.694796,1.1288896,1.1040237
28.33973,1.6089829,1.6202464
20.25441,1.424114,1.4265919
20.547375,1.4467262,1.4577083999999998
23.154924,1.3908634,1.3889909
27.616337,1.2564318,1.2516739
27.335281,1.8622196,1.8885251999999997
24.928955,1.3096090000000002,1.3037579000000001
29.693178,1.593585,1.6141529
25.87033,1.5116001,1.5277003999999998
31.92926,1.1765517,1.1817465
32.86351,1.5877024,1.611979
32.15277,1.6314962,1.6482947
31.665041,1.5572345,1.5730157000000002
37.23851,1.4307933,1.4385142000000002
30.202452,1.2414508,1.2196784
35.818996,1.081032,1.0839608
32.568245,1.264404,1.2712412
35.675217,1.7716836,1.7908311
36.61439,1.0276743,1.0188059
30.482088,1.4277759000000003,1.4337349000000001
30.458431,1.650457,1.6805334
32.774544,1.4917393,1.4962056000000001
37.696354,1.6414617,1.6444805000000002
36.423756,1.1855172,1.1860830999999998
36.79533,1.160765,1.1575727
32.94225,1.1290861,1.1207955
38.85723,1.7615883,1.788105
33.882782,1.5883594,1.6096447
38.561222,1.5572438,1.5711179000000002
33.358795,0.9913344400000001,0.9616347000000001
33.433117,1.6044688,1.6255538000000003
38.28083,1.7829661,1.8152944999999998
31.701942,1.2662168,1.2718921
34.20858,1.3747934,1.3761306000000002
32.69119,1.2938661999999999,1.3042153999999997
36.266247,1.5919504,1.6028166
31.420551,1.9957646000000002,2.029545
32.67851,1.1963769,1.1955657
31.186808,2.0913365,2.1481302
34.12944,1.4647064,1.4672227000000002
31.238354,1.1553315,1.1468976
35.387604,1.5156728000000002,1.5242670000000003
37.341385,2.0380425,2.058057
30.962519,0.9127802,0.79854137
36.227867,1.5507014,1.5643518
35.439083,1.4685126999999998,1.4808701999999996
34.176235,2.0240586,2.0298955
39.158833,1.4554392,1.4596626999999998
31.69181,1.2983272,1.3109992
37.87561,1.4556205,1.46295
36.144028,1.4827994,1.4832628
31.311295,1.4263746,1.4389913000000003
35.36135,1.2646718,1.2823467
37.115005,1.8439074,1.8690425999999998
31.843231,1.7889087,1.8061643
32.984516,1.1518675,1.1489322
32.87711,1.7364112999999999,1.7666925999999998
34.519005,1.4055288,1.4197416
39.860004,1.7206144,1.7256539000000002
38.963078,1.4347575,1.444011
31.004705,1.7105905,1.7255476
33.80457,1.377946,1.3777263
35.186188,1.1305108,1.1278911
39.949753,1.7411207,1.7592838
30.383535,1.7210575,1.7409539
32.690277,1.6236179,1.6291120000000001
35.870026,1.2365757,1.2296124
36.63394,1.6535721000000003,1.6557686000000003
39.084873,1.1840459,1.1808553
34.308243,1.49795,1.5086837
32.038795,1.3590147,1.3642425999999999
34.972622,1.7079598,1.716459
32.411865,1.3689215,1.3795235000000001
32.91802,1.2707186000000001,1.273771
32.3436,1.919124,1.956274
39.4256,1.245815,1.2554567
32.839367,1.861424,1.8890748000000002
39.087673,1.3751085,1.3782644
31.456533,1.6991354,1.7138087999999998
30.769308,1.9722841,1.9904568
38.939003,1.6182227,1.6358049
33.50954,1.4399354,1.4372339
37.48836,1.5352924999999997,1.5510489999999997
34.210274,1.546036,1.5435696
35.951736,1.3606528,1.366828
30.451538,1.037799,1.0151548
34.174526,1.3570766,1.360291
34.523865,1.2347589,1.2371054
31.870451,1.4954888999999998,1.4939450999999997
38.399624,1.5146384,1.5214814999999997
38.16426,1.220713,1.2150123
35.940693,1.0775608,1.0557126
37.02136,1.6123377,1.6275214999999998
34.126545,1.1924368,1.189919
38.011627,1.4192567000000003,1.4313710000000004
33.57685,1.2266908,1.2309921
32.040146,1.8783045999999999,1.9110095999999999
34.247906,2.1115923,2.1662633
32.124596,1.3554989,1.3543367
37.821125,1.5648339,1.5726721
36.73637,1.3182513,1.3264139
38.506172,1.7548969000000003,1.7760305000000003
36.19434,1.4567574,1.4602251
32.771107,1.0618246,1.04934
30.767248,1.2683477,1.2722001
39.008717,1.2928386,1.3033564
36.35282,1.4386965,1.4421778
30.920351,1.7021339999999998,1.7173234999999998
39.423233,1.4398934000000003,1.4461226000000005
30.74406,1.7828438,1.8023550000000002
37.468758,1.0857191,1.0528934
35.37602,1.7363494999999998,1.7556848999999999
35.748768,1.5744123,1.5893950000000001
34.11282,1.3307747,1.3390062
35.769894,1.1837624,1.1787956
31.436039,1.4193587000000003,1.4224479000000003
36.615646,1.1394969,1.1268361
31.422316,1.3571988,1.3654253
30.056757,1.231686,1.2378008
32.99366,1.4101261,1.4148166
33.62429,1.6277162,1.635478
31.506243,1.665805,1.6696900999999997
39.250237,1.5298543,1.5356658
32.088856,1.5693424,1.5846521999999998
31.285688,1.1823795,1.1782222
30.536049,1.7098145,1.7232285
30.245312,1.3894405,1.3914814000000002
39.813663,1.824426,1.849565
34.38909,1.3705734,1.3773904
36.27339,1.5053596,1.5123746
35.46447,1.1872742,1.1766279
33.314434,1.752758,1.7585943000000002
33.660915,1.2754118,1.2758393
31.189497,1.0438954,1.0401611
39.141373,1.4056876,1.4073374
36.277794,1.3681397,1.3768106000000002
35.941895,2.109895,2.1368155
30.669315,1.6514058,1.67557
39.19213,1.4778169,1.4843714
39.19519,1.3299806,1.3420844
36.07922,1.7319783,1.7366765000000002
31.177082,1.0441206,1.0348907
33.151695,1.2129381,1.200629
32.057674,1.8843472,1.9074268000000003
35.956917,1.7310263,1.7428211999999998
32.80298,1.4659393,1.4834857
35.6709,1.7288422999999997,1.7361559999999998
38.456593,1.4846153,1.4923577
37.330193,1.0248214,0.9997457
38.771996,1.335486,1.3354006
32.69034,1.3967918,1.4039802999999997
33.748825,1.8280908,1.8564348000000002
33.850025,1.698996,1.7226129000000001
38.93435,1.7623675,1.7823410000000002
35.532604,1.9131176,1.9344850000000002
31.811474,1.4659784,1.4741743
32.36877,1.7184839,1.7440059
32.049812,1.7357142999999997,1.7631513999999997
33.25621,1.5169779,1.5269215000000003
35.0465,1.5092024,1.5106685
33.165493,1.6395841,1.6554589000000002
32.83585,1.7322569,1.7531815
34.450356,1.5591369,1.5758027999999997
34.722927,1.5208901,1.5318174
37.32079,1.8290206,1.8523678999999997
39.108402,1.6792289,1.6817702999999997
36.899937,1.2862966,1.284312
31.73394,1.2848867,1.2652204
31.564127,1.4796796000000003,1.5053420000000002
30.854212,1.7582337,1.7589118000000001
32.59122,1.3035791,1.2857783
33.605293,1.7191701,1.7405453
32.4404,1.1907631,1.1791759
37.2374,1.4149255,1.4256407999999998
38.347866,1.3483874,1.3534145
31.750221,1.2900222999999997,1.2848176999999998
34.3989,1.9945308,2.0202813
34.022453,1.6130586,1.6233802000000002
35.524685,1.3796082,1.3646903
37.961174,1.4287634,1.4388361
37.165527,1.2885516,1.2874315
30.156366,1.9077334,1.9427896
39.242092,1.557601,1.5627307999999998
34.348877,1.3834871,1.3867619
33.96737,1.9054021,1.9315755000000001
38.10707,1.7700665,1.7957575
32.81368,1.4891175,1.5100107
36.989315,1.6319989,1.6246607
33.003227,1.1504344,1.134042
39.648968,1.6254457,1.6317425
36.4493,1.8304043,1.8498273
32.185795,1.2403011,1.239353
30.435486,1.1287419,1.1261349
37.495544,0.880788,0.81137985
39.71163,1.9914912,2.017957
36.704914,2.0497227,2.0875373
39.73058,1.687449,1.6999974
35.04957,1.6848733,1.6956017
37.895187,1.1415778,1.1246896
38.07639,1.0604534,1.038396
31.544065,1.8077724,1.8233075
30.93121,1.6843547,1.6960987999999997
31.838915,1.4944185,1.5074925
30.115448,1.1590807,1.1511955
38.63545,1.2250122,1.2376432
31.80184,1.2646981,1.2911825
32.533855,1.6642439,1.6801754999999998
35.448837,1.4483819,1.4599724
37.323467,1.4110409,1.4182928
39.43673,1.6322508,1.6364144999999999
39.682156,1.2596148,1.252753
32.741814,1.5075881,1.5264525
36.934925,1.6417646,1.6477447
37.49757,1.5136237,1.5235016
35.34935,1.5024723,1.5019896
38.842525,1.7369585,1.7586684
30.155052,1.299506,1.3015938
32.44806,1.0903556,1.07082
35.122803,1.1197863,1.111408
36.08327,1.4973437,1.5077817
39.58932,2.062764,2.0918295000000002
37.8376,2.003096,2.0390723
34.87211,1.4778475,1.4940906
39.50706,1.761563,1.7687364
33.409813,1.4613783,1.4685681
39.342125,1.8499162,1.8800027000000001
37.30332,1.5679445,1.5797605999999997
33.392345,1.5251933,1.5373204000000003
37.930386,1.6416487,1.6658909
32.406975,1.0830128,1.0724065
39.61608,1.655928,1.6630472999999997
39.15694,1.0561179,1.032585
33.634666,1.2572081,1.2712626
32.13389,1.3448914,1.3459415
35.7258,1.0681697,1.0552168
35.834312,1.424967,1.4362373
39.575348,1.7026196,1.7143049
35.49135,1.4656063000000001,1.4798954
37.29111,1.1141354,1.0891402
36.20809,1.8681633,1.8879597000000001
36.711243,1.5528386,1.5676221999999997
39.702255,0.9623885,0.91886806
33.108475,1.6376043999999998,1.6548053999999999
35.518303,1.4410535,1.4579508000000003
31.872318,1.3622636,1.3719473
39.97892,0.9887613,0.9201131
32.85825,1.4493153,1.4642996999999998
34.97579,1.5882459,1.6051028
31.89816,1.5698831,1.5831311
31.274336,1.3396866,1.3396494
34.815002,1.4570917,1.4739852
34.367786,1.3277247,1.3332720000000002
39.904316,1.6226263,1.6356087000000001
36.529423,1.3262695,1.3320737
33.69557,1.3616986,1.3590457
35.58791,1.8285525000000002,1.8588982000000005
33.26836,1.9420966,1.9596306999999997
35.01791,1.9068152,1.9179214999999998
33.870205,1.7342458,1.7514913
31.349407,1.7317448,1.7602804
34.386833,1.2340945,1.2301905
32.3335,1.2005827,1.2148938000000002
36.84177,1.9064534,1.9348454
39.14408,1.4800608,1.4927733
39.679787,1.6243966,1.6347547
36.61956,1.6780913000000002,1.6946340000000002
38.034786,1.3255837,1.3350661
37.05912,1.2147566,1.2114706
38.6176,1.3995299,1.4081705
31.54301,1.5638248,1.5613663
31.267809,1.4732803,1.4818752
34.98397,1.3672407,1.3904934
36.417255,1.3503456,1.3648257
39.409634,1.887217,1.9141037
35.55441,1.353991,1.35214
35.16449,1.1212275,1.1005507
32.67061,1.5907168,1.6007967
30.890617,2.0365486,2.066873
32.87219,1.6017991,1.6165307
30.977919,1.1325698,1.1233919
30.720469,1.7862309,1.8127178999999998
35.494366,1.5684439,1.5682139
31.408197,1.3636954,1.3718934
35.119434,1.4737004,1.4820075
34.620235,1.2892187,1.2945961999999998
30.386448,0.9981021999999999,0.9817893999999999
39.422966,1.0315408,1.007347
32.92567,1.4622484,1.4695554
33.00197,1.4434913,1.4490418
33.23657,1.2910339,1.3004161999999997
35.203945,1.7792528,1.7996275
31.11369,1.267995,1.2636988
38.47908,1.4188186,1.4297464
34.34499,1.1335535,1.1298103
34.43699,1.0973245,1.0873016
30.444063,1.6247208,1.6451199
38.559402,1.6090728,1.6218977
33.913826,1.2757812,1.2692838
32.91825,1.4673554,1.4804497
37.534447,1.2862365,1.2990305
32.710552,1.1227187,1.1014395
36.81416,1.1981585,1.1987686
36.02502,1.3463982,1.350816
33.672123,1.3827741,1.3935354
32.999672,1.2240133,1.2191534
36.72939,1.8516419,1.8771597999999998
33.125126,1.278259,1.2834077000000002
37.760048,1.62455,1.6298735
39.60426,1.13897,1.1363747
38.645412,1.6386192,1.649178
30.35974,1.7685124,1.7823898999999999
35.961452,1.3252641,1.3330545
33.8106,1.764319,1.7854264
30.8689,1.3291439,1.3481829
31.05436,2.04836,2.0530689
33.41822,1.105522,1.0844979
39.835243,1.5306911,1.5276964
30.857624,1.2688023,1.2848950000000001
38.33335,1.4103006,1.4170636999999997
31.176193,1.4602059,1.4735513
36.88732,1.2401581,1.2412467000000003
35.82134,1.259751,1.2469008
35.21297,1.6443038,1.6556714
36.098213,1.1803404,1.1879499
35.094765,1.128312,1.1211829
30.406622,1.450791,1.4544264999999998
36.245792,1.4099088000000002,1.4108644000000001
32.298897,1.3155252,1.3182607
38.434437,1.1518089,1.1461246
32.866447,1.2237371,1.2238209
39.206497,1.270627,1.2725258
39.22371,1.5514203,1.5600293
30.157366,1.5924335,1.6029592
37.096176,1.7598300999999998,1.7753345999999999
38.750183,1.5639803,1.5717413
33.27482,1.0237268,1.0089335
36.477436,1.5540423,1.5648341000000001
37.94426,1.3477045000000003,1.3582566000000003
39.371662,1.4088076,1.4159214
31.19626,1.31226,1.3210973999999998
39.000687,1.2449654,1.2478011
35.420586,1.2113622,1.1969638
31.467875,1.3291149,1.3289685
36.341843,1.1298424,1.1214375
32.78442,1.9636207999999997,1.9969379999999999
39.169106,1.246729,1.2452052
38.66334,1.2796338,1.2852151
31.757523,1.4299986000000002,1.4229352000000002
39.619217,1.7018428999999997,1.7176914
37.22193,1.2665608,1.2673504
37.805054,1.3483181,1.3474476
35.389023,1.8933643,1.9238992000000001
31.419022,1.4094373,1.4078732
30.497742,1.7917181,1.8002398
34.45761,1.7650660999999999,1.7948486999999995
31.376125,1.819377,1.8448756
35.95612,1.2542448,1.2521827
37.49114,1.6273375,1.6361654
38.761395,1.228652,1.2226675
36.237408,1.6951998,1.7107088999999998
35.01501,1.1797124,1.1916933
36.80755,1.9849203,2.0276072
35.117428,1.1232467,1.1217873
31.375414,2.0527446,2.113141
37.526443,1.3064051,1.3075862
39.868694,1.0407027,1.0122647
37.01957,1.7679069,1.7998981000000003
38.452976,1.1537558,1.140959
38.05822,1.8256735000000002,1.8415561000000003
35.97929,1.3914142000000003,1.4034657000000001
36.69112,1.4641951,1.4713321
31.238325,1.4481995,1.4640318999999997
33.975006,1.2337872,1.2433202
35.97489,1.1409676,1.1223185
36.903847,1.3943132999999999,1.3929264999999997
33.78027,1.7836958,1.8314127999999998
31.239239,1.4355997,1.4472436999999998
39.31042,1.4820266999999998,1.4886342999999997
39.618816,1.2315317,1.2258952
32.313572,1.8049437,1.8359196000000002
36.20027,1.0091383,0.9740971
33.407043,1.712885,1.7349336
33.553253,1.4849392,1.5019164
39.86087,1.0634687,1.0440333
37.33313,1.3035663,1.3102932
34.226418,1.0135053,0.98213595
30.469706,1.1108268,1.0967507
37.90194,1.3857567000000002,1.3977013000000003
34.696564,1.2433958,1.2479651000000003
36.493324,1.7509677,1.7792692
32.85744,1.8405274,1.861763
35.992355,1.386907,1.3936424
32.903347,2.063749,2.0846472
37.511395,1.2100401,1.2017798
39.104206,1.8062583,1.8221981999999999
35.767494,1.8868611,1.9254444
33.30083,1.4044128999999999,1.4164440999999999
35.146812,1.5918196,1.603909
34.273438,1.367474,1.3715929999999998
37.11824,1.6244308,1.6420638999999997
35.75378,1.2554996,1.2535436
31.518417,1.352175,1.3638041000000003
38.055172,1.2859576,1.285754
37.13961,1.3011883,1.305414
37.069695,1.6132637999999997,1.6279813999999997
34.07074,1.4532928,1.4636216
38.31987,1.0434685,1.0083587
37.82866,1.3462085,1.3525180999999997
38.315544,1.3953834000000003,1.4075606000000003
37.865143,1.7151152,1.7329321
30.2541,1.3660263,1.3989041
34.143215,1.9402180000000002,1.9588664000000002
34.339485,1.4571663,1.4749634000000003
35.179596,1.2337822,1.2298477
31.663979,1.6402256,1.6598868
34.32115,2.0871055,2.152055
36.88038,1.4354029,1.439496
39.11721,1.6899692,1.6986403
30.538568,1.3242376,1.3284776
35.423862,1.2532215,1.2458827
30.842936,1.8203074999999997,1.8372222999999996
32.3378,1.032267,0.99460775
30.07296,1.7626982,1.7834969
32.288334,1.1931437,1.1909797
36.904,1.7708676,1.7892184
31.608906,2.074208,2.1045563
31.714283,2.0434954,2.0850658
32.085907,1.3305074,1.3310294
37.749363,0.9567759,0.9260129
31.596489,1.5095481,1.5087087
37.751114,1.1478761,1.1476576
32.99895,1.7056357,1.7397659000000003
31.185425,1.2482446,1.2471848
33.51152,1.2690527,1.2729506
35.833736,1.7383255,1.7690082000000003
33.263233,2.093823,2.1413283
30.962063,1.3089092,1.3154917
34.021675,1.5661787000000003,1.5745337000000001
34.098045,1.8359741,1.8719664
33.574863,1.3505718,1.3602121
30.963598,1.6154448000000001,1.6318247
35.816612,1.0709243,1.0608728
32.231697,1.8341888,1.8590261999999997
30.400166,0.91903764,0.84490967
35.53842,1.5238247999999999,1.5299269999999998
34.801903,1.5639409,1.5713284
31.731962,1.7998438,1.8110473
30.444126,1.2509246,1.2476833
34.157757,1.591334,1.5919020000000002
32.860317,1.4764118,1.4957464
31.712868,1.7745221,1.7885549
39.34256,1.839918,1.8649428000000001
31.006424,0.95492095,0.9246509
32.74858,1.7790457,1.8037891
33.361515,1.8162934,1.8387237
31.650414,1.3559545,1.3534541
36.07231,1.274608,1.2715945
35.031727,1.1315587,1.1247303
32.03972,1.5241407,1.5400045
30.903265,1.4964501,1.5175366
30.01204,1.4425901,1.4464982000000002
38.36418,1.4266611,1.4288793
37.82378,1.174839,1.175828
30.93369,1.6117108,1.6326373
38.755894,1.6841629000000002,1.6980064000000001
33.1392,1.7839303999999998,1.8118774999999998
39.902557,1.8507873,1.8678167
32.99029,1.3607678,1.3768461
31.173565,1.3430291,1.3436542000000002
33.979126,1.5770153,1.5906532
38.82906,1.6572028000000003,1.6730010000000002
39.880524,1.548922,1.5609956
35.221813,1.277812,1.2768757
39.49615,0.9071521,0.8593926
34.54339,2.1140237,2.1638682
36.473003,1.7013279,1.7139225
33.47833,0.9508506999999999,0.9333367999999999
39.31297,1.11907,1.1052773
31.271227,1.4109118,1.420589
39.900387,1.7375894,1.7587111
39.88387,1.2181655,1.2243111
32.408104,1.7072409,1.7324169
35.825764,1.7662865000000003,1.7870767
32.703003,1.6626668999999998,1.6963842
38.52331,1.0959644,1.079765
35.164505,1.6601447,1.680475
32.339626,1.9795941,2.0564234
33.15618,1.4988772,1.5103295
38.552807,1.7320267,1.7580914
32.944855,1.1222167,1.1183639
30.778086,1.6914819999999997,1.6987528999999997
37.02428,1.7151754,1.7392817
31.152643,1.0760907,1.0714774
32.24307,1.250568,1.2425725
36.929646,1.3932153999999999,1.3901822999999998
32.823776,1.7574660999999998,1.7782422999999996
30.609205,1.2599308,1.2516837
30.639061,1.5227264,1.5588565
38.167763,2.0222232,2.049568
31.602873,0.9885421400000001,0.9763430000000001
32.467594,0.99558055,0.9186048
34.560787,1.3897905,1.3875656
32.288727,1.557247,1.5692370000000002
33.927467,1.328098,1.3472955
33.619637,1.2706331,1.2707324
32.913166,1.1186337,1.0896032
30.49067,1.5665727,1.5781274
33.960766,1.4318881,1.4355003999999998
35.328983,1.3589835,1.3595743
31.53498,1.5326811,1.5452037
38.614876,1.6670531,1.6816695
33.22676,1.5801835,1.5885731999999997
36.084553,1.488351,1.4943318
33.96301,1.7078518,1.7285054
38.428074,1.3372307,1.3395278
38.92213,1.660499,1.6759113999999997
37.017937,1.7670746999999998,1.7975017999999996
38.42589,1.2498195,1.2510772
32.446766,1.7095913,1.7389371000000002
36.64614,1.4317746,1.4367204000000002
39.629498,1.7373785,1.7547082999999999
33.90832,1.704608,1.7263440999999997
38.92768,0.94793063,0.8894554
36.72295,1.4173745999999998,1.4229952999999997
30.638317,0.99083567,0.9674961
33.750477,1.3260518,1.3287857
33.77517,1.8571919,1.8747651999999997
34.82421,1.1655687,1.1555843
31.413946,1.5415097,1.5582051
30.854326,1.988916,2.0352278
33.25448,1.9782063,2.0263443
35.68167,1.6749082,1.6919136
34.2444,1.7341639,1.7588565
35.79564,1.7006862,1.721798
37.453274,1.370721,1.3668799
38.76123,1.5262451,1.5315184999999998
35.11185,1.2472302,1.24511
37.460182,1.0656312,1.0498736
31.09373,1.4562554,1.4687123000000002
33.150833,1.5700879,1.5912428
32.595505,1.4563326,1.4568164
31.389164,1.8351645,1.8603144
36.54678,2.1591090000000004,2.1936772000000007
33.73871,1.4220511,1.4304881
30.31714,2.1110516,1.5138359
30.91726,2.0280612,2.0731587
31.552898,1.560899,1.5628495000000002
31.58061,1.7038376,1.714541
33.88668,1.3886471,1.3827143
31.495605,2.0645115,2.1098123
37.533577,1.3628286,1.3767781
33.959038,1.0699549,1.0464464
36.369324,1.4632713,1.4770644
34.131165,1.255397,1.2493019
32.710167,1.4149182,1.4143405
32.862778,1.7982926,1.8170127999999999
38.783165,1.163799,1.1573768
36.314014,1.3171983,1.3263113
38.93707,1.0191836,1.0018523
34.07342,1.4353287,1.4426911
38.170246,1.7126263,1.7204907
38.60477,1.9269,1.955492
39.84035,1.3391378,1.3455259999999998
30.19983,1.4677998,1.4791287999999998
36.354,1.4450678,1.4538386
37.164597,2.0353737,2.0689898
35.852917,1.1896229,1.1860225
34.632187,2.0068703,2.0381043
30.302866,1.564259,1.5760610000000002
38.711296,1.2960877,1.3173735
37.25311,1.2356008,1.2418203
39.257492,1.5230683,1.5376842
39.597847,0.98935443,0.9432904
39.560936,1.4081191,1.4048862
38.01873,1.2039462,1.211371
37.760014,2.0787811,2.1141474
37.980793,1.6077709,1.629499
33.16845,1.2187697,1.2174857
39.589687,1.4531301,1.4593191
32.809967,1.3298774,1.329052
30.087584,0.8861190700000001,0.8224644700000001
39.189728,1.5878833999999997,1.5956883
35.544533,1.0986992,1.0960311
31.122349,1.7424978,1.7744203
39.007767,1.5214043,1.5329565999999997
33.053978,1.435182,1.4399792999999999
33.02786,1.1985033,1.1968431
30.50556,1.6719253,1.6765106000000003
37.895798,1.2920506,1.279175
39.67791,1.1641024,1.165092
39.024788,1.3444368,1.3608560000000003
34.48214,1.5765376,1.5802596
38.92203,1.6984879,1.7044141
31.317484,1.1640687,1.1664853
31.16036,1.4929379,1.4987068
32.30526,1.3753827000000003,1.3875296000000001
38.28605,1.3411522,1.3459592
39.73572,2.0300765,2.070193
30.95282,1.6848344,1.7110421999999998
32.269012,1.2446953,1.2363641
32.255093,1.2163985,1.2231016
31.67518,1.769476,1.7888147999999997
37.07094,1.8222095,1.8497655000000002
33.925842,1.8507612,1.8827595999999998
30.374083,1.5426948,1.5458576999999998
32.130047,1.3168508,1.3210566
33.951256,1.489598,1.4983678
36.99889,1.7580078000000001,1.7903161000000003
31.264305,1.6636163,1.6742541999999998
30.465471,1.3345957,1.341646
35.63525,1.8614776,1.8915248
30.320084,1.3644584,1.3619728
30.234722,1.1678067,1.1660888
31.716663,1.2322663,1.2440083
36.830486,1.566204,1.5663097
37.262787,1.1346008,1.1275833
34.243916,1.7943412,1.8103204
30.466042,1.2545534,1.2508965
36.927773,1.5340006,1.5520191
37.976955,1.7182987,1.7390652
37.34504,1.4313244,1.4395056
32.85074,1.3608658,1.379174
34.774025,1.7847055,1.8101606
37.582336,1.3712149,1.3749865999999997
32.867496,1.1683222,1.159004
31.712725,1.6420107,1.6537921
33.124775,1.6101427,1.6211226
37.13326,1.2432437,1.250366
32.926674,1.3999752,1.4081857
37.213356,1.6122649,1.6239736
37.003624,1.8837425,1.9096231000000001
36.748493,1.9018505000000003,1.9236650000000002
30.401873,1.7394956,1.7523369999999998
31.355015,1.2061709,1.1945364
31.196209,1.3475022,1.3603051
33.185017,1.6474216,1.6597574
38.226364,1.1131558,1.0998821
39.944214,1.1560037,1.1492469
35.14724,1.5169066,1.5372458
34.462215,1.0903572,1.0746502
38.062397,1.6779524,1.6952083000000002
36.237705,1.5654013,1.5870328000000002
38.06443,1.6336733,1.6433272
31.52631,1.2335911,1.2173672
38.41634,1.7404656,1.7580569
36.9962,1.5444348,1.5525299999999997
37.406513,1.4610589,1.4666326000000003
39.461197,1.2429996,1.234746
34.451416,1.9268484,1.9621224
38.331146,1.5896411,1.604861
31.441408,1.6173915,1.6406276
32.885525,1.469589,1.4796722
33.559883,1.7080313999999999,1.7168127999999998
36.484703,1.4935709,1.4982572
30.764751,1.4042124999999999,1.4164495
38.587185,2.0549948,2.1005974
37.662983,1.279403,1.2877183
31.100616,1.2808998,1.3068111
36.33124,1.5988563,1.6077673
35.7415,1.0765891,1.0675374
30.242704,1.4672238,1.4746633
38.66374,1.4232636999999997,1.4363488999999998
34.983974,2.035639,2.0742536
38.201675,1.1380143,1.1339884
39.7544,1.7605826,1.7723600999999998
32.951153,1.3502313,1.3550228999999998
31.598257,1.7510763,1.7777797999999998
39.97573,1.694046,1.7137733000000002
34.24261,1.4551997,1.459188
34.327393,1.1820166,1.1827447000000002
34.562756,1.6315163,1.6338243
34.219345,1.675564,1.6920304
38.573765,1.2290549,1.220392
38.487247,1.72388,1.7329152
34.79595,1.4330094,1.4369824
35.151207,1.1118224,1.1128538
39.050606,1.5965011,1.6037188
32.46776,1.0866277,1.0740385
33.465836,1.2371413,1.2411098000000003
31.738485,1.1401453,1.1437836
34.39288,1.9579551000000002,1.9768233000000004
30.412441,2.1007085,2.154691
32.598606,1.4195032,1.42307
39.85532,1.2909733,1.2976707999999997
33.633736,1.1290958,1.1265199
34.523335,1.3688799,1.3972719
34.648533,1.3565661,1.3590989
32.115425,1.2722582999999998,1.2775325999999998
33.4318,1.5870576,1.6083228999999999
38.967834,1.1028297,1.0920556
35.308903,1.1569616,1.1515701
33.90884,2.0456886,2.087542
37.16909,1.1431218,1.1382816
32.616173,1.6561816,1.6726019000000003
37.058346,1.4441926,1.4452784
38.49935,1.4166124,1.4176514
31.897598,1.569015,1.5866920999999998
36.524586,1.2319068,1.224005
37.626614,1.294028,1.3000934
34.01989,1.8324823,1.8603392
34.10917,1.0882638,1.0790714
36.42109,1.3595614,1.3722014
38.537525,2.0006118,2.0323071
36.148186,1.6306087,1.6414168
30.256056,1.2347656,1.2376044
35.857605,1.5712128,1.5869257
34.384686,1.2115701,1.2084308
32.812138,1.2599097,1.2603757
36.48223,0.9625973,0.8937705
32.265163,0.9332527999999999,0.8980223999999999
33.766335,1.8528929,1.8711535999999998
39.99488,1.1851909,1.1851988
35.897198,1.0555277,1.0424075
35.09733,1.7024047,1.7127936000000001
34.704952,1.0891402,1.0634863
33.609905,1.4835092,1.4909133999999997
32.556442,1.6379008,1.6428664000000002
36.776196,1.2147889,1.2175636
35.993195,1.8535261,1.8774246999999997
36.2065,1.2823011,1.2822974
37.673714,1.3110291,1.3105264
35.49765,2.0628653,2.1017761
31.67115,1.1433849,1.1335015
39.9288,1.4330555,1.4341528
30.304111,1.3862586,1.3930624
35.768284,1.2480972,1.262037
31.592825,1.1185843,1.1050789
37.947533,1.5412660000000002,1.5556531000000002
38.528214,1.0284821,0.9999096
36.960182,1.1934711,1.1889625
38.39638,1.5665239,1.5770964999999997
32.970818,1.3129444,1.3072789
34.24126,1.361413,1.3649008
38.377792,1.5240787,1.5359840000000002
39.855446,1.741435,1.7587414
35.42577,1.0865164,1.0671198
30.684904,1.9410218999999997,1.9655001
32.007645,1.377759,1.3817112
31.543648,1.063721,1.0534496
36.921852,1.9648098,1.9939065000000002
31.68479,1.6257857,1.6382685
36.625748,1.7444614,1.7590516000000003
39.785313,1.5831842,1.5841074
38.30282,1.9691348000000002,1.985832
36.108913,1.2348711,1.2281184
34.62149,1.06582,1.0483618
33.18139,1.3310318,1.3342824
37.455235,1.3383696,1.336956
38.43546,1.3557557,1.3607147
39.753017,1.3674122,1.3835623
32.579876,1.6393887999999999,1.6530653999999998
35.686287,1.9334519,1.9738344999999997
35.414272,1.433685,1.4385836000000003
30.213116,1.8592777,1.9124827000000002
38.345566,1.0332903,0.99277484
30.321459,1.7971998,1.8151224
35.147655,1.3736712,1.3850667000000003
32.545036,1.0155371,0.99477893
30.551588,1.3180301,1.3184709999999997
38.69104,1.2765727,1.2821109000000002
38.715725,1.356618,1.3629372
35.477837,1.5731548,1.589026
33.107536,1.3766961,1.3808482
34.447197,1.4927466,1.5090691999999999
37.89778,2.0388224,2.080113
34.14264,1.4906259,1.498364
35.7685,1.5212201,1.5322003
39.548164,1.636928,1.6470616
36.022507,1.6088822,1.6070569
30.18431,2.1218462,2.1708195
34.920254,1.8038352,1.8184886
39.307865,0.9120078700000002,0.8828704000000002
34.34406,0.9686299,0.9152339
37.778133,1.6202272,1.6246381
39.822952,1.6255021,1.6379950000000003
32.1922,1.7240189,1.7436731000000003
31.84323,1.5957060000000003,1.6212442000000002
36.28663,1.582151,1.5988877
39.50764,1.7213785999999998,1.7305592999999997
31.881409,1.8255483999999997,1.8465480999999995
36.3717,1.6851249,1.7001586
33.02578,1.6217898,1.617136
30.732494,1.7716872,1.8015416
37.075768,2.1455796,2.172885
35.432476,1.2036608,1.204237
37.678493,1.6996746,1.7199693
38.663307,1.5741444,1.5948566999999998
37.849594,1.619113,1.6258943
33.698444,1.1105043,1.0965767
38.270836,1.1164457,1.1148021
37.040867,1.7821337,1.8054368000000003
38.892014,1.5178471,1.5124474
35.52928,1.0791339,1.060133
35.67618,1.6315288999999997,1.6407746999999997
39.814106,1.0228608,0.98606515
38.533443,1.6955694,1.7158518
38.942043,1.6192061,1.6154492
32.392334,1.5791187,1.5951242
35.107826,1.2171065,1.2112517
38.599674,1.265531,1.2697966
38.83816,1.5550693,1.5652122
38.24994,1.3067387,1.3070254000000001
32.108685,1.3483262,1.3442538
39.966534,1.2229495,1.2318947
33.26257,1.3379441,1.3415258
30.627827,1.7114167,1.7277122
30.757257,1.5698392,1.5877066000000002
33.304058,1.2895092,1.2914107000000001
33.11289,1.4739069,1.4835369999999999
39.432884,1.4630466,1.4685438
30.60999,1.6377788,1.6434669999999998
38.03072,1.4217402,1.4309912
39.854317,1.5503743,1.5582137
39.903114,1.5294005,1.5303829
33.28771,1.3738313,1.3809451999999998
33.540813,1.4958745,1.5042655000000003
33.370285,1.477012,1.4984051999999999
33.165253,1.564149,1.5828399999999998
32.150166,1.251001,1.2487996
32.455025,1.526295,1.5443584999999997
33.69949,1.8702494,1.8838029000000003
34.817184,1.2201731,1.2302625
38.429768,1.0705417,1.0442997
32.4234,1.3762509,1.3781211
30.91792,1.6259401,1.669245
34.02967,1.226298,1.2231975
34.569527,1.7830874,1.8050537
36.14262,1.6250184,1.6462879
31.714567,1.5103828,1.5203643
37.61166,1.3461432,1.3573136
33.69139,1.4483781,1.4586494
38.95873,1.1113938,1.0866404
30.888649,1.8376576,1.8572614
31.736559,1.1403573,1.1459174
30.9657,1.2555277,1.2511036
35.897743,2.072966,2.1139684
38.58633,1.7950407999999998,1.8232247999999998
33.219795,1.105163,1.0959852
35.944847,1.4748192,1.4832384999999997
31.117245,1.6422731,1.65677
34.604702,1.2991046,1.3062015000000002
37.53552,1.7594118000000003,1.7879853000000006
37.307133,1.8603897,1.8811667
32.3205,1.2987442,1.3000653000000002
31.836983,1.5943203,1.6118758
36.984653,1.5606982,1.5659137
34.93478,1.4192201999999998,1.4184562999999997
35.269173,1.6680776000000002,1.6820853
35.074364,1.1305012,1.1235678
32.38728,1.7828614,1.8075132
37.431416,1.3809528,1.3866405
30.184965,1.2920331,1.3040745
35.86372,1.5953175,1.6060002
37.467052,1.6242784,1.6373918
36.46651,1.1254308,1.1118436
33.01701,1.8022195,1.8100863
35.26557,1.2442764,1.2451313
30.437916,1.3764843,1.378061
37.53457,1.880286,1.9001076
35.141903,0.9881375000000001,0.9638478000000001
36.210835,1.8149444,1.8426642000000002
37.52511,1.6509835,1.670532
37.126965,1.8201704,1.8399143
35.168507,1.0283589,1.004195
37.723816,1.5925293,1.6059742
35.75152,1.357714,1.3656220000000001
37.845192,1.9832214,2.0286522
36.258507,1.6670756,1.6868258
30.26272,1.8018739,1.8409728999999997
32.004314,1.7961391,1.8236663
35.414394,1.3329837,1.346683
30.533373,1.33721,1.3410532
33.050632,1.151164,1.1465964
35.340088,1.6064447,1.6204388
33.67636,1.5387726,1.5551219000000003
35.82594,1.3284715,1.3153164
36.074013,0.95580024,0.94689506
31.750183,1.1565789,1.1500244
33.431316,1.1272415,1.1198993
37.63519,1.2649884,1.2675138
34.74722,1.91117,1.9464485999999999
38.724483,1.5863527,1.6058605
35.588936,1.4957443,1.5092633
36.43901,1.6936427,1.702646
30.777115,1.4942075000000001,1.5085382000000003
35.5034,1.3012992,1.3132567
35.856506,1.8069707,1.8417106
35.91713,1.5174658,1.5232763
32.27947,1.4402277,1.4415808000000003
33.154606,1.1574891,1.1466753
31.761494,1.2844827,1.2837515
32.898453,1.3858049,1.3971579000000003
36.795105,1.4607569,1.4590437
32.95562,1.6835035999999999,1.6984710999999995
36.856632,1.1329721,1.1179922
39.02249,1.9323074,1.9755068
32.823097,1.7503833,1.7760114999999999
32.51685,1.0586181,1.0398569
30.80352,1.3760136,1.3766527
39.410324,1.2346677,1.242132
39.23601,1.8513211,1.8750064000000002
39.74736,1.5266536,1.5305854999999997
38.409748,1.479285,1.4951334
39.158802,0.98714393,0.9491442
38.78051,1.4319994,1.432199
32.36155,1.0169882,0.96312696
36.432877,1.4578301,1.4605072000000001
36.32159,1.7528656,1.764518
38.37979,1.3755182,1.3792226
39.01027,1.3120946,1.3098266
33.97178,1.2522515,1.2554414
31.639132,1.3692356,1.3683326
31.126545,1.7727103,1.8108842
36.299694,1.3810804,1.3770447
34.93498,1.5526423,1.5627587000000003
33.860992,1.160222,1.1573026
36.018967,1.6810514,1.6911116
33.26095,1.215205,1.2064381
30.717531,2.0350513,2.0634067
36.320732,1.3322301,1.3374980000000003
30.65528,1.003362,0.9822546
36.00786,1.0131342,0.97713685
35.944027,1.199558,1.2022159
38.34391,1.2135626,1.2123754
33.406475,1.2126902,1.2178686
30.783968,1.8244032,1.8579233
37.197327,1.4955168999999997,1.5021769999999997
36.25353,1.3746749,1.3813667
38.918324,1.3082734,1.3232169
37.263493,1.9590164,2.0027509
34.245834,2.0025918,2.0427477
35.06279,1.5160612,1.5187070000000003
32.61264,1.4098341,1.4189978
32.323833,1.7471433999999997,1.7768048999999997
38.546734,1.1706796,1.16362
37.899956,1.3983095,1.3966749
32.248917,1.3423324,1.348124
39.699005,1.3528316999999999,1.3514532999999997
33.37503,1.402717,1.4083599999999998
39.040855,2.129034,2.1581378
36.371532,1.4126709,1.4191847000000002
37.018818,1.3334086,1.334676
39.39969,1.7568166,1.7847735999999998
37.021755,1.595071,1.6148598
37.583088,1.1381814,1.1219087
34.611076,0.9774917,0.93981034
30.047157,1.4933215,1.4757912
33.09917,1.3303815,1.3340573
36.413246,1.0330126,1.0179806
33.85367,1.0905834,1.0900033
36.474026,1.7183564,1.7399669
34.24335,1.0002953,0.95903766
36.494774,1.793879,1.8105470999999997
32.805435,1.9968327000000001,2.0322578000000004
38.719975,1.3695586,1.3833101
36.88842,1.5935359,1.6011066
30.861727,1.2526875,1.2454925
39.7541,1.7649574,1.79053
35.09363,1.7361671000000003,1.7520702000000001
39.65699,1.8570514,1.8841789
30.474533,1.485791,1.4925334
33.09237,1.2118592,1.2142179
35.96374,1.0326631,1.0104723
34.87202,1.4891238,1.5070937000000002
39.25286,1.0888531,1.0810862
37.89999,1.9846274,2.0168989
31.749538,1.8473494,1.8711709999999997
30.257256,1.2372087,1.2521241
38.517197,1.6894201,1.697787
30.024347,1.2507113,1.2522349
31.393623,1.9576926,2.0019412
37.501053,1.7532285,1.7811836999999997
35.785473,1.1236095,1.1092236
38.41512,1.6109116000000003,1.6266627000000002
30.938396,1.504209,1.5026331
33.827126,1.2556176,1.2686622
34.07331,1.8979748,1.9231393000000003
32.696438,1.2170427,1.2115226
39.926025,1.1849608,1.182297
32.965202,1.6268486,1.6343304999999997
31.695698,1.3398288,1.3444698
35.302643,1.6385944,1.6509368
34.76614,1.0894039,1.0752822
31.452236,2.075432,2.1100755
36.027523,1.7464805,1.7585862
33.589436,1.4154254,1.4204626
32.824615,1.5785502,1.5998845
37.464123,1.8606986,1.8750669999999998
39.882942,1.0923445,1.0907259
39.47468,1.2996874,1.2998903
30.70704,1.4135044,1.4372425
33.555622,1.5258639,1.5323019
33.286858,1.4591137,1.4551239
38.191795,1.6970522,1.709163
39.94595,1.7670274,1.785331
30.071455,1.5699261,1.5685694
36.106125,1.6804103000000001,1.7091472000000003
30.871237,1.4676172,1.4855174999999998
32.680687,1.2677801,1.2705681
31.415161,1.5194182,1.5471844999999997
31.980646,1.6679072000000001,1.6761947000000001
38.023285,1.5191416,1.5221407
37.40577,1.5678283,1.5766200999999997
39.36358,1.7951577,1.8247216
35.779438,1.2970151,1.3037174
30.781467,1.4171145,1.4207094000000002
33.101906,2.0575845,2.086826
31.297686,1.2360522,1.2477949
30.64125,1.2038476,1.2132087
30.49695,1.8374091,1.8615029
35.985744,1.4618244,1.4657075
35.824863,1.5362632,1.5447285000000002
33.145775,1.4737977,1.4755595
38.301144,1.1099476,1.0848794
31.578623,1.2332237,1.235472
37.011074,1.9236385999999999,1.9484235999999997
31.960978,1.1556009,1.1468766
32.58203,1.0968676,1.0910947
32.239212,1.3686868,1.3810791999999998
36.03057,1.5905308,1.6071514999999998
38.08883,1.4005684,1.4100187000000002
37.455822,1.1432017,1.1349604
33.025085,1.7991611,1.8192115000000002
39.7254,1.1689787,1.1640327
36.818863,1.8074248,1.8295914999999998
39.93697,1.9077549,1.9398402999999997
30.692612,1.0382457,1.0045068
37.66631,1.8100955,1.8284062999999997
30.544151,1.6020383,1.6023781
35.163097,1.2614552,1.267483
38.61329,1.1652507,1.1659977
31.019773,0.9696392,0.96327114
35.55769,1.2297395,1.2391739
39.56355,1.2106215,1.2080069
36.633686,1.5018827,1.5088689
35.519905,1.4222066,1.4327445
39.63744,0.9469384,0.8930746
39.2579,1.440589,1.4535503
32.14999,1.6533356,1.6753457
33.731277,1.3182613,1.3199453
35.277668,1.3754355,1.3792112
35.59806,1.482106,1.5005777
35.545666,1.43642,1.439867
37.05212,1.5379702,1.5322325
31.285358,1.3059921,1.2974656
38.347607,0.91583467,0.8602749
37.88688,1.3105849,1.3291051
32.91169,1.6377470000000003,1.6447449000000003
32.656136,1.4839325,1.4924047
38.409664,1.4096812,1.4135411
33.581688,1.9063781,1.9389584
32.53264,1.4770887,1.4877355
37.25526,1.4613208,1.4765375000000003
39.55616,1.9879302,2.0254352
30.39155,1.4557457,1.4585307
38.46054,1.2547541,1.2606597
39.52723,1.6118406000000003,1.6264925000000001
33.20627,1.5365069,1.5511121999999997
35.07388,1.7037532000000002,1.7191846000000002
39.939537,1.4526863,1.4608028
33.355663,1.8653402,1.8829632
36.489826,1.0692966,1.044029
39.404793,1.72053,1.7424610000000003
36.4623,1.0330168,1.0362221
37.02252,1.9216635,1.9360478000000003
38.51701,1.6526427,1.663291
32.95574,1.3729935,1.3696761
34.268524,2.06251,2.1106355
33.1381,1.4331439,1.4288418
37.8663,1.574245,1.5824519999999997
38.140495,0.9913226400000001,0.9422346400000001
30.455719,1.5310249999999999,1.5343021999999997
38.075447,2.0811982,2.1002140000000002
34.66585,1.3702898,1.3776622
34.45274,1.060742,1.0391634
39.43113,1.6386937,1.6463911999999998
36.04927,1.7033186,1.7297172999999997
37.129204,1.2230008,1.2204852
31.959625,1.1369342,1.1154239
37.214718,1.1258243,1.1280365
31.033344,1.0905867,1.0665555
39.549763,1.6733108,1.6940255000000002
38.483505,1.2860434,1.2854846
31.161098,1.7628778,1.7874152999999997
33.777393,1.7289203000000002,1.746455
39.320137,1.5799776000000003,1.5939570000000003
39.10655,1.2479619,1.2453067
31.688198,1.4478275,1.4513297
32.613792,1.2501405,1.2582715
36.32475,1.4573576,1.4628414999999997
35.168663,1.4564507,1.4755436999999998
34.854115,1.2336397,1.2240746
33.602356,1.5869628999999998,1.6001259999999997
31.75055,1.0689479,1.047411
39.128544,1.4962106,1.5026617
32.255234,1.4080023,1.4140613
36.393555,1.3276403,1.3424492
39.753975,1.8803416,1.9193423
35.072464,1.5818199,1.6004446000000003
36.317467,1.6536001999999999,1.6682109999999999
32.398357,1.6658826,1.6821403999999998
36.61862,1.5116639,1.5218058
37.329296,1.0291909,1.0001456
37.877197,1.1244018,1.1157882
34.363148,1.7887034,1.8155271999999998
33.123837,1.4665791,1.4855096
31.547394,1.4629287,1.4699738
32.85443,1.8834566,1.9232387999999998
35.753742,1.3889804,1.3891182
38.275757,1.9594706,1.9811172
34.309155,1.5092213,1.5203633
38.90221,1.1049231,1.0904167
33.60985,1.3744245,1.3895357
34.157753,1.2366551,1.2323053
36.61644,1.3160412,1.3219297
31.444473,1.3929231,1.3913596
31.920961,1.9807479,2.0087533
35.664135,1.4951872,1.5089729
32.26594,1.6154343,1.6382395999999997
34.913513,1.6819977000000002,1.6822903000000002
30.544888,1.2513278,1.2567038999999998
39.3678,1.4188724,1.4264383
38.43976,1.8060837,1.8297595999999998
34.38675,1.6441416,1.6549934999999998
34.970825,1.4820026,1.493361
30.114082,1.7697304,1.7672477
31.82415,1.388785,1.4029884
30.668875,0.9323711,0.9294963
37.531475,1.7065614,1.7168599999999998
35.822853,1.1904075,1.1884625
30.595093,1.6536458,1.6804204
34.621418,1.5549783,1.5650575
35.67679,1.7727787000000002,1.7902727000000005
32.498165,1.8462154,1.8995202
35.923027,1.5410292,1.5570381
39.774414,1.0294013,1.0009873
35.079685,1.2516555,1.2497597
35.084473,1.908813,1.9522683999999997
37.845848,1.8647826,1.8895918999999999
38.833164,1.4418073,1.4606444999999997
30.551357,1.0578583,1.0444627
35.129135,1.384476,1.3950934
30.621021,1.1667794,1.1613896
31.391827,1.9157331,1.9317403
30.289276,1.7749186,1.8000245000000001
39.590683,1.2808174,1.2780471
38.822487,1.5278538,1.5412014000000003
39.275333,1.8454614000000003,1.8473015000000002
39.016365,1.1050783,1.0835764
39.275547,1.4090526,1.4159627
33.8488,1.376816,1.3770734999999998
32.09151,1.5754324,1.5946629000000003
34.993217,1.388733,1.393851
33.17368,1.8346913,1.8739388
35.29206,1.7530631,1.7741510999999999
35.944004,1.4094707,1.4107511
39.719597,1.9746243999999997,1.9933321
31.255156,1.5882961999999998,1.5902947999999997
38.150257,1.2839156,1.2980518
35.50608,1.780581,1.7910128000000003
32.026653,1.3876343999999998,1.3934201999999996
34.13342,1.7818251999999999,1.8130951
37.856026,1.8179333000000002,1.8351681000000004
30.727636,1.6398517,1.6593952
31.113401,1.7227019,1.732194
35.703495,1.7934645,1.8143687000000002
35.875195,1.5531955,1.5740108
30.46812,1.3347374,1.3472877000000003
39.562557,1.0770731,1.0474374
39.9361,1.3217474,1.3307756999999998
39.471092,1.2071421,1.2018621
32.784454,1.9862225,1.9977984
34.836845,1.4061352,1.4165356
32.57836,1.370051,1.3828633
35.954224,2.0130038,2.0761974
35.041912,1.5430342,1.5624061
35.283337,1.5330642,1.5286224
37.843563,1.9474145,1.9755845
32.261555,1.5500360000000002,1.5484993000000002
35.764,1.4989540000000001,1.5127082000000003
38.12815,1.3051019,1.3121777
39.669582,2.0961367999999996,2.1300026999999995
33.1126,1.3839431,1.3922326999999999
36.59851,1.8301529,1.8682697
34.442383,1.1218364,1.1102016
32.036797,1.3142884,1.3161848
34.557804,1.3571769,1.3614221
31.354416,1.4057708,1.4143684
33.937397,1.4808235,1.4952502
36.142467,1.7769718,1.7824550000000001
34.025345,1.7999614000000002,1.8217556000000001
36.19469,1.6961290000000002,1.6880286000000002
34.353397,1.4678885,1.4850919
37.918465,2.0194278,2.0496175
31.083855,1.5755607,1.5841205
36.980225,1.4015067,1.4049444
32.155994,1.4811991000000002,1.4966068000000001
32.953773,1.937277,1.9758909
35.8558,1.3369484,1.3534937000000002
36.122643,1.2841027,1.2930539000000003
39.316532,1.5758623,1.5806992000000002
38.313267,1.5014461,1.5094216
30.984161,1.6178179,1.6416609
34.43027,1.7415628,1.7653384
34.394066,1.3886745,1.3981669000000003
39.916794,2.0708551,2.1083042999999995
33.257217,1.6654212000000002,1.6787493
38.58416,2.0495343,2.0992084
31.29404,1.8549335,1.8953140000000002
36.172417,1.4662721,1.4840262
33.427353,1.0127984,0.97765625
36.534824,1.4679971,1.4789709999999998
36.78346,1.4280967,1.4267409
34.1318,1.1515993,1.1427488
32.924885,1.7760165000000003,1.7953708000000004
38.909794,1.3341453,1.3439152
33.19333,1.5213279,1.5231161
35.41402,1.1467563,1.1319337
39.867188,1.3290106999999998,1.3303482999999998
38.441875,1.7985828,1.817662
37.725864,1.4765371999999999,1.4881760999999998
38.176544,1.6412271,1.6662150000000002
33.549694,1.9210783,1.9306233
38.336266,2.0236506,2.0557923
39.776752,1.6585428,1.6681428
30.968971,1.7442441999999998,1.7779988999999998
39.951157,1.1544036,1.1621182
36.26035,1.4299861,1.4374661
36.67701,1.7529689,1.7769563000000002
34.87744,1.6739843000000003,1.7006769000000002
32.25958,1.2410417,1.2323911
36.412304,1.1544131,1.1397517
39.18402,1.3675326,1.3788075
31.263195,1.4886293,1.4980836000000002
39.421017,1.8004959,1.8226097
39.682716,1.4600607,1.4697881
35.990044,1.2940173,1.2949939
37.141125,1.5474462999999998,1.5600888999999998
36.73407,1.7569953,1.7862058
36.686913,1.4932449,1.5038763999999998
33.01015,1.164148,1.1665533
38.661255,1.8172216,1.8436668
36.438515,1.7030797,1.7316031000000003
38.378864,1.7511324,1.7694688
36.98857,1.8013891,1.8207010999999997
34.812515,1.7331364999999999,1.7424855
31.012218,1.4533623,1.453484
38.861458,1.3335495,1.3330588
35.00869,1.3084797,1.3389435
37.750607,1.3897518000000002,1.3911860000000003
31.739674,1.5685531,1.584852
36.63107,1.626613,1.6353106000000002
32.56001,1.200065,1.186791
32.221676,1.7366880999999998,1.7698156999999999
38.461964,1.1815879,1.176681
39.858204,1.461451,1.4658577000000002
39.853355,2.0843601,2.1113272000000003
30.412191,1.4196172000000002,1.3922875000000001
34.35359,1.3386859,1.3446803
39.43328,1.3312156,1.3402593
33.234337,1.2977970999999997,1.3188642999999998
32.41454,1.6186117,1.6377139
38.69499,1.7923716,1.8140018
30.303528,1.6469319,1.6739516000000003
37.451027,1.7449050000000002,1.7627332000000002
39.491833,1.8045582,1.8171694
36.425285,1.6756870999999998,1.6751946999999998
31.193794,1.9842143,1.9821322
36.979313,1.7423309,1.7737534000000001
39.518066,1.8543159,1.8776028
35.86484,1.2531137,1.2514865
31.39567,1.2781897,1.2827227
37.850876,1.2671984,1.2690291
39.916046,1.3253428,1.3253586
30.763319,1.3533096,1.368859
38.71591,1.720622,1.7344450999999999
32.02645,1.2578102,1.2602515
30.577177,1.5575489999999999,1.591022
38.20609,1.6013654,1.6134784
31.814363,1.4698783,1.4674506
39.666557,1.3171481,1.3167479
39.49714,1.3223975,1.3196628
39.315807,1.9760275,2.0075958
31.598503,2.0406766,2.0789897
36.105495,1.2796813,1.277868
32.013622,1.3600823,1.3662586
30.620102,1.2844044,1.2928898
30.1538,2.0019298,2.023202
39.50013,1.4457521,1.4542105
38.035233,1.2789072,1.2802730000000002
39.764027,1.5335888,1.5502553
32.674923,1.611204,1.6236320000000002
32.25809,1.7672894,1.7954152
30.746204,1.1159103,1.1203885
33.393642,0.8985963,0.8463165
39.3965,1.3797568,1.382041
31.854689,1.1971073,1.1918235
32.75913,1.1980006,1.1908324
34.328743,1.2562054,1.2607534
35.665546,1.701091,1.7180967000000003
31.201757,1.100073,1.0876467
31.30152,1.4256338,1.4397864000000002
39.957405,1.7259907,1.7308159000000003
33.75591,1.403428,1.4289017
34.501694,1.7024664,1.7240314000000003
39.501236,1.5021319,1.5115012999999997
34.78155,1.8910644,1.9126186000000003
35.132442,1.3729448,1.3923721
36.573353,1.9213578000000002,1.9534819000000005
38.931805,1.3071809,1.3095025999999999
34.04811,1.2682467,1.2649012
31.38691,1.6772304000000002,1.6966128
37.931202,1.5033631,1.5120088999999999
37.579617,1.9460050999999998,1.9832877999999998
32.07444,1.414176,1.428417
34.496502,2.0355809,2.0908413
37.805466,1.6333628,1.6354177
34.922195,1.2333372,1.2264929
39.18012,1.8531055,1.8780633999999998
30.04137,1.2773252,1.2798903
33.583,1.7664301,1.7950654
37.652752,1.4345478000000003,1.4343696000000001
33.146545,1.2222195,1.224627
38.00273,1.2991571,1.3016689
32.15521,1.2199861,1.220696
30.909847,1.8416034,1.8562245000000002
30.181547,2.0090673,2.0381825
30.1555,1.0722344,1.0765011
32.049305,1.3927412,1.3894529
33.261875,1.3356367,1.3506527000000002
34.19998,1.7768397,1.7958302000000002
39.089645,1.4499838,1.4617324
35.43585,1.6823602,1.7022216000000001
31.125015,1.5780029,1.5867118999999998
39.210747,1.8333429,1.8572476
38.397125,1.634354,1.6457188
34.390453,1.6073352000000003,1.6209328000000005
38.143425,0.98542935,0.93843013
31.95428,1.2065904,1.2121363
38.01294,1.5148429,1.5182595
37.898567,1.3427618,1.3492496
35.541065,1.2619699,1.2662126999999999
33.350502,1.2171394,1.2095404
34.483444,1.4296348,1.4296474
36.493942,1.8395654000000001,1.8618500000000002
31.852688,1.4256848,1.4467780000000001
32.55651,1.3975658000000002,1.4230740000000002
37.46586,1.7303149,1.7460663
35.101616,0.9981252,0.9528607
39.05386,0.9278768,0.87381756
38.253387,1.3527606,1.3638699
34.240463,1.9103475,1.9263029000000003
34.020824,1.1946344,1.1957102
35.060642,1.2106028,1.2098656
37.272976,1.1329588,1.119956
37.180077,1.6320686,1.6448131000000001
36.643143,1.0291511,0.98068595
36.09117,1.3884065,1.401094
31.579266,1.5621679000000002,1.5750313000000002
36.42411,1.3203553,1.3243023999999999
31.457918,1.4993236,1.5119328
32.43059,2.050663,2.1054027
30.947136,1.9265726000000003,1.9341464000000004
36.87635,1.1490784,1.1305487
33.97307,1.3201114,1.3268125
38.01846,1.1568161,1.1536632
38.081146,1.3640997,1.3807029999999998
35.918766,1.3137861,1.3186803000000002
35.28945,1.4900703,1.5135047
35.68277,1.4348689,1.435874
31.691498,1.216427,1.2395644
33.285484,2.0511258,2.0737722
38.824245,1.6782024,1.6912367
37.76212,1.7430259,1.7603023000000002
39.410133,1.9128088,1.951483
32.808384,1.3448881,1.3557165
34.976166,1.164453,1.1707003
31.340477,1.5410044,1.5477424
39.445404,1.3108939,1.3179455
38.74298,1.9211124,1.925452
35.518375,1.6216481,1.6454439
37.784348,1.3542287,1.3684843
35.99691,1.9078475,1.947624
39.164833,1.1071622,1.0971807
32.679413,2.0051916,2.0460246
37.333683,1.7869974,1.8184571
35.73557,1.922237,1.9545562
35.72233,1.2241392,1.2264154
35.745266,1.2317551,1.2356956
39.662594,1.7595884,1.7849931999999997
30.104301,1.5962541,1.6372931
34.46399,1.3768209,1.3793931
31.889372,1.7264637,1.581388
35.969593,1.8356992,1.8605726000000002
30.007507,1.8908814,1.9275236000000002
37.214275,1.8755302,1.8989774999999998
37.860413,1.2691946,1.2731228
35.090557,1.3763487,1.3892317
33.5203,1.345847,1.3499172
35.791912,1.4228144,1.4289892
36.0162,1.2459105,1.239635
33.66761,1.3091892,1.3139424
32.30349,1.692461,1.7015293
37.195564,1.3598003,1.374321
33.33136,1.8619312,1.8876592999999997
35.823807,1.1782244,1.1760206
32.74021,1.8583874,1.9004022999999999
30.776451,1.4698222,1.4741039
34.530056,1.3268832,1.3260684
38.33891,1.4364694,1.4411266000000003
37.06106,1.1031362,1.1050112
30.163795,1.764069,1.7907081
37.86878,1.6544062,1.6570299
39.64134,1.4997816,1.5145154
37.35541,1.6214553,1.631736
30.84129,1.3656864,1.37293
37.38279,1.5481213,1.5639842
39.78074,1.4450696,1.4544559
37.751526,1.1663052,1.17242
30.628231,1.8658391,1.8919937999999998
31.944778,1.6482921,1.6633503
30.169912,1.313333,1.3096938
36.052258,1.122758,1.1093311
36.36123,1.3950505,1.4014673
37.657516,1.3444173000000001,1.3553205000000002
31.038145,1.1718152,1.1660962
30.383913,1.2213094,1.223074
39.569447,1.2232716,1.2262316
38.645687,1.190701,1.1940372000000001
33.488884,1.6335897000000001,1.6484692000000003
32.802544,1.5730276,1.5729315
31.963694,1.6407299,1.6502099
32.85595,1.5558453,1.5793169
35.450752,1.9407578,1.9762625999999999
32.094315,1.2188721,1.2113407
32.75503,1.2632189,1.2729027000000002
36.97357,1.3217661,1.3317771
34.26853,1.0666951,1.0445677
37.86058,1.3202187,1.3259759
39.975693,1.190716,1.1888165
31.76293,1.7222092,1.7467661
37.438923,1.4499986,1.4508955000000001
34.345222,1.8307729,1.8533515999999999
39.340355,1.7718049000000002,1.7939353000000002
32.19466,1.1054118,1.0804517
35.263733,1.7055414,1.7222750000000002
38.277912,1.3219882,1.3210843
33.488026,1.370626,1.38322
36.606274,1.3307416,1.340806
31.249313,1.8380788999999997,1.8557009999999996
35.394802,1.2200785,1.2198658
36.716198,1.5554659,1.5646943999999998
35.888775,1.3312775,1.3319066
30.72771,1.6543905,1.6613932
33.572735,1.6123768,1.6210864
34.219376,1.5521982,1.5704057
39.558674,1.089236,1.0582331
34.21993,2.0923588,2.133773
30.21225,1.3943981,1.4056163
31.016855,1.8509437999999998,1.8860289999999997
33.675266,1.4198481,1.4216623
33.1439,1.8638214,1.8790193
37.14218,1.3426023,1.3485584
30.099413,2.0303574,2.0460540000000003
33.153904,1.0986521,1.0856282
39.111713,1.6426523,1.6550915
32.307514,1.5143882,1.5291575999999998
32.59025,1.8861152999999997,1.9025456999999995
39.2629,1.3816017,1.3810859
36.770485,1.364795,1.3736138
33.40557,0.9770767,0.93584657
35.678333,1.3363544,1.3380727999999997
35.224052,1.2948009,1.2948599
30.6193,1.4852039,1.5044620000000002
35.095383,1.2753116,1.2785108
38.74796,1.3075429,1.3065574
32.56843,1.3309759,1.332571
39.19506,1.3270384,1.3422482
36.13384,1.5568621,1.5629327
39.950207,1.7963457999999999,1.8173560999999998
39.297935,1.3356154,1.3335745
37.65559,1.7896281,1.8223087999999998
30.56447,1.0537633,1.0192235
33.59111,1.6115962000000001,1.6276431000000002
38.994514,1.5152494,1.5336077
30.43352,1.2102271,1.198946
30.944588,0.98748803,0.97456735
39.444263,1.1811184,1.1647713
34.53105,1.176581,1.1763158
38.796265,1.7686002,1.7968420999999999
39.749218,1.2466265,1.2549541
39.920654,1.3008862,1.303091
31.645378,1.3326417,1.3460376000000003
34.50635,1.6006087,1.6087809
38.76832,0.98843557,0.97882044
30.455582,1.8001723,1.8284844999999998
36.597775,1.4653894999999997,1.4658090999999998
39.109467,1.5746642,1.5961726
37.313755,1.4950414,1.4984415000000002
34.01503,1.5372244,1.5419726
31.662249,1.2015032,1.2081313000000002
37.629093,1.7312152,1.7559166000000002
39.22224,1.4839627,1.4891764999999997
32.99376,1.4999228,1.5287838000000002
37.61539,1.1544353,1.1438248
31.477112,1.563234,1.568932
34.947586,1.2108743,1.2168011999999997
37.976936,1.7355483,1.7569782999999999
36.801147,1.3752549,1.3916178
35.022636,1.6035187,1.6256976
38.057148,1.1565753,1.1467102
37.192184,1.3462834,1.351927
35.045143,0.9870821,0.959764
38.505554,1.2798321,1.2806466
30.97371,1.2071576,1.1980431
32.728638,1.5694455,1.5868983000000003
36.003174,1.6495957,1.6772871
34.79458,1.2834301,1.2868235
33.000523,1.7143397,1.7395306
39.23972,1.1150025,1.1117437
37.715324,1.307323,1.3032773
34.446903,1.1907963,1.1907711
34.431175,1.5436189,1.5446925
34.52736,1.18893,1.1815751
38.024246,1.3052115,1.305634
36.651566,1.5603344000000001,1.5619705000000004
32.35102,1.7833694000000002,1.8113277000000003
30.071798,1.8113894,1.8556354000000002
32.051334,1.2880614,1.2935591
33.238617,1.7172116,1.7434703999999999
35.184166,1.7871705,1.8064291
36.457825,1.0822792,1.0538495
39.849377,1.1409597,1.1314583
39.368534,1.7701882000000002,1.7867391
37.94303,1.8829381,1.9031290999999997
31.294544,1.8466457,1.8756912000000001
34.055676,1.2013526,1.2034153999999997
34.190247,1.4143413,1.4253623000000002
37.653946,1.2936656,1.3052680000000003
39.999683,1.7329025,1.7440553
35.27758,1.6078634,1.6245365
36.480114,1.963449,1.9993327
37.19627,1.11681,1.1120498
32.878284,1.0587338,1.0431141
38.8425,1.0478593,1.0160255
36.1752,1.8488101,1.8739356999999999
38.88432,1.6417403999999998,1.65551
30.495504,1.5878019,1.5990665
35.555946,1.8050267000000002,1.8202298000000001
31.975935,1.4221613,1.4268754000000001
35.279305,1.5822954,1.6029727
35.31757,1.5447828,1.563863
32.650234,1.3590883,1.3665202
36.010868,1.3144962,1.3274992
37.11582,1.9143575,1.9329677
31.202284,1.1394911,1.1355989
36.839397,1.3725405,1.3741798
38.78331,1.5075418,1.5212972
33.49334,1.3259264,1.329642
37.68111,1.913884,1.9399292
32.484844,1.4450811,1.4542668
36.11867,1.5778956,1.5882199
39.787235,1.8895702,1.9270455999999998
34.603832,1.4080971,1.41644
38.26851,2.1179705,2.1272829
32.09464,1.3428478,1.3562572
36.07497,1.9244963,1.9608219000000002
32.984596,1.331001,1.3338411
36.25178,1.2815745,1.2947404
36.634537,1.3645619,1.3715937
31.510942,1.1894931,1.1821492
34.73046,2.0819478,2.099544
36.63027,1.896831,1.9214355999999997
37.711555,1.3422449,1.3494546
34.871483,1.1825504,1.1694891
32.02467,1.7086905,1.7233523999999998
35.353935,1.7178867,1.7246442000000002
31.41752,1.0899519,1.0695477
36.77045,1.4371145,1.4424055000000002
37.174644,1.5996652,1.6062920000000003
30.323225,1.7209998,1.745609
32.532955,1.5297253,1.5454862000000003
32.6772,1.4995598,1.518182
39.533752,1.7162178,1.7320502000000002
30.541025,1.9444343,1.9870178999999997
30.304476,1.4190094000000002,1.4171603000000002
36.927147,1.8966565,1.9255800000000003
31.706675,0.9831631,0.9708324
35.68258,1.5398268,1.5504946999999998
33.735542,1.3863076,1.3867835999999998
31.925873,1.5663843,1.5755973
38.222183,1.5367854999999997,1.5492944999999998
36.577106,1.931759,1.9618870999999998
31.154472,1.4700042,1.4839446999999997
36.510094,1.6993933,1.7065258
36.171585,1.8977529,1.9247021999999998
39.46238,1.057722,1.0301068
38.804745,1.6279954,1.6339228
38.759872,1.4400195,1.4548030000000003
35.788692,1.7267841,1.7458584
34.25653,2.0349793,2.0780163
39.086784,1.2927179,1.2871017
39.209454,1.8443446,1.8669732
33.19373,1.1504364,1.1533847
34.0413,1.4762006,1.4912355000000002
34.578323,1.350975,1.3533201000000001
38.95422,1.5802625000000001,1.5841048000000002
32.271797,1.0954342,1.0715992
33.475838,1.1139421,1.1061561
33.47551,1.3897569,1.3993156000000002
30.805815,1.3441424,1.3585095
37.33718,1.6840029,1.6997435
35.389774,1.5788406,1.5975704
31.019129,1.3060625,1.3061006000000002
31.978052,1.6146979,1.6330771
37.32391,1.5238153,1.5304469999999997
35.829514,1.2341586,1.2429698
33.708187,1.0146458,0.9852257
31.116676,1.5112008,1.5266004
37.444637,1.1894034,1.184546
34.34071,1.428734,1.4314889999999998
35.207073,1.7495625,1.7764447
36.657127,1.0036343,0.9712989
36.655224,1.6547816999999998,1.6722809999999997
34.89915,1.8700113,1.8959677
34.891888,1.3965213,1.3965745000000003
37.14182,1.4347423,1.4390309
35.497364,1.5840033,1.5960188
38.789547,1.3476228,1.3483679
34.09784,1.9150865000000001,1.9248214000000003
36.80306,2.0047562,2.0406172
34.905773,1.8457232,1.8767495
38.60569,2.1061525,2.1446023
36.276604,1.3750558,1.3820872
33.907368,1.9365845,1.982069
34.973446,1.2097578,1.2104897
38.972713,1.4182422,1.4189179000000003
32.495354,1.4395858,1.4376707
33.331264,1.351286,1.3603268
31.604626,1.3144155,1.3100746
35.061092,1.5354698,1.5518563
33.080513,1.6794729000000002,1.6927199000000004
32.538273,1.8679503,1.8966907999999998
38.85727,1.2565075,1.2568305
38.030994,1.8172560000000002,1.8472452000000004
30.500942,1.8029051,1.8309026
31.128695,1.1938198,1.179111
30.652409,1.8531823,1.8995087
36.482594,1.5404345000000002,1.5533535000000003
36.574406,1.5810409,1.587739
37.65231,1.2473651,1.2442343
31.557365,1.4479828,1.452496
32.360725,2.02676,2.084372
36.756214,1.715243,1.7375909999999999
36.857742,1.8226237,1.8454516
30.135672,1.3938645,1.4152925000000003
37.067245,1.8383927,1.8623238
30.930851,1.2218733,1.2187259
34.84687,1.6084843,1.6231964
37.14334,1.0754313,1.0683072
31.399475,1.6935105,1.7095208
36.62871,1.8037786,1.8282658999999999
31.064018,1.7030631,1.7257762
36.00281,1.1120055,1.098531
38.686005,1.4539009999999999,1.4611148999999999
35.044735,1.4116552,1.4115415
34.52025,1.1523969,1.1374731
35.41041,1.3453172,1.3451598
34.247528,1.2845763,1.2924392
34.94187,1.2666239,1.2677636
36.73722,1.4699445,1.4799674000000003
31.991652,1.3306947,1.3295872
38.442253,1.2003789,1.1999912
32.00824,1.538999,1.5671878
35.395786,1.1519904,1.1417017
39.66323,1.1895821,1.1897379999999997
32.168343,1.9037786,1.9451492
32.5257,1.59532,1.617682
37.449768,1.5353401,1.5450003
39.385586,1.0943455,1.0781453
38.29065,1.3707674000000003,1.3771822000000002
31.755545,1.5898716,1.5970786
38.298767,1.6269183,1.6382954
31.323355,1.6089877,1.6150656000000003
39.95821,1.6471035,1.6711037
31.591837,1.6988349,1.7083738000000002
36.741116,1.7170053999999997,1.7458738999999999
37.107952,1.1348823,1.1354656
36.663506,0.9091185,0.86213464
36.897552,1.208909,1.2103570000000001
31.321962,1.2849458,1.298012
39.443695,1.838244,1.8668348999999997
30.691238,1.3556675,1.3632147
38.994102,1.1215199,1.1070821
31.624619,1.2699164,1.2684872
39.665627,1.3063079,1.314461
35.420654,1.415529,1.4169416000000001
39.40102,1.3335569,1.3342981
30.335735,1.3345778,1.333385
32.777847,1.4334482,1.4396316999999998
39.115604,1.5257106,1.5402202999999999
33.69009,1.8049881,1.8285613
32.666054,1.4074345,1.4118884
30.103567,1.8317993,1.8501793999999998
35.163326,1.6824031999999998,1.6995660999999997
35.106148,1.3621966,1.3632667
39.608143,1.3508046,1.3526711
34.683537,1.5630972,1.5714281
30.800486,1.0838916,1.0729612
31.669193,1.5240787,1.5325873
33.09246,1.5712262,1.5801072
32.77025,1.6668363,1.6745740999999998
31.47229,1.8052351,1.8041208
31.66637,1.7667477,1.7832222
32.815254,1.7661585999999998,1.7730943999999997
33.11551,1.4778743,1.4581516
38.905453,1.364308,1.3655334000000001
32.551968,1.4431704,1.4520876
30.42482,1.8629047,1.8864598
32.09037,1.4599255,1.4601998
34.538414,1.2581513,1.2642422
38.688766,1.3725451,1.3783264
37.01062,1.4139729,1.4156108
39.3552,1.09636,1.0766387
34.854057,1.6337982,1.6352116999999997
38.432976,1.0500242,1.0310066
33.272,1.484898,1.4946105000000003
36.620007,1.7946509,1.8203778
35.228714,1.7982346,1.8236921000000001
34.848118,2.0387409,2.0559568
35.69029,1.6638398,1.6764919999999999
39.03183,1.6290536,1.6411578999999998
33.906025,1.4960163,1.4962249
38.19295,1.1726031,1.1664562
39.223427,1.6805589,1.6915084999999999
32.782036,1.9571552000000003,1.9728346
33.489067,1.5604103,1.5745239
39.12641,1.2857341999999998,1.2913293999999997
39.59825,1.2231106,1.2349266999999997
33.33175,1.670767,1.681808
37.36895,1.2469531,1.2514832
32.88556,1.6310363,1.6418278
32.93667,1.1306919,1.126287
37.244213,1.2758931,1.284308
34.620277,1.6163523,1.6253419
39.855904,1.398693,1.4031889999999998
38.085773,1.7579328,1.7753517999999997
33.215782,1.8747724,1.9095163000000002
34.524914,1.3948364,1.4022577
33.60516,1.365138,1.3726866000000002
34.43501,1.2408853,1.2372267
37.606052,1.7070402,1.7198021000000001
34.65733,1.3115526,1.3082385
39.362885,1.0143843,0.9840243
35.03903,1.0579827,1.0291302
38.90233,1.4094276,1.4185678999999998
35.953213,1.4958856,1.497875
37.76825,1.2062573,1.2067945
32.98064,1.739456,1.7386808
30.44975,1.1476637,1.1705835
33.831394,1.7427846,1.7578022
31.198177,1.3734261,1.3832121
38.02431,1.655187,1.6708915
35.32893,1.315697,1.3412177999999997
34.663605,1.8384909999999999,1.8729171999999998
34.24866,1.9101607,1.9424829999999997
31.151262,1.2817881,1.2854531
34.423523,1.4917738,1.5023096
33.840733,1.8270725,1.848145
34.779354,1.2546072,1.2697175
35.16508,1.1546727,1.1475992
38.891384,1.5033095,1.5057706999999998
32.415997,1.45545,1.4609809000000002
36.062313,1.6787683,1.6867721
38.522076,1.2269807,1.2295349000000002
31.360992,1.7961206,1.8200154000000002
37.801212,1.4840751,1.4893987
30.63761,1.4650767000000002,1.4708462000000002
35.0534,1.5440284,1.5663679
30.28171,1.7460366,1.7648950000000003
39.72421,1.5349561,1.5483623
35.7402,1.4486448,1.4523249
30.932756,1.2466838,1.2516787
38.338646,1.3257208,1.3237457
31.150442,1.0647687,1.0509404
34.587254,1.4867711,1.4903982
37.325615,1.6093414,1.6124301
34.541725,1.5673945,1.5802547999999998
34.951706,1.5174972,1.5411293999999998
30.231533,1.4197768,1.4148977
32.84003,1.3310599,1.3390138
34.28279,1.9341711000000001,1.9468589000000005
33.57826,1.2393794,1.2313676
34.23582,1.4319004,1.4404886
37.202087,1.6131983,1.618161
36.346405,1.4767134,1.4902685
39.620255,1.5477765,1.5634544
38.870148,1.1798441,1.1810846
37.98734,1.8614621,1.8904947999999997
36.9451,1.3837515,1.3940096
38.990738,1.2319841,1.2475328
34.973045,1.5140819999999997,1.5157331999999997
36.310196,1.1669255,1.1673768
39.86955,1.3013259,1.3104656
32.9327,1.1573293,1.1578312
38.890045,1.6119210999999998,1.6381000999999995
39.39028,1.9732239999999999,2.0125868
33.75194,1.6237078,1.6285574000000003
35.081905,1.5125315,1.5350528
30.419683,1.4960238,1.5083780000000002
38.340664,1.7676715,1.7931836000000003
31.58862,1.4119047,1.4196022
32.172913,2.0416594,2.075342
34.14109,1.9326941,1.9489862999999998
31.997053,1.9322196999999999,1.9701215999999997
36.10951,1.3213174,1.3254688
37.23041,1.1094698,1.0897026
38.09373,1.4789202,1.4858184
32.144928,0.9814457,0.96265566
34.962135,1.3511572,1.3711009
39.14758,1.9798578,2.010346
37.070133,1.449281,1.4526291
37.246075,1.2685779,1.2765536
31.147926,1.7113608999999999,1.7207302999999998
32.685986,1.6351314,1.6528227
37.37443,1.5994515,1.6086874000000002
30.15069,0.9486723500000002,1.0300844
39.15367,1.8627053,1.8791714
36.371826,1.7997482,1.8117230000000002
33.388435,1.7027239,1.7250562
39.226234,1.0721978,1.0612699
35.662712,1.5681957,1.5834072
39.46487,1.1264241,1.1220484
35.661636,1.143821,1.131933
36.056965,1.4769958000000003,1.4828522
30.733067,1.6380509,1.6457357
32.42999,1.2114748,1.2157013
31.49212,1.1998582,1.195945
33.05965,1.5511967000000002,1.5647163000000002
39.927597,1.2755836,1.2842188
35.712143,1.8709447,1.8884816
36.269794,1.1809883,1.1741917
34.46189,1.3650753,1.3737862
31.376972,1.1897184,1.1844852
30.842232,1.7835431999999998,1.8129708999999998
39.036774,1.3861974,1.3991601000000002
38.278748,1.0865625,1.0637739
39.38589,1.4262596,1.4272039000000003
34.155758,1.1994321,1.2100334000000001
37.23917,1.5648474,1.5715418
35.47532,1.3138473,1.3072877
38.072433,1.6302688,1.6353598
36.63999,1.0607735,1.0323983
33.804695,1.6094026999999997,1.6285359999999998
35.41761,2.0397005,2.0840867
39.138752,2.0160732,2.05248
37.594902,1.6472903,1.6522371999999999
30.909967,1.5260876,1.5313051
30.16565,1.4125155,1.4220233
34.945404,1.4162405,1.4208611999999998
31.321327,1.4585473999999998,1.4728409999999998
39.733864,1.602452,1.6077111
34.29045,1.1944807,1.1963947
38.701954,1.9295389999999997,1.9643468999999998
30.191242,1.0903447,1.0622895
38.18975,1.7509247,1.7696419000000003
31.69928,1.636531,1.6450974999999999
36.231613,1.0641857,1.0359844
31.466295,1.756737,1.7788217
30.700144,1.3584405,1.3728092
33.15957,1.0832921,1.0618222
33.943127,1.596693,1.6010957000000001
36.414177,1.3073661,1.3112566
35.49208,1.8288374000000003,1.8446655000000005
39.92037,1.62047,1.6390152
30.957476,1.7110043,1.7185561999999999
32.186672,1.3456309,1.3517411
37.77653,1.3316724,1.3401810999999997
31.113667,1.7320008000000002,1.7458897000000002
39.21651,1.2488561,1.2502389
33.81484,1.209436,1.2047806
39.05707,1.5238243,1.5294898
39.272644,1.4580741,1.4666629
31.555204,1.5134715,1.5218501
35.74599,1.3775015,1.3824673
39.9536,1.440318,1.4535813
31.384275,1.4565048,1.4613388
37.724655,1.3768997999999997,1.3881198999999997
32.448006,1.163298,1.1565709
33.763615,1.3525043999999997,1.3638183999999998
34.17533,1.6124817,1.6356165000000003
31.518974,1.2810388,1.2930915
30.31568,1.668805,1.6922119
30.046448,1.6819535,1.7005105000000003
38.576427,1.4081964000000002,1.4193845000000003
35.922684,1.9394048,1.9642153
38.20437,1.2385217,1.2419739
33.657608,1.3443480999999997,1.3416444999999997
37.61825,1.3348564,1.3413002
37.52403,1.4579517,1.4658026999999998
31.422178,1.6325217,1.6578615
39.327225,1.7862277,1.8122532
31.865192,1.382751,1.3794413
32.193863,1.7838675,1.8084125999999998
32.074272,1.5660002,1.5640633
34.803905,2.101918,2.1435006
33.0536,1.4514751,1.4593244000000003
32.01076,2.0209897,2.0465145
36.16175,1.6576016000000002,1.6729581000000004
39.676067,1.4002446,1.4093971
34.764687,1.3863062,1.3923752
33.541332,1.732666,1.7635164000000003
33.776962,1.6664011000000003,1.6797602000000005
33.77961,1.9064726,1.9345303
30.99141,1.435925,1.4479563
35.239407,1.3802426,1.3822165
35.855858,1.2573225,1.2598471999999998
36.441685,1.3396347999999998,1.3411988999999997
37.05193,1.3430843,1.3528233
35.285378,1.5142237,1.5205319
30.308968,1.4623716,1.4839854
37.660515,1.5591435,1.5856452
34.87158,1.3625234,1.3618217
38.406097,1.9602634,1.9965806
36.681526,1.0392709,1.0195353
36.415333,1.609403,1.6134590999999998
37.04385,1.1910336,1.1703792
34.559174,1.2487842,1.2479343
39.60104,1.6688123999999998,1.6758498999999998
37.871456,1.3453566,1.3553615
32.920273,1.2773472,1.278328
33.495518,1.6039568000000002,1.6194150000000005
34.22304,1.5059195,1.5219239999999998
36.112896,1.3951322,1.3997309
33.91851,1.897992,1.9150548
33.290432,1.7476852,1.771883
35.61237,1.6545101000000002,1.6807637
32.215355,1.8667326,1.8807535000000002
35.128654,1.5086908,1.5190237
31.15286,1.9191643,1.9611826
30.18344,1.8021004,1.8371401
34.934193,1.2309567,1.2313209
37.441704,1.0684979,1.0517764
36.919067,1.4286371,1.4316808999999997
36.951843,1.7418514,1.7557402
30.99848,1.3005339,1.3076527
31.84321,1.5020816,1.5051634
34.866104,1.1849947,1.1791828
39.37435,1.300956,1.3090498
31.421236,1.4062592,1.4214604
37.0876,1.6635298,1.6642182
32.120506,1.7452862,1.7647173000000003
30.697596,1.2045876,1.2117019
36.874886,1.3249911,1.3395147
39.71712,1.7257563,1.7511255999999997
37.350105,1.3115194,1.3210921000000002
35.75988,1.5195055,1.527878
32.14421,1.6804689,1.6974822999999999
32.433643,1.1940765,1.1953917
30.797464,1.8891267000000003,1.9076705000000003
39.310314,1.3443792,1.348181
36.40713,1.2146206,1.2062039
32.201843,1.6756344,1.6858144
35.453876,1.7021189999999997,1.7386390999999999
31.184397,1.6826922,1.6955503999999997
33.83027,1.3423083,1.3392987
38.049137,1.8785586000000003,1.9084246000000002
36.20196,1.6293701,1.6358887999999998
37.656387,1.9063567000000001,1.9379160000000004
32.2439,1.3583821,1.3657825
34.746117,1.1831331,1.1693237
34.837135,2.013557,2.0457969
35.414406,1.6770675,1.6827595
31.431871,1.3755591,1.3766875
33.81719,1.4356992,1.4354677
33.3199,1.7945081,1.8161118
37.54638,1.1423757,1.1369975
37.716988,1.306749,1.3067331
30.958864,1.4071469,1.4184312999999997
35.468723,1.9717328999999997,2.0037267
32.93684,1.6272811,1.6494424
39.49631,1.4592007,1.4691145
34.377254,1.413105,1.4175813
30.114237,1.6824521,1.6911106
31.591623,0.9417931,0.9491499700000001
31.599527,1.3332694000000003,1.3436909000000001
38.654118,1.379814,1.3866236
34.222225,1.2801892,1.2849693
39.056747,1.9005394,1.9007410999999999
36.31449,0.9283365,0.86576474
34.24683,1.2923357,1.2970324
33.366837,1.5198649,1.5392759
32.917355,1.4767673,1.4979677
38.038383,1.9061007000000003,1.9437959
32.73358,1.3717257,1.3886796999999997
36.798874,1.6716088000000002,1.6857126
34.79437,1.3224365,1.3394272
39.94452,1.3064823,1.311522
38.414845,1.3058162,1.3157043
30.66958,1.9768368000000003,2.0023792
33.04185,1.3824111,1.3950987
39.06365,1.9653453,1.9948058
33.525192,1.5181917,1.5272448
36.844093,1.1444427,1.149792
34.790535,1.1283239,1.1130471
30.209953,1.9175832,1.9583286999999998
30.670128,0.9977189000000001,0.9817898000000002
36.226604,1.3644092,1.3816833
36.873085,1.7075809,1.7117081
37.046535,1.2359151,1.2331319
32.81269,1.5659099,1.5809371
38.77481,1.4930589,1.5068266
30.976862,1.5713207999999999,1.6017450999999998
38.9102,1.2621938,1.2688212
31.055046,1.216783,1.2202413
32.846806,1.4547927,1.4587216000000003
33.865814,1.109108,1.0958238
38.382614,1.4025089,1.4200332
34.107224,1.4490383,1.4512756000000002
36.257637,1.9998993000000003,2.0362113000000006
38.160133,1.6003064,1.6137604999999997
38.14073,1.613746,1.6232183
33.01108,1.4988059,1.5171165
33.254765,1.0449353,1.020261
35.083755,1.4845325,1.4952095
31.991673,1.5886090999999998,1.6017259999999998
37.782246,1.3127632000000002,1.3245661000000002
34.363495,1.8549109,1.8838344
34.19384,1.2856259,1.2869236
30.180462,1.4605471,1.4765459999999997
30.538662,1.4565924,1.4754229000000003
37.01568,1.2707953,1.2705312
39.032845,1.2365593,1.2389972000000002
36.14204,1.2225033,1.2260821
31.61432,1.4827182,1.4923077
32.450176,1.8266386000000001,1.8628750000000005
38.455643,1.5796962,1.5777285
33.134544,1.553649,1.5561776
34.910275,1.2799048,1.27494
38.511124,1.4095207,1.4120204
32.53656,1.7173726999999999,1.7368994
31.332483,1.3041977,1.2983248
33.397675,1.3552401,1.3666179
37.424206,1.6520543,1.6596483999999998
37.46942,1.6041633,1.6161686999999998
34.99538,1.8033133,1.8301810999999997
35.804417,1.5602452,1.5706594
31.28202,1.5399283,1.5507418999999998
39.88343,1.5564754,1.5665054000000003
31.489058,1.5985858,1.6042607
35.806103,1.5129579,1.5265238
35.770103,1.401916,1.4010191
36.223694,1.8517206,1.8586545
37.5415,0.9425022,0.90896845
38.500423,1.8378308,1.8595492999999998
39.9145,1.5375046,1.5444889
33.59499,1.8571367,1.8831985
30.784834,1.709545,1.7424614000000003
32.253464,2.1383808,2.1829972
36.867958,1.1247636,1.1189477
35.097885,1.410544,1.402942
36.966007,1.2201015,1.2317189999999998
36.065304,0.9339673,0.8896983
32.24194,1.4557154,1.4658761
35.610073,1.1457987,1.1433573
35.950363,1.9169363,1.9389403000000003
34.26691,1.2825115,1.2831203999999998
36.712753,1.7030491,1.7174308000000003
36.20738,1.7148833000000003,1.7326312000000001
32.33316,1.4873837,1.4912763
37.695267,1.3696233,1.3840734999999997
33.283585,1.2875626,1.2915556000000001
35.8966,1.28723,1.2917330000000002
37.738163,1.9923453000000002,2.036009
30.184332,1.1622406,1.1483641
30.029552,2.0936234,2.1005278
31.66086,1.6362376,1.6541522
32.55815,2.0511112,2.1011088
34.08238,1.6800745,1.6921386999999999
34.30578,1.2682134,1.2711548999999998
32.420784,1.5898129,1.6012774000000003
36.065296,1.2387335,1.2331965
35.55477,1.585362,1.5947386999999997
30.445332,1.3539107000000001,1.3571811000000003
35.035286,1.3200887,1.3293180000000002
32.90366,1.3363982,1.3459747
32.332222,1.1860143,1.1837823
39.484882,1.3827707,1.384212
39.91434,1.6395192,1.6492836
35.02147,1.5220524,1.5413333999999999
34.831104,1.1238079,1.1185708
32.76405,1.3799752,1.3874309
38.11829,1.4464942,1.4516056
34.88374,1.3320937,1.339617
34.772232,1.493921,1.5155368
31.764984,1.4336708,1.4489777
33.11597,1.3121324,1.3242147
36.263077,1.7863795999999998,1.8174244999999996
35.58234,1.8306317,1.8484275000000001
30.771229,1.469041,1.4799004000000002
31.289776,1.0725312,1.040215
31.137478,1.28729,1.2946899
36.819042,1.9098864,1.9318972000000003
33.276424,1.6865888,1.6891665
30.04693,1.5610498,1.5692316999999998
35.86888,1.7536701999999997,1.7608875999999998
35.093185,2.0047941,2.0165834
33.47908,1.4488559999999997,1.4545521999999997
32.195114,1.2679101,1.272902
32.18747,1.4439471,1.4438248
35.915512,1.2196347,1.2324364
38.042713,1.114768,1.096855
35.746147,0.8957959,0.8432318
31.364498,0.9075204,0.8624199
33.46305,1.6966797,1.7152176
30.912712,1.9845798999999997,2.0188498
30.59161,1.7520286,1.7805612
39.68355,1.8138175,1.8318179000000003
30.132608,1.5916258,1.589154
33.351357,1.383966,1.3938594
31.686665,1.593232,1.6199608
33.937725,2.111908,2.15076
35.371372,1.7347239000000003,1.7419090000000002
37.884804,1.9732563000000003,2.0086591
33.065132,1.4375192,1.4410365
35.32155,1.6146039999999997,1.6291355999999995
39.508915,1.5841316,1.5975776
33.828014,1.3404638,1.3563425999999998
38.16901,1.6124785,1.6270185
32.5372,1.5738144,1.5952713
32.236355,1.2388012,1.2402334
32.431686,1.3280107,1.338826
34.040176,1.191165,1.1826072
30.461538,1.4102066,1.409383
39.541115,2.0168607,2.0619326
34.79997,1.7649579,1.7843685
38.635464,1.0903057,1.0745306
36.802113,1.2014453,1.1972125
37.76308,1.9769236,2.0175235
35.111927,1.6758606,1.7006736
33.180405,1.1429996,1.1343455
31.828121,1.6185448,1.6227430999999999
30.085886,1.4670284,1.4739463
32.806248,1.5313554,1.5529292
32.549553,1.9595206,2.00387
38.544987,0.9935826000000001,0.9609682000000002
37.08892,1.421842,1.4543679
35.71246,1.6845443,1.6811223
30.004677,1.3039778,1.297991
38.10358,1.5104907,1.5211225
39.777645,1.9741648,2.0022867
31.208483,1.4888831,1.5033097
31.12543,1.94484,1.9617290000000003
33.863342,1.4276358,1.4281318000000003
34.619637,1.6134583,1.6216884
33.789837,1.3691901,1.3671763
36.136517,1.3209409,1.3263357
38.606247,0.9814451300000001,0.9483236700000001
37.544453,1.6003987,1.6131456
38.493847,1.6510348000000001,1.6527627000000003
36.878994,1.5393168,1.5492167
37.201942,1.7891263,1.8175473000000002
31.867476,1.4821951,1.493912
35.3961,1.5082548,1.5050998
33.42731,2.0381787,2.0746987
37.807404,1.4588176,1.4681697000000002
35.895912,0.91095877,0.88638574
36.134445,1.3367971,1.3493207
36.09609,1.8175435,1.8442163
31.25245,1.3548105,1.366092
33.752045,1.7041168,1.7219448
33.589233,1.3857517,1.3900771000000003
31.336702,1.3806164,1.3970077
32.714813,1.3153554,1.3274014
31.331886,1.7658054,1.7718376999999998
33.608967,1.1094339,1.0879421
32.169945,1.4639839,1.4814503
34.220028,1.4036664,1.4071903
36.26146,1.3613726,1.3683077999999997
31.831938,1.6771542,1.7013938
38.800034,1.776824,1.7991436
38.217316,1.3030969,1.3058462
34.662594,1.7743297,1.7947078
38.056435,1.9585253,1.9830983000000002
35.418262,1.3195695,1.3331628000000002
32.08075,1.611746,1.6281628999999997
39.001396,1.6295551,1.6379771
33.383423,1.3413633,1.3524773
36.56104,1.749726,1.7751307
34.421654,1.5045605,1.5105495
31.849173,1.6878055,1.7200072
32.759148,1.945322,1.9929004
39.750526,1.3663868,1.378283
30.77543,1.5023433,1.5137749
34.607674,1.4374697,1.4439494999999998
34.0784,1.7403357,1.7647672000000003
33.95266,1.2289615,1.226886
32.802883,1.6482046,1.6584208
39.692413,1.5769513,1.5833173
31.655792,1.0790169,1.0698028
38.804737,1.3714479,1.3812904
33.127655,1.3293371,1.3236692
31.799177,1.2655964,1.2513442
38.52011,1.4029218000000003,1.4144933000000002
33.49056,1.5085487,1.5139933
39.91926,2.0578692,2.0857532
39.768604,1.1537431,1.1484537
38.415092,1.7573564000000002,1.7864807000000003
34.43577,1.4976358,1.5068936
31.494617,1.9057257000000003,1.9244776000000001
37.95176,1.1224264,1.1072791
35.62869,1.1674348,1.1582847
32.005623,1.4356749999999998,1.4419431999999999
39.401047,1.5040402,1.5226383000000001
32.40933,1.4708897,1.4923432
36.11598,1.6827973000000003,1.7005620000000001
31.717434,1.6106822,1.6084936
31.370432,1.0092502,0.9807386
33.13849,1.4651581,1.478059
39.74505,1.4827192,1.4938157
36.002537,1.7202103,1.7307231
38.741394,1.2220604,1.2199924
35.537453,1.7318949,1.7551227000000003
33.637337,1.6477387999999997,1.6610078999999995
38.405,1.7051127,1.7254794
32.14727,1.8079338,1.8271313
36.80419,1.4434347,1.4505653
34.17952,1.2811422,1.2896379999999998
30.175919,1.367582,1.3780293
37.59763,1.364404,1.3665144
33.905247,1.1600682,1.1481323
38.506664,1.6374596,1.6485608
30.87012,1.7791235,1.8066735
35.29825,1.4203107,1.4292581
36.245155,1.8900443,1.9202026999999997
38.114548,1.3221871,1.3220768
37.875996,1.8934100999999999,1.9145771999999999
39.834435,1.5051348,1.5170097000000002
37.00232,1.610678,1.6254616
39.47209,1.6384186,1.6442749999999997
37.328896,0.9510215,0.91447407
34.885277,1.9026409999999998,1.9476845
34.786,1.413206,1.4150546
32.139835,1.5218569,1.5293526999999998
37.65192,1.285988,1.3024875999999999
36.487606,1.3854849,1.3900628
31.82688,1.47782,1.4896158999999998
39.66005,1.777867,1.7929398999999997
32.13792,1.5037881,1.5117476
39.143272,1.7673018,1.7924504000000003
39.950493,1.5159128,1.5208573
31.273497,1.4787335,1.4960779999999998
35.981003,1.1981577999999997,1.1975306999999997
31.441853,1.4477898,1.4600182
38.422245,1.2685272,1.2674563
38.302917,1.9945858,2.0378335
33.349644,1.3728003999999998,1.3673967999999999
35.288666,1.4538591,1.4716139
35.37494,1.6265894,1.6368301
38.48138,1.6994044999999998,1.7084277
35.487377,1.4335896,1.4407818
32.508644,1.3545847,1.3705711
37.43356,1.9419683,1.9596305
33.066685,1.2357168,1.248776
35.765305,1.1169804,1.0996574
39.3594,1.2225006,1.2188749
34.697628,1.8938437,1.9306345
31.608768,1.2113979,1.2089546
32.434277,1.6556518,1.6699979
33.519196,2.0404181,2.0807037
30.276781,1.558629,1.5790485999999997
36.51788,1.8031468,1.8275833000000001
35.991673,1.819794,1.8435678
37.330257,1.746389,1.7595222
39.007835,1.4969606,1.505578
32.532646,2.0112638,2.060297
31.215033,1.4094044,1.4155278
31.757576,1.5422982,1.5486175999999998
30.09176,1.9764049,1.9952136999999999
34.185467,1.2754544999999997,1.2861163999999998
39.646732,1.6863015,1.6953402000000002
32.38021,1.4116309,1.4266951
30.562056,1.3457522,1.357938
30.247128,1.1339484,1.1138406
37.88263,1.6655612,1.6759334
34.35614,1.6009979,1.6073160000000002
39.840584,1.1157305,1.0962336
32.09259,1.4392983999999998,1.4421565999999997
37.9833,1.2988094,1.2930789
32.673187,1.6234672,1.6432652
31.969063,1.0546438,1.0342908
31.406073,1.567117,1.5879712
35.59123,1.2293615,1.2244189
31.980501,1.8200678,1.8467638000000002
33.17059,1.2809968,1.2769339
33.10374,1.3073485,1.3023074
34.145145,1.8462959999999997,1.8630637999999997
33.662155,1.2318617,1.2269533
36.23956,1.291531,1.2962804000000003
38.234665,1.2678087,1.2651367
37.26591,1.9536871,1.9747378999999998
37.410763,1.8731931,1.9118434999999998
37.748962,1.3981433,1.4026963999999997
37.0638,1.2163811,1.2123654
38.22999,1.7877191,1.8027136000000001
34.891407,1.7454673,1.7667070000000002
39.84889,1.3410596,1.3507056000000002
39.014984,1.741121,1.7639716
32.13673,1.8301858,1.8564279000000001
34.503067,1.3001477,1.3025918000000003
32.467525,1.8402478,1.8535297000000002
39.811985,1.3149258,1.320499
31.265158,1.6520175,1.6803894000000001
36.28942,1.8433743000000002,1.875648
36.81411,1.245887,1.2477229
33.508236,1.1867625,1.1826131
34.200962,1.6020538,1.6144196999999998
35.707485,1.2419964,1.2351313
39.802612,1.2048886,1.2001309
35.193527,1.1938628,1.1976719
33.177505,1.4709203000000002,1.4711308
33.43594,1.1342442,1.1454456
31.907001,1.5812736,1.6017528
30.168612,1.7008808000000002,1.7155774
30.318653,1.0262327,1.0044931
38.94911,1.7234668,1.7484362
34.1608,1.8140541,1.8386219000000001
38.617424,1.1486875,1.1436636
32.932148,1.5729754999999999,1.5810188999999997
35.519302,1.9223845,1.9386857
33.228973,1.1730697,1.1585648
36.480137,1.5309864,1.5298522
36.06588,1.7192607,1.7356001999999997
36.977367,1.3929694,1.4037193999999997
36.145283,1.708767,1.7349994
37.161514,1.2897159,1.2987368
37.254013,1.3916629999999999,1.3981849999999998
32.61491,1.1160498,1.0944278
36.759254,1.0206071,0.99665946
34.554276,1.6768892000000002,1.7077851000000002
36.838173,1.4435114,1.4374232
38.553463,1.4552382,1.4590237
32.580276,1.7693267,1.7930369
38.28563,1.3350484,1.3432754999999998
38.651615,1.3400836,1.3472152
30.103971,1.4443882,1.4359925
37.35875,1.5615202,1.5710711
31.500507,1.8388733,1.8679762
34.44255,1.1507033,1.1559563
39.501442,1.1791415,1.1716378
30.204084,1.7765211,1.7976123999999998
37.563354,1.2157086,1.2046735
35.130035,1.4491401,1.4557989
35.71411,1.5138324,1.5306854
34.036247,1.8520352,1.8647819
34.291416,1.5284134,1.5363499999999999
30.706198,1.8186749,1.8439059
30.935513,1.4797283000000003,1.4805362000000002
38.053043,1.3544562,1.3604076
35.09403,1.2486956,1.2562823
37.216084,1.5370355,1.5408914000000002
31.988014,1.9421829,1.9521253
31.71658,1.3615764,1.3495388
37.842766,1.9723535,1.9964128
34.11396,1.1326287,1.1250601
36.90888,1.6329502,1.6436149999999998
30.366013,1.3458769,1.3547406
38.374504,1.7097077,1.7279859
39.44979,1.5656285,1.5754851999999997
35.79604,1.7687056,1.7700732000000001
36.03838,1.5228577,1.5422206000000003
30.789312,1.33207,1.3418024000000002
36.090015,1.5791625,1.5970733
34.118237,1.3794982,1.3817601
36.22443,1.4356428,1.4285183
32.95486,1.8751764,1.9019885
30.572092,1.0288008,1.0148549
31.003471,1.4724486,1.4718022
31.235748,1.4693992,1.4762383
39.531128,1.6402906,1.6431395999999998
33.386658,1.5618353,1.5769653
32.310974,1.2876403,1.2900293
38.253014,1.2347143,1.2331996
34.278385,1.5250244,1.5444689000000003
37.817963,1.3006182,1.2991986
36.100113,1.1045668,1.0993328
33.575485,1.7346262,1.7553034
31.83572,1.2971544,1.294801
39.5329,1.4602174,1.4599314
36.68929,1.376439,1.3782214999999998
30.03667,1.2927033,1.3026299999999997
30.939713,1.4494181,1.4533899
36.218864,1.7520015,1.7809525000000002
37.446136,1.3949157,1.4054828
35.278378,1.30377,1.3261745
37.90028,1.7358458,1.7627871
35.60965,1.4945729000000003,1.4982553000000003
31.812191,1.5547264,1.5726863999999998
31.32353,1.4473654,1.4517596000000001
30.12031,1.5927951,1.6068570999999998
36.070847,2.008078,2.046139
39.166153,1.2725234,1.2676911
38.840538,1.4093703,1.4235008
34.95007,1.304651,1.3146450000000003
39.67998,1.1960971,1.2028490999999997
39.876366,1.321965,1.3315465
35.384983,1.7464932,1.7664610999999997
36.472122,1.7464815000000002,1.7625017000000003
36.222553,2.0533805,2.1167495
35.78098,1.0697944,1.0411718
36.68634,1.7857343,1.8117154
37.12405,1.0818613,1.0553796
39.38356,1.2824472,1.2853180999999998
32.413948,1.5498513,1.561626
37.380013,1.5810354,1.5944125999999998
38.026077,1.0226727,0.98495835
36.056656,1.1364037,1.1134825
31.848402,1.2633295,1.2710888
37.185684,1.6512386,1.6619885
36.202065,1.6149244,1.6356153
39.49364,1.4716717,1.470861
35.714577,1.1808532,1.1729348
31.934855,1.3809183,1.383235
34.04921,1.2847497,1.2956088
36.8586,1.4005508,1.4170113
37.510357,1.7956407,1.8368339999999999
32.634933,1.6442775,1.6662059
33.140198,1.3755537,1.3837559
33.29278,1.2720402,1.2784283
33.85643,1.615823,1.6406305
32.23858,1.568457,1.5799627000000003
30.188404,1.4174433,1.4243704999999998
39.57126,0.96180046,0.91426086
38.273663,1.2139543,1.2169433
35.835323,1.4717603000000001,1.4848583
38.88211,1.3916274,1.3925629
36.667706,1.7516382,1.7471354
30.096474,1.1822155,1.17367
39.392956,1.5232549,1.5378828
38.786987,1.9483864,1.9745952999999998
35.502144,1.3018334,1.3085968
32.451046,1.5881093,1.5948799000000002
30.294281,1.5532695,1.5552695000000003
31.928326,1.2320759,1.2420728000000003
34.087666,1.3247585,1.3235598
35.685738,1.3289609,1.3338568
35.59521,1.8728501,1.9108953000000002
30.49508,1.1211524,1.1004725
36.69525,0.96028316,0.9167128
31.602417,1.5930655,1.5912387
31.284317,1.3152027,1.3200235
38.714325,1.0481746,1.022808
36.934837,1.3129699,1.3258488000000002
33.023735,0.9949282399999999,0.9636758599999999
33.47277,1.8103694,1.8215401
34.955338,1.4578174,1.4786448
34.178795,1.5339718,1.54899
37.48697,1.2980945,1.2942502
36.507095,1.8863019,1.9155738
39.815983,2.1235883,2.1532965
37.154762,1.0997837,1.0833604
34.48571,1.4313123,1.449394
33.071487,1.5121874,1.5139546
36.512676,1.3175695,1.3238986
36.149815,1.1262344,1.1231961
34.218082,1.6292638,1.6439917
31.946629,1.2294348,1.2310514
33.144474,1.8086327,1.8447626
34.05257,1.6703719,1.6788765999999997
32.431145,1.1071074,1.108396
39.426464,1.7041343,1.7229455
33.28158,1.179549,1.1789432
35.813175,1.3924279,1.3920689
31.421402,1.5400821,1.5492802
31.821672,1.0557376,1.0318866
31.771738,1.6835708999999999,1.6923385
39.611008,1.4633577,1.4850328
33.568233,1.0958523,1.0559093
32.30786,1.1600238,1.1538672
30.683996,1.6208558,1.6340766000000002
35.24221,1.6495169,1.6723244
32.0267,1.5845374,1.5966384
35.10491,1.4390304,1.4458218
31.410608,1.2472233,1.2542098
38.587082,1.3627024,1.3717942
32.084908,1.3495402,1.3616776000000002
30.405499,2.0191998,2.0644684
37.883255,1.9811823,1.9994902999999997
36.555874,1.2197386,1.2068696
35.233578,1.3830729,1.3840863999999997
30.534185,1.3836491,1.3860984
35.50708,1.5555618000000002,1.5717225000000001
34.2425,1.3474936,1.3498112999999998
37.777824,1.933514,1.9554458
31.532381,1.5117481,1.5201301999999999
34.77102,1.8243228,1.8383934000000002
35.941837,1.7109264,1.7411158
34.141014,1.3038589,1.3034365
32.79998,1.2653341,1.2655518
39.801037,1.6798233999999999,1.6965809
35.83997,1.8654886000000002,1.900518
33.76454,1.8422434,1.8742901999999997
39.448513,1.6094955,1.6227155
34.7103,1.4761987,1.4868828999999997
36.726402,1.9289851,1.9511330000000002
34.45164,1.1014622,1.0775557
38.276848,1.6986799,1.7097089000000003
32.09071,1.309463,1.3193853
38.930737,1.1685684,1.1620164
33.09709,1.5363307,1.5363622
37.40731,1.6477857,1.6577494
36.22737,1.3016747,1.3047801999999997
39.619083,1.7018019,1.7184234
36.983517,1.6630003,1.6762528
36.807774,1.5885320999999997,1.6015357999999997
38.718105,1.5938457,1.6146824
30.753593,1.445011,1.4556209999999998
31.515219,1.3205726,1.3307304000000002
36.004013,1.5234779,1.5329871
31.384665,1.8907533,1.9185197
30.82261,1.6462498,1.6553421000000001
36.36632,1.5668598,1.5724351
32.211266,1.4029566,1.4093229999999999
32.035088,1.9940562,2.001485
39.275303,1.1637938,1.1562622
34.986183,1.0416328,1.0211604
33.780937,1.6388183,1.6521056
34.965855,1.4904006,1.4891875
31.74556,1.7065545,1.7160101
31.796513,1.2999836,1.3055933
35.749413,1.4433354,1.4548109
34.516014,1.9599029999999997,1.9864737999999997
35.818924,1.8489166,1.8606532
33.230732,1.1625288,1.1645589
37.088524,1.2115562,1.2009549
39.834587,1.3004391,1.3108623
37.477573,1.1965301,1.199256
36.809593,1.2571644,1.2458279
31.898125,1.7278041,1.7501562
31.364592,1.5602188,1.5699965999999999
37.123863,1.9016527999999997,1.9175803999999996
32.603226,1.1208798,1.1069455
36.485214,1.605734,1.6280322
33.555725,1.223137,1.2214375
34.38484,1.0583514,1.0389558
39.214767,1.523781,1.5323541
39.296936,1.4148883,1.4207039
36.14998,1.518262,1.5255189
35.432606,1.2829794,1.2847126
36.919712,1.0824401,1.0777394
35.935257,1.7592963000000001,1.7880743000000001
35.431404,1.7705122,1.7944102
38.008743,1.5594759,1.5775149000000002
35.449875,1.9474723,1.9714805999999998
38.97388,1.2546023,1.260411
35.506912,1.3495729,1.3557098
38.60706,1.7866429,1.7966018
32.441433,1.5103191,1.5119596
32.262188,1.4825313,1.4878261000000002
31.460386,1.7568086,1.7788377000000002
35.212894,1.3988564,1.405942
31.61797,1.3397183,1.3529763
32.245705,1.3019726,1.308594
37.65442,1.1764066,1.1680217
37.72494,1.7013161,1.7120273
30.805553,1.2093571,1.2038629
39.969032,1.6043353,1.6132395000000002
36.62841,1.4974482,1.5062621
30.323484,1.4866998,1.4996307
32.491516,1.3973489999999997,1.4001095
31.974976,1.335691,1.3454676
33.72131,1.3725641,1.3688602
36.77913,2.0381114,2.0786443
37.625885,1.7768455,1.7926067999999997
38.282547,1.1835408,1.1873541000000003
34.793232,2.0196445,2.0562289
30.65733,1.4146558,1.4116056
33.373524,1.2649543,1.2677276000000002
39.23263,1.19578,1.2012231
36.802505,1.3595918,1.3634369
33.892056,1.467849,1.4790542
33.480522,1.3419541,1.3372498
36.09382,1.5429087,1.5523700999999999
33.167397,1.3398802,1.3463957
30.768093,0.89037967,0.85733414
30.408915,1.7994357,1.8123040000000001
38.619022,1.5937253,1.5967071000000002
35.002693,1.3963486,1.3936312
32.58006,1.5659254,1.5746009000000003
34.53621,1.0584033,1.0374972
36.11951,2.0521135,2.0795534
35.28039,0.98517615,0.9659161
31.025814,1.6066373999999999,1.6206368999999998
34.47467,1.418332,1.4262667
37.667076,1.4356712,1.4354668
35.258175,1.8373749000000001,1.876893
32.89956,1.737088,1.7554226
38.423004,1.4622829000000002,1.4874868000000003
36.93327,1.4446317,1.455749
38.472153,1.5662303000000002,1.5726972000000001
37.122833,1.5322142,1.5396457
35.87133,1.4357083,1.4433722
36.547485,1.3006986,1.3094879999999998
33.721554,1.4562149999999998,1.4681355999999999
34.951927,1.1950053,1.1884575
32.272057,1.7862245000000003,1.8155460000000003
30.71191,1.417733,1.4260042
39.334625,1.451863,1.4527259000000001
39.096172,1.3808621,1.3870912
39.5468,1.991762,2.042807
38.22934,1.5390368,1.5383966
31.948633,1.1606008,1.1692092000000003
39.870743,1.3942926,1.4004540000000003
39.00486,1.7105442,1.7227379999999999
34.522343,1.6819476,1.6907718
32.095215,1.2511634,1.2545717
36.989094,1.5090083,1.5112027999999997
30.707878,1.6575754,1.6627312000000003
32.24582,1.4867287,1.4873308999999997
32.222786,1.7549798,1.7853117
30.745268,1.5964365,1.6063534999999998
32.77642,1.3651184,1.371073
37.36853,1.5831438,1.5930521
39.57846,1.7774588,1.8022783000000002
39.44754,1.6849047,1.6961684
35.04661,1.1248398,1.124583
32.68183,1.0040765,0.96092397
37.190407,1.0383499,1.0014653
30.479408,1.9308872,1.9519730000000002
39.052025,1.0727546,1.060435
33.56627,1.9578316,1.9950061
38.640244,1.4682659,1.48912
33.359646,1.3335158,1.3315954
37.26245,1.0764897,1.0515544
35.190517,1.7457966,1.7703893
30.255564,1.6827464999999997,1.7149521999999995
30.390652,1.8214058,1.8485286
32.77072,1.3290429000000001,1.3343549000000003
36.427395,1.622945,1.6305273
31.22773,1.4537791,1.4540006999999997
37.811092,1.2282858,1.2197647
39.359623,1.3289603,1.3401482
33.196377,1.4323064,1.4361706
37.634182,1.4762198,1.4807762999999998
33.08411,1.1462746,1.1266134
32.07734,1.9042510000000001,1.9376476000000002
35.089203,1.7452025,1.774759
31.093868,1.2981284,1.3207881000000001
36.50621,1.5607069,1.5659671000000002
30.964441,1.4545941,1.467912
35.41317,1.7115571000000003,1.7314370000000001
37.201614,1.0678209,1.0481398
39.673702,1.2691424,1.2733786
32.267544,1.8148657,1.8407055999999997
32.02842,1.9341058,1.9442663000000002
33.84428,1.3384264,1.3340511
30.082588,1.8718235,1.9063361
32.50945,1.7118878,1.7273313999999997
37.171818,1.6127329,1.6194413
32.871037,1.8125508,1.8323038
30.894136,1.0361317,1.016556
31.721836,1.5663911,1.5927745999999998
32.087746,1.5261562,1.5236444
37.160748,1.4530401,1.4724014000000003
32.178482,1.189368,1.1822498
32.12889,1.9234014999999998,1.9589619999999999
34.011913,1.8652873,1.9031725
33.864162,1.6736548,1.6918875999999998
38.72611,1.3641274,1.3795266
37.38048,1.7983546,1.8065243
30.178745,1.5353441,1.5508955
39.498062,1.7023118,1.7196460000000002
35.6831,1.417672,1.4259192999999997
33.880264,1.5969634,1.6084382999999998
36.29706,1.591204,1.6004658
32.53524,1.3758025,1.3948843
30.620558,1.2988068,1.3167846
30.591408,1.53751,1.5426706999999997
31.121405,1.3898644,1.3992416999999997
39.97081,1.4275714,1.4318378
31.345293,1.2427534,1.2330492
31.057106,1.2973174,1.2954884
35.396587,1.458295,1.4693699
33.932625,1.8534356,1.8657860999999998
34.601437,1.3479482,1.3568444000000002
32.48116,1.456113,1.4759557
39.092274,1.4229873,1.4218578
30.73344,1.7834417,1.8077493
36.392513,1.3134329,1.3117983
31.314816,1.7131293000000003,1.7284954000000003
32.637882,1.2332414,1.2315044
36.053482,1.2294028,1.2211771
30.610584,1.590491,1.6044433
31.308983,1.6793014,1.6873596000000002
37.697403,1.3158125,1.3219483
37.107307,1.4250187,1.4278047000000003
36.564697,1.9105489,1.9400736999999997
37.163803,1.0703197,1.0398927
35.815285,1.2491487,1.2536547
35.979095,1.8249305,1.850261
31.004898,1.4152508,1.4201875
38.681515,1.520559,1.5367682
38.64831,1.5405927,1.5518944
32.15268,1.3919593,1.3900721
39.719555,2.0129666,2.060859
37.823833,1.2710903,1.2741935
36.05987,1.6259006999999999,1.6514906999999999
30.563335,1.916141,1.934197
39.323242,1.2975966,1.2969279
35.21431,1.8576522,1.8838031
39.597897,1.3362226,1.3450620000000002
35.519238,1.4627271,1.4719257
31.754948,1.3503933,1.3496258
34.90833,1.0824971,1.0656755
39.2082,1.3857331,1.3960028
39.166145,1.2018901,1.2012506
35.73039,1.9060928999999998,1.9262748
33.782654,1.7408983,1.7581282
38.880333,1.8114114,1.8366859
34.148403,1.5494543,1.5789718999999998
33.23429,1.4820492,1.4844494
38.935257,1.6517089999999999,1.6590883999999997
37.122036,1.0068145,0.96554714
33.385544,1.1164464,1.1048539
31.084139,1.8366452,1.8625982
33.271664,1.6805488,1.6907136000000003
31.909086,1.9108304,1.9633441000000003
31.246334,1.2604069,1.261235
31.613693,1.5005858,1.517735
38.074574,0.89425915,0.84294194
38.57251,1.4237057,1.429198
38.93512,1.4533193,1.4586692
39.46043,1.5797378,1.5853348000000003
33.48465,1.3767442,1.378463
34.717896,1.7914715,1.8059675999999998
35.2016,1.538063,1.5473561
36.919395,1.8326926,1.8598923999999997
36.926796,1.2914189,1.2939024
38.900814,1.1205297,1.1036663
35.446598,1.3149836,1.3319595
34.51866,1.3580736,1.359271
31.254805,1.6177189999999997,1.6324009999999995
34.265594,1.6611365,1.6661922999999998
30.962759,1.5364366,1.5657899000000002
30.459076,2.0718772,2.1146379
36.78806,1.7677283,1.7805474
39.71404,1.6542491999999998,1.6616849999999999
35.59331,1.1618516,1.1487992
34.62126,1.2597557,1.2647898
36.638836,1.198838,1.204349
30.690577,1.3841743,1.3832567
39.521572,1.0403763,1.0114347
34.028866,1.6806589000000003,1.6843276000000005
35.465107,1.5782281,1.5890057
35.46522,1.8593925999999998,1.8691899999999997
32.343594,1.9078300000000001,1.9327345000000005
36.249294,1.4840004,1.491288
38.450314,1.4245454,1.4341109
33.73028,1.2914511,1.294744
34.25401,1.5872121,1.5901833
38.238274,1.3650336,1.3686721
39.971752,1.4793688,1.4906904999999997
31.624798,1.8136997,1.8373622999999997
35.959763,1.8244873,1.8562775
36.183712,1.8170575,1.8562231000000002
34.54592,1.3253895,1.3355102999999997
35.97323,1.9030551,1.9245121000000003
31.640963,1.4820993,1.4939442
39.402504,0.9308011,0.8717816
38.831333,1.3615812,1.3722062
38.45329,1.6865972,1.7052932
34.633213,1.2988553,1.3098648000000002
38.849438,1.259408,1.2675911999999998
38.717026,1.854435,1.8811228
36.943504,1.4980104,1.4997902
31.64905,1.0982026,1.078265
36.380703,1.6778458,1.6981808999999999
35.358067,1.5551162000000003,1.5626147000000001
32.233593,1.4750896,1.4889433000000003
34.868736,1.2814666,1.2836920999999997
39.939182,1.5977992,1.616524
33.607704,0.9720439,0.9415804
33.442738,1.1498313,1.1425991
30.647123,1.6447216,1.6643515
37.06794,1.1362612,1.1250939
38.528152,1.0936595,1.0751476
30.39518,1.4452214,1.4451177
35.250843,2.0213516,2.03426
37.386864,1.1097442,1.114337
34.638195,2.1003954,2.1475081
31.530752,1.3693585,1.3683965
35.38209,1.2527684,1.2494438
35.829468,1.389994,1.4038643999999998
31.126972,1.4126,1.4225626000000002
38.196117,1.7591697999999998,1.7684286
32.102085,1.0838859,1.0593498
36.643627,1.2721944,1.2746538999999997
31.853209,1.2846243,1.291297
36.272396,1.3681107,1.3745305999999997
37.56207,1.4076676,1.4086139
34.364082,1.1161848,1.1038623
31.414566,1.9145497000000002,1.9455309
39.808487,1.1910015,1.1943195
31.167803,1.3223674000000003,1.3279812000000002
31.551704,1.0620688,1.0398228
32.451374,0.9784548,0.92204624
31.982561,1.9688239,1.9894068000000003
34.582973,2.1587167,2.189351
35.88641,0.9552983,0.89658475
34.817146,1.5512795,1.563566
34.686283,1.092646,1.0778885
31.597712,1.1373348,1.1302929
33.326305,1.0914792,1.064451
34.247387,1.7485738,1.7846303000000001
36.99737,1.3435313,1.3489392000000002
31.8987,1.3277942,1.3411237999999999
30.606611,1.3198444,1.3064225
37.806156,1.4086251,1.4190431
30.797037,1.4420935,1.4414074
31.355618,1.4718752,1.4846165
38.7045,1.6877898000000002,1.7015276000000004
37.036922,1.3123958,1.3212483
34.962452,1.6309477,1.638766
39.840904,1.4617497,1.4684744
38.904625,1.1310968,1.1143711
35.651104,1.2958524,1.3051956
35.9401,1.0790684,1.0607798
39.618336,1.2069483,1.2131066
36.779243,1.2589818,1.2590632
30.50627,0.96255153,0.9136789
39.997543,1.312215,1.3202562
39.009827,1.0554484,1.0279222
36.226242,1.740469,1.7776700999999997
33.418182,1.3021277,1.3124534999999997
35.753525,1.2030011,1.2061030999999998
38.959633,1.6915658,1.7060489999999997
37.645443,1.3240842,1.3288171000000002
34.681576,1.7742635,1.7823889
39.937782,1.0764333,1.0710621
31.878803,1.6866011999999997,1.7138800999999997
35.47479,1.1949008,1.1932113
30.92737,1.9671139999999998,2.0038952999999995
39.41153,1.1502614,1.1450002
32.50849,1.5233914,1.5179739
31.927013,0.9834626000000001,1.2653155000000003
30.480246,1.6337322,1.6472716
38.331413,1.4231925000000003,1.4363325000000002
37.85047,1.9055539000000001,1.9434977000000002
39.61388,1.2211703,1.2249675
32.45117,1.7347837999999998,1.7491511999999998
33.312553,1.098351,1.0813138
34.808437,1.9453588999999998,1.9791656
36.09998,1.7380508,1.7481918000000003
30.105873,1.3506192,1.3531251
39.600533,1.7369106,1.7501911999999997
36.433895,1.3364352,1.3364122
32.223213,1.3931358,1.3977355999999999
38.559998,1.5315163,1.5361621
31.82838,1.235639,1.2375690999999998
35.759064,1.7633379,1.7835889
33.10978,1.2990944,1.3055031
32.496517,1.5212703,1.5242343
35.182236,1.9905887,2.0177634
36.307354,1.6010425,1.6217511000000002
38.03349,1.3066894,1.3274288
30.012953,1.6112536,1.626328
39.657227,1.568634,1.5736442
39.107876,1.4569426,1.4726601
35.882923,1.8200749,1.8451037000000001
39.01454,1.199956,1.1981237
38.50134,1.0933017,1.1002285000000003
35.30624,1.5420502,1.5463388
37.31343,1.1190429,1.1087604
32.384197,1.5197366,1.5334527
35.428005,1.5851116999999997,1.5986487999999999
35.816742,1.560656,1.5793312
34.711292,1.2408358,1.2468292999999997
37.3598,1.4465092,1.4619818
35.229004,1.8553594,1.8763399000000003
30.982098,1.2565769,1.2556453
37.181404,1.5408549999999999,1.5477618999999998
36.49567,1.695136,1.7151785
38.94786,1.464216,1.4732599
35.30813,2.01517,2.0595574
32.869633,1.7566587,1.7772443
34.992275,1.7151418,1.7476803999999997
32.54865,1.731641,1.7482748
30.05215,0.89498025,0.8665252
36.219776,1.2301652,1.2335753
35.321537,1.4015785,1.3989983
30.896952,1.4637889,1.4612398
38.17131,1.3843474,1.3914224999999998
37.367546,1.6443104,1.6527525999999997
37.25873,1.3236463,1.3282864
31.244026,1.4718416,1.4900165
32.778442,1.7340159999999998,1.7496611999999996
38.02788,1.3767334,1.3807094
37.191853,1.3914627,1.4001062000000002
33.651127,1.4443377,1.4469652
33.254536,1.6564068,1.6809995
32.68972,1.6882458,1.6997969
32.552456,1.8255743,1.8384593000000002
38.369343,1.8119962,1.8330612
37.8907,1.9676311,1.9937658
30.092854,1.5795155,1.5797834
32.72528,1.7955521,1.8049948
35.218628,1.2206187,1.2216544000000003
34.647,1.2820764,1.2812083
36.555824,1.6438575,1.6576393000000003
33.176502,1.1919426,1.1792347
31.071268,1.9999672999999998,2.0170286
37.2032,1.4776728,1.4880059
39.83814,2.1302185,2.1550605
34.578403,1.2706628,1.2742682
30.224953,1.4051492,1.4009373
38.164658,1.5777668,1.5789714
36.024914,1.388069,1.3981301999999998
35.73109,1.1219712,1.1187501
35.1419,1.2429005,1.2384775
35.554363,1.2052717,1.2058241
34.591198,1.0324562,1.0075681
30.362265,1.3957772,1.4104826
30.436394,1.2300166,1.2197256
34.05087,1.3272616999999998,1.3388010999999995
38.15914,1.3567631,1.3575268000000003
30.062698,1.7950722,1.8284328
35.592308,2.0727377,2.129628
32.637066,1.070975,1.0527539
37.586716,1.4614060999999998,1.4643893
38.994728,2.028179,2.0448291
30.152193,1.4392244,1.4562023
37.995827,1.4215407,1.4299839000000003
33.05149,1.9449888000000002,1.9862290000000002
32.252464,1.5515988,1.5751545
32.620724,1.7572662,1.7788419999999998
34.50415,1.6023196999999998,1.6100484999999998
33.11732,1.2572271,1.2627634999999997
32.68286,1.3206254,1.3286295
31.624056,1.3746895,1.3777057999999998
34.935463,1.9420973,1.9743237000000002
32.40634,1.4913702,1.5137819999999997
31.896627,1.610153,1.6269295
35.760033,1.2433391,1.2364557
31.265688,1.5006979,1.5078003
36.901188,1.1088598,1.0837183
34.585182,1.938095,1.9522817
36.13041,0.9805238000000001,0.9475934500000001
39.794495,1.7309451,1.7535102
39.185562,1.531223,1.5372567
34.999626,1.3474994,1.3594732000000003
35.381004,1.6549966,1.6640460000000001
35.599552,1.4564059,1.4590878
30.574787,1.3363526,1.3534105000000003
33.57181,1.3043946,1.3087614
36.45495,1.193239,1.194258
33.19071,1.4077052,1.4052875
38.526802,1.4141588,1.4256697
36.12487,1.9735318000000002,2.0079057000000002
32.701363,1.2760079,1.2845716
39.198967,1.8496804,1.8815032999999999
36.143993,1.5048121,1.5093269
39.03773,1.9315902,1.9559028
31.374134,0.99077857,0.94981545
37.70211,1.6100266,1.6270144
33.025234,1.6566036,1.6752448
34.857605,1.2781532,1.2821436
32.678444,1.3494284,1.3442442
31.197832,1.4369067,1.436104
34.454063,1.376152,1.3857043
33.131187,1.2895068,1.3012803
31.490158,1.4117914,1.4204667
37.045376,1.2181917,1.2226008999999998
30.99218,1.6096964,1.6109445
30.15646,1.6452262,1.6575055
38.915787,1.7250222,1.7472043
39.7452,1.3254281,1.3414826
38.110115,1.6096492,1.623791
38.565014,1.6856686,1.7068858
32.04647,1.1052967,1.0872719
30.850311,1.9185983,1.9479921
39.51507,1.4617006,1.4701657
35.651627,1.4343624,1.4404578
36.186302,1.7145439,1.7332849999999997
37.200943,1.417426,1.4224842
37.592686,0.9715062999999999,0.9230680999999998
33.308674,1.7496432,1.7725134
36.706097,1.331937,1.3398764
34.996414,1.1095371000000003,1.0907756000000002
37.892647,1.9980033999999998,2.0412592999999997
33.62045,1.75971,1.7758582000000003
31.00106,1.6628028000000001,1.6796007000000002
30.461193,1.3934357,1.3948259
36.905266,1.574288,1.5768592
34.745155,1.150213,1.1538036
35.60383,1.6519864,1.6514168
39.6231,1.0956608,1.0874962
33.5561,1.7418354,1.7570417000000003
30.211178,1.0719674,1.0526768
31.674555,1.9076172,1.9243071000000003
33.696564,1.9227473,1.9346564
35.765347,2.1235998,2.1465294
35.001495,1.6164699,1.6328890000000003
33.039055,1.3309612,1.3242936
38.602425,1.2852653,1.2943454
36.584972,1.8592379,1.8906593
30.670246,1.2794551,1.2885847000000001
31.703407,1.2388009,1.2319984
36.891766,1.7959384,1.8308632000000002
37.12188,1.5104269,1.521049
34.997223,1.1917791,1.1760306
33.2397,1.4405677,1.448241
32.736435,1.4499942,1.4541333
32.99137,1.5579405,1.5658685999999997
30.106062,1.8871021,1.9360161
33.561367,1.1474407,1.1372108
32.9911,1.4754664,1.4930642
38.625435,1.5966946999999998,1.6125268999999998
30.118477,1.3157483,1.3165514
34.66023,1.4464449000000001,1.4590368000000005
36.360203,1.9912802000000003,2.0150914000000006
33.256237,1.3988119,1.4052850999999997
37.949436,1.1225945,1.1210673
35.908134,1.7219748,1.7306681
31.000813,1.1116174,1.1053
31.003145,1.7100916,1.7220209000000002
31.10925,1.1773547,1.175307
38.39135,2.0032876,2.0227315
30.880436,1.4686743,1.4741108
31.022114,1.6650264,1.6874808999999997
36.220543,1.8002907,1.8223298000000003
32.202904,1.3106359,1.3241827
38.276947,1.2664769,1.2643516
34.427372,1.2824094,1.2828655
35.06627,1.1428268,1.1363502
32.625854,1.5458555999999999,1.5609435999999999
30.977158,1.6141793,1.6385353
38.655178,1.4211372,1.4247487
32.07662,1.526987,1.5432153
34.98456,1.4646059,1.4717832
32.336407,1.2189364,1.2295821
39.402084,1.1455259,1.1475271999999999
35.157047,1.6019211,1.6133368000000001
35.78097,1.2141106,1.2187905
33.26779,1.1312984,1.12674
39.59235,1.9673471,1.9985669000000001
32.91663,1.3655006,1.3800883
30.468662,1.845784,1.8695251999999998
30.202,1.6080695,1.6156864000000002
30.57699,1.3058758,1.3076841999999997
37.04745,1.0805765,1.0601369
31.13969,1.7108713,1.724797
37.176228,2.046309,2.0676374
31.941002,1.7532623,1.7667966
38.83888,1.3523392999999997,1.3577839999999999
35.11277,1.5303384,1.542232
39.841396,1.7677812999999998,1.7772120999999999
39.116013,1.6168265,1.6215143
36.73435,1.6829230000000002,1.7010949000000002
37.71273,1.2600363,1.2773719000000001
35.600483,1.3365983,1.3454156
36.121857,1.6648166,1.6721592000000003
38.30856,1.8768023,1.9186029999999998
31.350159,1.2503709,1.2522879
30.039536,1.7078514,1.7236316000000003
33.846294,1.1490625,1.1451113
35.661423,1.1380125,1.1243443
38.91871,1.7478955000000003,1.763917
31.669115,1.4682219,1.4637966
38.526646,1.3037928,1.3154826
32.069725,1.7901325,1.8020463
37.762897,1.8672402,1.8959322000000003
30.519451,1.1925094,1.1966147
37.56169,1.9419807,1.9848852
30.103508,1.1596291,1.1526396
34.235783,1.6081581,1.6266472
30.011255,1.7660737000000002,1.796777
34.212498,1.4627734,1.470927
30.024757,1.4357321,1.4378318999999997
34.545822,1.5928226000000003,1.5991681
34.1812,1.6038772,1.6129751
34.36094,1.3736631,1.3785326
34.16166,1.625256,1.6326125
36.88211,1.7501568,1.7623358
31.78809,1.4739391999999998,1.4886273999999997
38.346863,1.1040173,1.0916283
34.325653,1.2926731000000002,1.2809529000000002
32.516987,1.3867127000000001,1.4122858000000005
32.19818,1.3511426,1.3614962000000002
31.568228,1.7975082,1.8229648999999999
37.21467,1.4175518,1.4285984
31.983646,1.7858922,1.812851
34.501137,1.4427801,1.4450220999999999
32.395206,1.4393373,1.4458721
32.352314,1.3135676,1.318039
35.63746,1.2905672,1.3058529000000003
34.156513,1.6351051,1.6455939
35.215183,1.3584614,1.3703083999999999
39.24644,2.1214511,2.1707263
30.423677,1.7254598,1.7413061000000003
34.580914,1.3370535,1.3366189
37.57274,1.194804,1.1865466
38.951897,1.0583729,1.0236847
36.42166,1.7826437,1.8053243
35.637154,1.7152967,1.7367673
31.766336,1.2762685,1.27665
32.337505,1.9390585,1.966289
33.907154,1.2599559,1.2505774
37.201714,1.6813585,1.70069
31.0359,1.1467324,1.1560454
35.587032,1.5176586,1.5244844000000002
39.55649,1.9632639,1.9816767999999998
36.7035,1.494946,1.5069291999999999
37.056305,1.3502041,1.3552983
36.29296,1.3390365,1.3412747000000003
39.766457,1.6279459,1.6456480000000002
33.680195,1.6095426,1.6291976
34.34429,1.423887,1.4314098
30.214205,1.5650669,1.56622
34.743935,1.9671172999999997,2.0072376999999997
32.00245,1.314063,1.3179078
35.593124,1.1186359,1.0967617
31.478542,1.4260578,1.4170516
39.479397,1.5504426,1.5662791999999999
39.585423,1.5404602,1.5463545000000003
37.73633,2.0977929,2.1424055
37.324917,1.535333,1.533469
34.59929,1.4718683,1.4727868999999998
30.376947,1.381004,1.3827012
30.80464,1.6176633,1.6303356000000002
31.16898,1.3930326,1.4019941999999999
38.725475,1.5091441000000003,1.5223222000000005
32.929165,1.3727207,1.3862495
30.571085,1.4551641,1.4645138000000002
35.402325,1.1479318,1.1419499
36.25943,1.5981637,1.6176906
37.045612,2.0899534,2.1342733
37.490135,1.6506406,1.6613247
32.072628,1.3906580000000002,1.3974738000000002
38.249092,1.7707554,1.7994494
39.665585,1.2481353,1.2461615
35.59262,1.3659453,1.3739228
30.219965,1.3339008,1.34956
39.774883,1.5151218,1.5266857
35.856003,1.7912169,1.8068764
34.068787,1.5988266,1.610945
34.650116,1.4818566,1.4984026000000001
34.79617,1.3012286,1.3034859
30.603977,1.178324,1.1705511
31.651608,1.9299145,1.9545691000000003
32.409203,1.38637,1.4024342999999997
30.42403,1.2170222,1.2253764000000003
30.312088,1.7561553999999997,1.7852463999999995
31.699944,1.5394741,1.5489166000000003
34.928047,1.6340548,1.6408391
33.24379,1.8791412,1.9074333
37.934433,1.5457602,1.5552365999999997
33.270958,1.974734,2.008052
38.590668,1.3992592,1.4094276
37.14449,1.4568168,1.4619002
30.200052,1.4614174,1.4753965999999998
38.489662,1.5153272999999998,1.5294525999999995
34.359814,1.1074523,1.0766094
36.82908,1.824683,1.8561344
31.265114,1.126798,1.1053593
39.597374,1.8326862000000002,1.8617365000000001
38.136738,1.0479947,1.0348439
34.10493,1.0562072,1.0498817
30.524555,1.6728051,1.6844239000000003
37.85088,1.6518043,1.6651456
32.881557,1.2025517,1.2023549
39.015892,1.5812309,1.5936875
36.860043,1.4263546,1.4355142000000003
31.005224,1.2221707,1.2206202
31.445913,1.3934987,1.3931372
34.616737,1.5752386,1.5776892
31.363997,1.0048003,0.9869956
30.842587,1.5156350999999997,1.5282144999999998
39.967224,1.3937492,1.4054291
31.586924,1.4280318000000003,1.4261153000000002
36.615776,1.3495824,1.3516939
39.41637,1.7942224,1.8179814999999997
34.514023,1.7844576000000003,1.8035600000000005
38.540176,1.2530134,1.2421191
39.15062,1.4235767,1.4289257999999998
30.720245,1.0359508,1.0033308
36.43735,1.39274,1.4006822000000003
36.54925,1.2081066,1.2055151
30.447412,1.0238041,1.000613
32.903957,1.0757161,1.0515758
39.900726,1.5277861,1.5362859
30.763634,1.2388959,1.2329974
34.180637,1.2966428,1.2917769
39.328617,1.8759279,1.8992121
39.75178,1.7345729,1.7498523999999998
38.508217,2.0800576,2.1331322
38.32323,1.530921,1.5359426
34.400784,1.1636243,1.1622891
36.80506,1.7420957,1.7646222
33.407433,1.4333415,1.4504411000000001
37.467373,1.3948402,1.4019139
38.73895,1.4957104,1.5116456
33.639164,1.7666732,1.7867372
34.992355,1.2881105,1.2910318
39.480965,1.3617512,1.3650897
32.384842,1.4800531,1.4881973
34.60466,1.3094187,1.3222361
31.428474,1.3108429,1.3173454
33.743885,1.5958524,1.5998621
35.00061,1.0730572,1.0487664
32.435772,1.3179299,1.3194232
39.219616,1.4247633,1.4311061
35.330105,1.5075842,1.5276959
33.30423,1.1930494,1.1944335
32.177574,1.1233351,1.1102054
30.198326,1.6585691,1.6689959
30.32804,1.8969463,1.916424
36.298363,1.4836007,1.4998236
32.692184,1.7414963,1.7599604000000002
33.882175,1.4374422,1.4354489
32.62232,1.9630320999999997,1.9965359999999996
37.192562,1.5261004999999999,1.5290996999999997
38.015366,1.2547148,1.2622682999999997
36.827873,1.7935355,1.810616
34.151035,1.8735951,1.9087862999999998
34.129993,1.4838419,1.4975209
32.617107,1.4685475,1.4799151
32.78578,1.0757053,1.0579879
39.71018,1.6730813999999998,1.6867928999999997
38.73724,1.5019513,1.5084495999999998
31.834883,1.5115397,1.5177634000000002
39.84154,1.4497773999999999,1.4532315999999998
37.342155,1.3329396,1.3318493
35.70093,1.407096,1.4182911
38.88724,1.1514068,1.141331
38.22798,1.0754443,1.0523021
35.80117,1.7510519000000002,1.770345
36.246468,1.356803,1.3560314
38.62007,1.1237278,1.1080568
36.361656,1.3583496,1.3676953
36.319458,1.9493647,1.9604197000000003
33.506733,1.4718052,1.4766948000000002
31.405441,0.9801637,0.93553394
30.685717,1.2628603,1.2689531000000003
32.15657,1.2428128,1.2269189
36.164177,1.3358634,1.3313291
37.606712,1.5465516000000001,1.5587320000000005
39.280117,1.4936172,1.4947257
35.883812,1.4340913,1.4427804999999998
36.828083,1.4339999,1.4504542
35.23284,1.275827,1.2656982
30.804302,1.5172284,1.5180783
37.967148,1.3940023,1.4016128
30.832867,1.0756652,1.0522914
31.26302,1.9179763,1.9410675000000002
33.31634,1.6458910000000002,1.6602159000000005
32.637268,1.7357818,1.7412624
30.009502,1.3446734,1.3583636
33.488605,1.073732,1.0631504
31.02033,1.5478377,1.5546112
32.644737,1.4962703,1.5021355000000003
38.048756,1.7747676000000001,1.7943390000000001
37.569122,1.1615025,1.1531732
30.071785,1.2912673,1.3052784999999998
31.184116,1.707402,1.7202623
38.065456,1.6016883,1.6121826
36.859997,1.7014049,1.7074089
36.805355,1.0276579,1.0070095
34.792282,1.0086017,0.95468503
32.36321,1.9760772,2.0197334
32.620514,0.9977717399999999,0.9759012999999999
32.900757,1.0768644,1.0487165
39.340893,1.0077176,0.9568801
36.551903,1.6515334,1.6535408
33.173332,1.570856,1.5705051
38.884777,1.6448009,1.6549256
30.753048,1.89457,1.9190485
34.972282,1.3640229,1.3672764
32.784073,1.4392064,1.436687
35.429832,1.0274776,0.99420786
32.305496,1.7163595,1.7372813
37.292145,2.0557704,2.0977333
32.017128,1.4297377000000002,1.4525065000000001
36.517525,1.6647624,1.6735845
31.181334,0.996797,0.9596911
36.679512,1.6528103,1.6600727999999998
36.219715,1.6774500000000003,1.6923633
35.44052,1.8270003,1.8498141999999997
32.44515,0.92755854,0.8941552
31.041086,1.4570557,1.4536335
35.151043,1.1482776,1.1456056
34.036526,1.5826513,1.5981898
32.534897,1.4488122,1.4480996
39.326,1.6275319999999998,1.6320292999999997
37.5279,1.3274255,1.3428769
36.43494,1.723068,1.7577004
35.39818,1.2402649,1.2420034000000002
37.60066,1.0044954,0.9626849
33.362564,1.4661523,1.4689022999999999
33.783123,1.7237368,1.7395172000000003
37.363487,1.4822755,1.482553
31.987297,1.7243391,1.7455363
38.670593,1.9355944,1.9597814
30.578917,1.3321726,1.3462119
38.812157,1.4653513,1.4700153
30.70034,1.1846641,1.1977878
31.883352,1.5881671,1.5998728
31.233885,1.1062132,1.106277
31.949074,1.314662,1.3177931000000003
36.059456,1.3394599,1.3448844000000002
33.757977,1.4447163,1.4540833999999998
38.111687,1.9256425,1.9639384999999998
36.146168,1.2540888,1.239079
30.871876,1.2312584,1.2250543
38.83216,1.5144426,1.5161371
39.450745,1.0518599,1.0329561
34.587826,1.925036,1.9601719
37.699024,1.1908151,1.1808383
32.570843,1.7683075999999998,1.7914771999999999
33.69742,1.5060529,1.5174029
30.084793,1.2158368,1.2010343
39.74555,1.2769473,1.278646
30.866701,1.6626935,1.6828009999999998
32.504272,1.2085931,1.2009764
36.972675,1.3554415,1.3622861
30.45075,1.1592286,1.1577468
38.519444,1.391398,1.4020462
34.250687,1.5538875999999997,1.5699803999999997
32.533253,1.2343496,1.2332451
33.172062,2.090881,2.1522853
36.506992,1.1271019,1.1249859
39.823235,1.3213501,1.3248608
37.91616,1.2686123,1.2756307
35.52168,1.0278652,0.9950362
34.610634,1.0826399,1.0660856
38.98085,1.4023331,1.4114952
30.046034,1.4264008,1.4309738
31.027819,1.1027557,1.0929329
34.723816,1.6546886,1.6663885
30.65025,0.9774354000000001,0.9374072600000001
36.769638,1.6653053999999998,1.6699838999999999
37.597565,1.9767702,2.0184538
31.010534,1.2302505,1.2244551
38.41099,1.8564824,1.8848324
30.737059,1.3167962,1.3346186
32.63211,0.9370363,0.9231654
38.13989,1.559554,1.5821571
33.436108,1.471753,1.4857001
31.713366,1.2995874,1.304044
35.267765,1.1697117,1.1704475999999997
37.6207,1.3382123,1.3393327999999998
38.179314,0.947413,0.91809547
34.36055,1.8706167,1.9202661999999997
35.91585,1.7051661,1.7283651999999998
39.90223,1.8756235,1.9037789999999999
32.91103,1.0171026,0.99050796
32.07929,1.3325661,1.3401134
35.309338,1.467702,1.4627373
34.689564,1.0047959,0.97291195
37.39422,1.4758085999999997,1.4728567999999997
34.794044,1.7079551,1.7262773999999999
30.474676,1.2442899,1.2307332
30.33909,2.0768456,2.103353
36.468987,1.9181539,1.9354067
30.815977,1.5345007999999998,1.5270614999999998
30.050058,2.0094328,2.0409274
31.94412,0.98137015,0.948254
38.120365,1.4792913,1.4935064
36.58065,1.6470791,1.6623292000000003
36.964195,1.210553,1.2043309
37.380096,1.3600794999999999,1.3722455999999998
31.214708,1.9740756,2.0121038
35.712215,1.5270056,1.5173671
37.728676,1.5245844,1.5261011
36.8229,1.2204825,1.2251441
30.906881,1.5748085,1.5839042999999997
34.55955,1.3677158,1.3688717000000001
30.46562,1.4511025,1.464783
38.515976,1.5653785,1.5755649000000003
33.081882,1.9986367,2.0276577
32.914825,1.354959,1.3681309
37.24146,1.7111377,1.7255385
31.391026,1.6702236,1.6782718
31.42559,1.3591052,1.3566749
39.79745,1.5530623,1.5652914000000002
35.8092,1.7008533,1.7282758
33.573666,1.176541,1.1673536
36.65839,1.5846912,1.5996096
33.884335,1.3874035,1.4105182
32.297356,1.8884463,1.9222035
33.145844,1.3236952,1.3335435
35.444477,1.9060684,1.9453095999999999
34.78555,1.0729907,1.0600884
33.38432,1.3231249999999999,1.3246328999999994
33.068687,1.5360502,1.5442381
33.57631,1.2554199,1.2568433
35.075027,1.3833394,1.3856599
34.409126,0.9818621,0.94631416
39.544147,1.4516644,1.4474545
31.91942,1.837858,1.8797193
35.042343,1.6540926,1.6721945
34.29932,1.2706398,1.2766967
31.263033,1.6050001,1.6137415999999998
30.248087,1.8729113000000002,1.8948438000000005
35.217518,1.2437506,1.2455225000000003
34.330036,1.2233993,1.2213745
32.649696,1.4847054,1.4858475000000002
33.576107,1.6982769,1.7219228999999998
35.535515,1.9512554,1.9836841
38.819294,1.741298,1.7534924
33.23669,1.8802685000000001,1.9127524000000005
37.475292,1.2946855,1.2952809
39.749275,1.1096891,1.0948417
31.12083,1.4978924,1.4986346
31.94667,1.4305954,1.4326596
30.623133,1.9388746,1.9829612
39.78223,1.8614942999999997,1.9001945999999998
30.687336,1.5190031999999998,1.5256642999999999
36.54744,1.7224762,1.7335837000000003
36.1655,1.7447401000000002,1.7742424000000003
35.145287,1.9679207999999997,1.9935962999999999
36.817028,1.1440135,1.138423
36.521652,1.3654267000000002,1.3669372000000002
39.21777,1.6715250999999998,1.6848136999999999
33.18853,1.4338329,1.433723
36.68425,1.6063172,1.626009
37.465096,1.6513985,1.6665511000000002
35.347973,2.0313766,2.0721114
38.94911,1.2866143000000003,1.2878971000000003
39.401028,1.9719558999999998,2.0119953
38.473545,1.3484656999999998,1.3541123999999998
35.54956,1.3313558,1.340852
37.179554,1.7367307,1.7451141
30.159637,1.2098012,1.2033019
35.866154,1.3164489,1.3142467
33.570503,1.7418711,1.7589276000000003
36.681046,1.5719118,1.5887544
32.69764,0.97257936,0.93908924
38.811512,1.3443534,1.3578086
37.718956,1.5268211,1.5360708000000003
35.94976,1.8408642,1.8662629000000002
30.783981,1.3340372,1.3395543000000003
33.035915,1.6118978,1.6305876
30.322872,1.5107677,1.5086741
35.96341,1.9868516,2.0246413
34.987576,1.3688378,1.3787374
30.776464,1.5606534,1.5780662999999997
31.912363,1.0959452,1.0842457
31.10476,1.4066021,1.4238490999999998
32.110725,1.3284111,1.3245094
36.64089,1.0584774,1.0377438
39.80332,1.8411086,1.8670935999999998
39.792027,1.7571297,1.7697468
37.170788,1.5497388,1.5687857
36.451405,1.5848514,1.5962558000000002
37.519344,1.1941547,1.1887879
36.05674,1.2949517,1.3082201
37.403603,1.6151088,1.6368501000000002
30.257168,1.3699715,1.3802496999999998
39.896248,1.6533409,1.6589465
36.503883,1.5069298,1.5206792000000002
38.347317,1.7612519,1.7884430999999998
33.978527,1.6021659,1.6168593999999998
35.265587,1.5540069000000003,1.5576720000000002
35.887016,1.6103383,1.6264367
30.954418,1.2898203,1.2929462999999999
35.149345,1.9616915,1.9763029
38.451912,0.96380115,0.9107555
35.566612,1.6574287,1.6734524000000002
32.562717,1.7726084,1.7878723
36.866875,1.1849955,1.1776125
37.619556,1.6124263,1.6191504
38.638252,0.90882254,0.86317563
32.5318,1.3980854,1.407345
32.88594,1.8990082999999998,1.9375283999999995
39.13454,1.2488685,1.2418811
31.164644,1.4480755,1.4422832
34.900295,1.4978262,1.5236243999999999
38.782505,1.2371666,1.2421086
39.266453,1.8568052,1.8903491
33.54075,1.3520517,1.3605106
36.029255,1.2518107,1.2513468
35.546,1.4333966,1.4269698
31.029428,1.7653837,1.7775819
35.56903,1.7415812,1.7471366
35.617023,1.551853,1.5569375
35.65646,1.8673483,1.8860681
34.567955,1.4021231,1.4146325999999998
33.760918,0.97397435,0.9313174
38.81853,1.0475911,1.0160705
33.333187,1.5859532,1.5968902
39.925255,1.5148197,1.5339408
37.527866,1.366838,1.3755372
30.71214,1.1331449999999998,1.1343767999999996
32.02036,1.2000417,1.1942704
37.161396,1.2611597,1.2619152
30.121664,1.8558166,1.8800101
33.07741,1.0561491,1.0218306
38.20178,1.765771,1.7855115
32.90403,1.1283139,1.1314373
35.832096,1.2313845,1.2344034
30.410343,1.6327149,1.6616921000000002
38.77594,1.1579448,1.1508093
32.826347,1.6331314,1.6329334
33.37473,1.3139415,1.3199718
36.677464,1.731792,1.743202
32.510902,1.6922922,1.7020330000000001
30.277798,1.3013017,1.289783
34.370083,1.2663531,1.2713082
32.53418,1.3059719,1.3108716
31.961704,1.1910754,1.2077582
34.6514,0.9290724400000001,0.8651011600000001
36.44136,1.1577288,1.1524231
38.898125,1.487461,1.4965197999999997
39.888687,1.2162106,1.2173042
33.33314,1.7195964,1.751647
31.01889,1.2964252,1.2942679
31.65661,1.9410703,1.9700041000000001
30.636997,1.4027201,1.4082453
35.044647,1.3684015,1.3718894
33.372124,1.6966019999999997,1.7119030999999998
34.45403,1.9219475,1.9574491999999997
31.725391,1.0882345,1.0698102
39.897926,1.0460944,1.0207963
33.928318,1.0854653,1.0596321
37.783524,1.6509094,1.6640172
33.95174,1.3655399,1.3705260999999997
36.86226,1.5949912,1.6084604
35.58325,1.8728907,1.9000046000000002
34.461246,1.9351947,1.9771298999999998
32.285423,1.3822397,1.3883634
34.799187,1.0728302,1.0493653
30.181717,1.2544203,1.2396765
31.159908,1.68011,1.6864045
33.34655,1.5580668000000002,1.5705879000000003
35.863796,1.3412082,1.3437755
30.0766,1.1465212,1.1231959
38.132862,1.4476925000000003,1.4416242000000001
37.76119,1.1276151,1.1220396
38.380123,1.2779781,1.2856658
32.81334,1.326443,1.3328631000000002
31.32832,1.7763709,1.8036573
33.311665,1.4477478,1.4522495
33.123516,1.2902874,1.2996007999999997
30.24673,1.3190836,1.3151879
39.055317,1.5660461,1.5865929
31.751,1.0801278,1.059571
30.564651,1.6269078,1.6394279000000003
31.814148,1.1652492,1.1563444
30.729784,1.7870815,1.7929521
36.81762,1.4286274,1.4350839
30.610931,1.5547831,1.5673379999999997
33.948315,1.5354314,1.5479925
39.135822,1.6288519,1.6378063999999999
38.510235,1.2145336,1.2128303
35.828705,1.3957207,1.4022634
36.272694,1.8276633,1.85236
30.951504,1.0285382,0.99905324
30.467766,1.7820356,1.8020391
32.18587,1.0133101,1.5140078
31.899231,1.5463939,1.5466759
38.42177,1.5196593,1.5222182
37.58739,1.6961526999999998,1.7101375999999997
36.536736,1.759194,1.7707422
36.359432,1.7968559,1.8197176
37.441753,1.3372685,1.3336675
30.259584,1.2309643,1.227735
34.56816,1.3138068,1.3226823999999997
31.434128,1.2059085,1.2124474
32.554302,1.2455457,1.2476710999999998
30.25566,0.9565087599999998,0.9381954999999998
36.828815,1.6585959,1.6686447
34.045395,1.2454509,1.2605735999999998
31.22385,1.6059062,1.6358451999999999
39.654827,1.5668042,1.5761185
37.852314,1.3511081,1.3562243
33.415768,1.2096254,1.2035141
37.266426,1.3940936,1.4142928
31.172504,1.0213969,1.0026302
38.027992,1.5973207999999999,1.600874
39.352985,1.2217914,1.2163088
39.196983,1.821414,1.8302686000000001
34.64645,1.1048284,1.0850296
36.282986,1.9112289,1.9410869999999998
36.70687,1.375521,1.3839598
36.175175,1.45326,1.4689474
31.639458,1.4089757000000003,1.4214382000000003
33.559753,1.5643535,1.577616
31.415964,1.4001067,1.3994217
30.467722,1.076374,1.0598938
38.573593,1.0478598,1.0120969
35.98824,1.5415804,1.5550454
34.308968,1.540645,1.558893
38.53609,1.9237036,1.9508307
34.368206,1.0883846,1.0891021
30.451944,1.4883134,1.4930525
36.762123,1.4552939,1.4667740000000002
31.973778,1.6442301,1.6562562
38.17772,1.5904295,1.6059973
32.12336,1.0023727,0.9687376
37.603436,1.3585916,1.368587
36.198658,1.9150037,1.9449208000000002
30.575855,1.9945678999999998,2.0370229999999996
38.27848,1.6422724,1.6540139
32.935196,1.6941177999999997,1.7098147999999997
32.045357,1.7306805,1.7506728
30.568476,1.6747724,1.693366
38.058517,1.3200041,1.3178968
35.233658,1.2727674,1.269423
34.43375,1.1050626,1.1023114
37.052277,1.4812343,1.4843897999999998
35.238613,1.4783286,1.5000224000000002
30.615128,1.8951786999999998,1.9176652
39.111343,1.2527432,1.2684181000000003
32.734776,1.5556815,1.5727227000000001
36.396584,1.1031375,1.0919995
39.10399,1.5238004,1.5304138999999999
38.488472,1.3860058,1.3962753000000003
39.9881,1.6043606,1.5977345
37.76422,1.4300677,1.4321527
39.108646,1.7793251,1.7919313999999997
33.889847,1.1564785,1.1479795
32.274487,1.5379708,1.5557544
37.948715,1.963292,1.9945872
36.723526,1.8716904,1.9195499999999999
30.280636,1.3585751,1.3555295
39.748463,1.4939843,1.4943461
33.27585,1.2047352,1.1949244
36.661427,2.0410733,2.0879545
38.551376,1.1860021,1.1800039
35.5493,1.1490484,1.1642811000000002
34.284317,1.8826703,1.9117327
37.526382,1.5274397,1.5403888
30.199522,1.3710145,1.3732798
33.38563,1.1124722,1.1015975
38.16712,1.1063261,1.1107564
39.306313,0.96807784,0.91462016
33.476543,1.4295373,1.4289651
30.669811,1.351656,1.3530517
34.94663,1.6975182,1.7160845000000002
35.71531,1.6888635,1.7138022999999998
35.072426,1.2643307,1.2599866
38.55193,1.3811004,1.3840330000000003
32.418278,1.4644404999999998,1.4711289999999997
37.84997,1.6543752,1.67254
36.884026,1.233311,1.2254956
32.667313,1.4545385,1.4651711
32.853092,1.6933893000000002,1.7014921000000003
32.474586,1.6558216,1.6940825
30.652182,1.3273983,1.3324995
30.378754,0.91263235,0.8434226
32.01862,1.2238936,1.2281766
31.342321,1.1609284,1.1458311
37.24226,1.3763453,1.3825758
32.367165,1.178127,1.1795211
30.458923,1.1158329,1.1018531
37.907368,1.6538244,1.6693451
30.578808,1.8331453,1.8727392999999999
32.9385,1.18817,1.18678
30.14144,1.3115995,1.3191125
30.272163,1.7756126,1.8024025
39.195564,1.6063651000000003,1.6196122000000002
33.971226,1.6433295,1.6485166999999998
32.62807,1.4103477,1.4264235000000003
36.190594,1.4590446,1.4613352
39.729088,1.7577181,1.7704027
31.524738,1.3045564,1.3101122
34.918392,1.1945137,1.2023947
30.835897,1.4255044,1.4269643
31.554026,2.1221905,2.149301
38.70461,1.0689272,1.0463078
33.14123,1.9718511,2.001891
38.20721,1.3530496,1.3562973
39.99219,1.5559602,1.5563191999999997
33.963287,1.4201143,1.4359593
35.31469,1.7167401,1.7367320000000002
31.445732,1.5489962,1.5559657000000002
33.296707,1.3765665,1.3796792
30.660494,1.3597088,1.3711064
30.446362,1.132785,1.1181953
30.58949,0.97198135,0.93357533
39.39902,1.3336862,1.3332484
38.567455,1.8855438,1.9081705
36.914047,0.9336782,0.88221174
35.072792,1.3652846,1.3550725
31.056345,1.2561005,1.2549918
32.939083,1.5283138,1.5468266
36.359974,1.7675061,1.7941851999999998
36.655136,1.1721346,1.1647499
30.519812,1.7508214,1.0725340999999997
39.20674,1.2918959,1.2936251
30.755226,1.4194212,1.4262354000000002
39.415333,1.3897291,1.3949928
33.357113,1.3572302,1.3613479
38.2631,1.4931062,1.5025480000000002
35.02597,1.2692064,1.2754710000000002
35.870033,1.5852726,1.5938897
33.103718,1.4000099,1.4039285000000001
34.944267,1.5716497,1.5852711
37.914116,1.4159708,1.4181554000000003
34.52473,1.6001505,1.6147795
32.161312,1.2797351,1.2718854
35.38903,1.701252,1.7101388000000002
30.557596,1.9812717,2.0082724
33.041935,1.3634385,1.3808103
37.21786,1.8319895,1.8474979
33.673576,1.3432618,1.3549589999999998
30.289537,1.3901751,1.3820257
32.21551,1.2931818,1.2964337
39.18028,1.6349796,1.6451309
33.599953,1.3106762,1.3181882
37.449356,1.5892277,1.5986237999999997
37.894043,1.7321556,1.7409455999999999
36.56853,1.3603436,1.3766675
35.754547,2.1226394,2.174175
39.026558,1.6598372,1.6579537
34.07425,1.6533979,1.6608999000000002
35.436466,1.4807562,1.4916534
35.033867,1.6972351,1.7195923
39.147,1.183409,1.1721423
39.672363,1.4204372,1.4358199
37.354008,1.7266235,1.7477412000000003
31.170792,1.3607782,1.3748643
38.527424,2.1006079,2.1387908
35.774303,2.0003989,2.024964
36.281445,1.5077865,1.5091691000000003
35.465656,1.528895,1.5432003000000003
34.678925,1.3386699,1.3459659
37.23935,1.350931,1.3603722999999999
31.553364,1.6055949,1.6170614
35.423115,1.9026289999999997,1.9361450999999998
36.03567,1.5993234,1.6233289
38.854084,1.9240983,1.9473595999999997
35.834347,1.1647117,1.159303
30.409277,1.3155826,1.3329003
35.846672,1.9529101,2.008316
39.807655,1.177121,1.1867285
36.48566,1.4660844,1.4814756
34.99621,1.6857663,1.7127675999999998
33.68142,1.1858149,1.2044888
36.50362,1.6238586,1.6442373
32.704517,1.0530075,1.030062
31.127686,1.3451946,1.3584998
30.694824,1.5760571999999997,1.5892567999999998
31.945227,1.3636225,1.3631449
32.45869,0.9889573,0.9389989
36.74093,1.3251785,1.3220768
30.545874,1.8283901,1.8609757000000002
35.564865,1.422469,1.4258177
38.586765,2.061536,2.1053712
36.28903,1.4960546,1.5072443
30.782133,1.6003477999999998,1.6047331999999999
31.74771,1.1553961,1.142204
32.052746,1.4205045,1.4209785
34.85983,1.3033116,1.3119891
37.28539,1.2689315,1.2667787
32.311665,1.7195518000000003,1.7543447000000003
33.518883,1.4395703,1.4524691
34.94017,2.002233,2.0318494
30.522701,0.99878585,0.9731622
35.738182,1.9182914,1.9495056
31.01674,1.3393078,1.3377128
33.971966,1.5017273,1.508451
33.264965,1.7121729,1.7288041000000003
32.25011,1.5660684,1.5736802
38.862495,1.1774282,1.1700068
32.412304,1.3283755,1.3327112
32.37222,1.7886723,1.8081665
33.744404,1.5284404,1.5320456
34.09313,1.2265576999999999,1.2277662999999999
36.0494,1.5953237,1.6126792
37.996838,1.3656962,1.3910828
37.996246,1.9540307999999997,1.9741956999999999
30.733856,1.5611999,1.5794399
37.039997,1.480896,1.4876175
32.84008,1.3973264,1.3973858
32.28548,1.9079244000000002,1.9273725000000002
31.864199,1.8085916999999998,1.8455640999999996
34.9668,1.0888802,1.0792384
31.856438,1.497123,1.5041535
30.86967,1.8031989,1.8158545
36.444435,1.4518785,1.4638578999999998
30.985125,1.4506606,1.4525987999999999
30.208769,1.8472329,1.8555918
36.197704,1.945918,1.99741
34.822815,1.5409853000000002,1.5535336000000002
30.029074,1.4725183,1.4765127
32.848564,1.8019619,1.8275411000000001
35.149082,1.9148676,1.9407098
33.297043,1.7095338,1.7310163999999997
33.229935,1.5109913,1.5220152999999998
34.486664,1.1837281,1.188108
30.067669,1.8476702,1.8678941999999998
31.096323,1.6225960999999998,1.6416565999999997
37.66884,1.4326292,1.4355636
34.99077,1.6431701000000003,1.6504989
33.826252,1.3161192,1.3183022
39.36241,1.660198,1.6725271000000002
33.030277,1.1480643,1.1413293
30.856947,1.4802537,1.4963658000000002
39.916096,1.4620478,1.4734986
39.089287,1.3947502,1.387445
31.721277,1.2622705,1.2741535
34.680756,1.8628156999999999,1.8812401
31.56556,1.2782755,1.2730706
32.571033,1.555592,1.5702623999999998
30.083776,1.4040875,1.4187925
31.428886,1.7752780999999997,1.7950125
37.66311,1.7127048,1.7336495000000003
34.664177,1.5516629,1.5666656
32.44188,1.6387804,1.63803
31.088255,1.8540118,1.8880835000000002
32.325146,1.3375175,1.3372295
38.710518,1.6787721,1.6978769
31.234098,1.5605525,1.578484
34.735,1.7364204,1.7534747
33.134228,1.7233216999999998,1.7521295999999997
36.69348,1.6879627,1.7076702
38.777542,1.2674134,1.271343
30.06719,1.3630589,1.3716087
36.469578,1.6577699,1.676502
31.631638,1.6089864000000003,1.6221521
34.20837,1.5245953,1.5291357
39.270504,0.9933249999999999,0.9743863999999999
39.22211,1.9657844,1.9941508999999997
39.2139,1.3017951,1.3084471
30.166447,0.9915324400000001,0.9555609000000002
35.89239,1.7117489999999997,1.7261044999999995
39.878345,1.4780488,1.4881616
32.751347,1.2582623,1.2771068
30.956686,1.6684451,1.6826286
37.028812,1.0195544,1.0247092
33.25285,1.8107209,1.8410137
32.56576,1.320481,1.3357394
33.14259,1.3604898,1.3630402
32.791462,1.471588,1.4786503
31.487907,1.2257211,1.209393
35.488026,1.3734143,1.3808644
39.502174,1.589963,1.5966527
39.474117,1.3434039,1.3507848
39.65988,1.3073128,1.3221991
38.566628,1.0278755,0.99833417
39.100605,1.6358937,1.6339417
33.92945,1.8049740999999997,1.8261225
36.010178,1.4330668,1.4427991
39.164112,1.1342545,1.1182015
31.79684,1.4324925,1.4481139
39.033844,1.1093138,1.0937254
34.285694,1.4149547,1.4311731000000003
39.464252,1.9678147,1.9910319000000003
30.240852,1.7832391,1.8254309
31.477848,1.3670536999999998,1.3730926999999997
35.42218,1.3340265,1.334759
34.26373,1.3646294,1.3676941
32.284725,1.7085794,1.7239754
30.545261,1.7581478,1.7803693
39.24712,1.3464613,1.3556876
36.0455,1.3523207,1.3531747000000003
33.37395,1.702204,1.714334
30.189232,1.7761577,1.7872428999999999
35.257206,1.2254239,1.2296731
39.35163,1.9064611,1.9352031
38.480488,1.2762399,1.2819228
39.703934,1.513597,1.5173295
31.022997,1.2638111,1.2778524999999998
31.596453,1.6358402,1.6408589000000002
36.982105,1.5442215,1.5557559
39.004524,1.4311687,1.4415512000000001
31.030535,1.0646315,1.0430363
38.695614,2.1025221,2.1822126
33.0585,1.5443428,1.5495284
35.70659,2.0397456,2.070059
39.465137,1.538685,1.5495436000000002
33.794857,1.292002,1.2981427000000003
33.621155,1.83481,1.8739524
36.14869,1.8742203,1.9023232000000003
39.656353,1.6725649,1.6978888999999997
38.79437,1.3367106,1.3409767
33.869133,1.6748973,1.6916405999999997
36.870304,1.3591664,1.3707235
31.048367,1.4271171,1.4250631
35.454113,1.6748259,1.6913184999999997
31.681202,1.9793785,2.0114222
30.40172,1.1257443,1.1031888
34.681084,1.4878897999999998,1.4869348999999998
33.76748,1.3756223,1.3749712
36.072124,1.6925806999999997,1.7058834999999997
33.365337,1.2893198,1.2929711
31.701612,1.3474671,1.3568434999999999
39.700886,1.3878204,1.3961291
38.857155,1.6328003000000002,1.6607773000000001
32.932278,1.1811905,1.1777561
35.602764,1.5806893,1.599771
33.04481,1.6259738,1.6428313
34.534683,1.5187495,1.5183425
35.055183,1.3585265,1.374229
39.77854,1.6979624,1.7167451
34.200966,1.2649496,1.2630367
30.34069,1.7776361999999999,1.8085326999999995
37.719448,1.1716481,1.175221
32.81936,1.618509,1.6278849
38.130024,1.9468036000000002,1.9673908000000002
33.079796,1.6017753,1.6237556999999998
37.555233,1.530423,1.5453570000000003
39.131268,1.8698740000000003,1.9107709000000002
34.06198,1.3282018,1.3425145
30.73725,1.1008958,1.1102669
33.477985,1.8100191,1.8229196
32.704884,1.6197408,1.6449206000000003
37.19802,1.8390448,1.8707273000000002
31.021221,1.4571266999999999,1.4710891
33.961803,1.3510233,1.3606501
37.703896,1.9299024,1.9744596
37.52215,1.8541145000000003,1.8927119000000003
33.04793,1.7835306,1.8022400999999997
36.79786,1.7422334999999998,1.7593915
35.21453,1.0660858,1.0509056
30.783592,1.7405313,1.7637494
33.104847,1.5931547,1.6066570000000002
35.18342,1.7502803,1.7732869999999998
36.06455,0.9804509,0.92796826
35.485783,1.1649971,1.1584976
37.615723,2.124065,2.1739914
34.302616,1.1513038,1.1391237
38.904633,1.6142188,1.6279232999999997
39.99594,1.7598763000000002,1.7815533000000003
37.12005,1.4287868,1.4341855
38.527233,1.2242838,1.2247548
33.213783,1.5786338,1.5893393
34.38237,1.2214855,1.2163794
36.93803,1.7762258,1.7881626999999998
33.243256,1.639723,1.6348665
30.441418,1.1449542,1.128938
31.684713,1.187977,1.2011786000000002
39.937645,1.3448045,1.3534029000000003
37.18641,1.816966,1.8384552
31.315903,1.4014062,1.4095806999999998
31.201712,1.7468088,1.7534657
35.47085,1.6446896,1.6580606
39.01119,1.2987924,1.3009717
37.93281,1.5398103,1.5503595
39.85014,1.4195483,1.4326684
36.036995,1.4052465,1.4081745
36.370144,1.5829762,1.5905209
36.817444,1.4850185,1.4912604999999999
39.094944,1.3003961,1.3103127
31.602003,1.2857864,1.2941635
39.54015,1.3133671,1.3109896
38.84953,1.7060177000000003,1.7147789
38.536594,1.7204796,1.7189431
35.277355,1.568732,1.5868067999999997
35.7594,1.8220981,1.8492803999999998
34.62612,2.026738,2.0475929
32.751183,1.3715279,1.3743472
30.791605,1.3679025,1.386342
30.721472,1.634707,1.6743984
37.569946,1.1966593,1.1946495
33.23296,1.7242081999999999,1.7396821999999998
33.216206,1.8236841,1.8522582
38.40961,1.2918833,1.2877545
35.734077,1.3789934,1.38205
36.27707,1.2751132,1.265784
35.351936,1.1927652,1.1893623
38.793736,1.2685584,1.2770758
39.74615,1.7362005,1.7496569000000002
37.395634,1.201274,1.1952052
32.64669,1.9028206000000003,1.9124563000000006
38.11647,1.419912,1.4340224
30.13939,1.0352079,1.0067053
38.60532,1.468634,1.4799356
39.191643,1.5718228,1.5924127000000001
39.442314,1.2944329,1.3030524
34.066795,1.179754,1.1704309
32.784588,1.7180172,1.7461061000000002
31.463974,1.3731533,1.417634
32.324753,1.3413477,1.3497233
37.785954,1.583915,1.5967407
30.297838,1.2852179,1.2942328
30.064648,1.6349978,1.65206
38.66813,1.3927984,1.3972559000000002
36.05285,1.0489016,1.0247351
39.52542,1.2732337,1.2803766999999997
34.86468,2.041327,2.0760937
33.50055,0.92365015,0.86986494
30.411764,1.3282568,1.336241
34.802113,1.1242958,1.1309006
31.630646,1.6263025,1.6319993000000002
39.4421,1.358341,1.370307
31.352247,1.8097215999999998,1.8307594999999999
35.482006,1.0225188,1.0052078
31.081589,1.3792902,1.3901522
31.877102,1.0988797,1.1044478
39.612698,1.2924566,1.3022959
39.646408,1.5212425,1.5239856000000003
37.7809,1.7184311,1.7209589999999997
34.03375,1.3873452,1.3928461
36.712868,0.9048395,0.8778067
39.363384,1.5964199000000001,1.6041832000000003
35.794147,1.0865555,1.058072
30.968512,1.9674811,1.9826195000000002
35.933475,1.6530286,1.6655989
35.272636,1.2625408,1.2609158
34.88384,1.5910139,1.6061947
38.67761,1.4816406,1.4957812
30.217817,1.5738390000000002,1.5806441000000002
34.153484,1.3266133,1.3357334
39.07392,1.0921942,1.069623
39.83007,1.3282743,1.3360047
34.21743,1.455684,1.4652309999999997
39.083496,1.7503646999999998,1.7685467999999998
30.778784,2.0020237,2.0359564
36.185715,1.3916943,1.3873408
38.1881,1.4138371,1.414804
39.281647,1.4688504,1.4682109
35.838184,1.8172307,1.8406074
33.939922,1.0436773,1.0227017
39.511467,1.3666823,1.3704708
35.077904,1.7397965,1.7541528
34.149693,1.5645798,1.5761676
32.13562,1.6162338,1.6400644999999998
33.524807,1.2891846,1.2845032
32.209568,1.4859061,1.4937093
36.236313,1.5142143,1.5233302
31.789993,1.3894483,1.3984528
30.87903,1.6922903000000002,1.7078030000000002
39.454594,1.5144577,1.5197049999999999
32.742714,1.2632182,1.2534578
36.78102,1.2037194,1.1998005
39.91846,1.2556751,1.2606936
31.583687,1.8744235,1.8970561000000001
33.28917,1.5298953,1.5596671
30.618544,1.3359725,1.3390491
32.120453,2.0018756,2.042354
39.894608,1.2614306,1.2645547
31.273314,1.6444565,1.6587491
36.540638,1.6864967,1.6964202
38.38083,1.8198022,1.846225
39.13763,1.4052022,1.4048741
34.286243,1.4713578,1.4769893
30.76052,1.5092293,1.5326218999999999
38.835506,1.6152009,1.6259642
30.012403,1.897446,1.9084606
34.74359,1.4335792,1.4447076
37.097763,1.8146265,1.8425245000000001
36.50914,1.3037237,1.308181
30.572058,2.0102456,2.0293236
35.940758,1.5616049,1.5806255
33.97924,1.306017,1.3104117
31.753197,1.5600924,1.5697293000000003
34.690155,1.8476425,1.8704579
37.203068,1.7636347,1.7908905
37.54666,1.5135134,1.5255787
36.4769,1.7620574,1.7725825
35.990337,1.1854042,1.1886053
32.51136,1.9615139,1.9756889
37.741547,1.375478,1.3766084
35.74122,1.717643,1.7304287
34.430267,1.3304076,1.3332717
33.689255,1.1677992,1.154768
35.36339,1.3597385,1.3780326999999999
32.161068,1.3928527,1.4001896000000003
36.46785,1.8168558,1.8288043
39.271683,1.7126455000000003,1.7302632000000002
39.01976,1.208694,1.1964686
32.793076,1.2954376,1.3010988
30.538725,1.421193,1.4246735999999998
35.94065,1.7607818,1.787844
39.13644,1.7092024,1.7286983
33.949455,1.2636898,1.2694085
30.957386,1.9517258,1.9818542
36.60953,1.3532254,1.3562951
32.8688,1.9803523,2.0083325
32.292194,1.5799108,1.5875416000000002
37.47711,1.406634,1.4075761
39.761555,1.6254042,1.6385616999999997
33.286434,1.4753788,1.4837456
37.02782,1.8954144,1.9293953999999998
35.49728,1.9487864,1.9752245000000002
31.254274,1.5642292,1.5779378000000002
33.76362,1.3607062,1.3692943999999998
37.142426,1.8676493,1.8939763999999997
32.653248,1.8643667,1.8992026
34.854664,1.2453392999999997,1.2397951999999999
32.67711,1.6623174,1.6757429
32.036385,1.4706686,1.4717379
38.360867,1.1723118,1.1717637
32.277355,1.4791327,1.4956734
38.70178,1.3251604,1.3304408
38.52968,1.3866501,1.3876474
32.321747,2.0349183,2.0729117
35.890484,1.2528996,1.2484789
38.838062,1.8161187,1.8469745999999998
39.702827,1.1191697,1.1052079
35.042614,1.2989713,1.31404
32.626118,1.3724493,1.3807878
35.71206,1.3208992,1.3262322
38.96228,1.3695071,1.3559561
38.454666,1.0787641,1.067689
31.085701,1.6909692999999997,1.7069211
32.977547,1.6053761,1.6235795
32.529846,1.7829532999999997,1.8147751999999997
37.702343,0.9210739,0.88341296
35.219643,2.136989,2.166173
33.902596,1.200885,1.1937418
35.677345,1.7789474,1.8025744000000001
33.422157,1.5816826,1.5987637
39.736877,1.6024249,1.6285968
35.450184,1.341091,1.352942
34.31461,1.5991429,1.6174123
39.218647,1.3262898,1.3300345
33.582664,1.2558637,1.2563086
39.6961,1.9124793999999998,1.9468588999999998
37.305706,1.2185727,1.2178676
38.502754,1.9195821000000002,1.9514494000000004
31.26699,1.1688615,1.1553962
38.845688,1.6948227,1.7159765
34.52855,1.7973189,1.8250866
30.730865,1.5939371999999998,1.6012114999999998
31.852734,1.9062082,1.9356665999999998
37.64121,1.5352149,1.5445654000000002
32.053486,1.9296487999999998,1.9600139
39.76378,2.130616,2.1855202
35.980694,1.1126086,1.1085274
36.694363,2.090183,2.1237855
31.301723,1.678066,1.6966801000000002
33.313755,1.4257096,1.4222515
38.14133,0.9219276,0.87966067
33.040844,1.6097147,1.6291522999999999
30.613838,1.9856254,2.0201085
32.423622,1.2669871,1.2656515
38.15268,2.0020564,2.0207732
37.871384,1.4818515,1.4962169999999997
37.85248,1.6770949,1.6984711
34.501537,1.8733481,1.8996959
38.02237,1.3950719,1.4032464
33.121365,1.7610067,1.787957
38.932827,1.017776,0.9853757
39.397354,1.5233157,1.532228
32.806187,1.1983067,1.1998729999999997
34.18927,1.4128759,1.4203586999999998
37.969395,2.0050673,2.0327277
32.689133,1.1031426,1.1168475
31.466017,0.9744439,0.9365825
32.53822,1.7916675,1.8168650000000002
36.905716,1.2696612,1.2765708
39.594437,1.299125,1.3065600000000002
33.422356,1.822588,1.8576863000000001
35.027473,1.6633385000000003,1.6795743000000003
38.76762,1.2230407,1.2243233
39.167374,1.6511594000000003,1.6547222000000001
36.315044,1.1328522,1.1110938
36.62804,1.6064155,1.6084862
36.60716,1.9375688,1.9397662000000002
34.069798,1.5297856,1.5458822000000003
34.69797,1.6852816,1.6945784
31.171124,1.3721551,1.3884408
37.30006,1.9658779,2.0097423
37.841957,1.4845694,1.4933217
32.624084,1.5922773000000001,1.6089356
30.317339,1.5609169,1.5661235
37.1757,2.0462708,2.0910125
39.853905,1.348403,1.3508229
34.04,1.5821297,1.5988684
36.069553,1.3780777,1.3842676
31.8985,1.38037,1.3938458
39.944893,0.89857435,0.8535903
39.80652,1.4904795,1.4928837
31.85896,1.1821492,1.1807563
36.32043,1.5363339,1.5471976
38.013393,1.2057488,1.1908085
30.677258,1.6464567,1.6679076999999998
33.502808,1.775356,1.8145297
32.984783,1.046518,1.0280519
31.965448,2.0394335,2.1065378
36.039562,1.5340382,1.5377953
33.435505,1.343641,1.3501539
31.258324,1.3984601,1.4098911
38.652077,1.8891772,1.9137237
30.299555,1.2681286,1.280158
34.66006,1.3718883,1.3865952
36.722137,1.3737271,1.3822806
35.05486,1.4211546,1.4261677
36.008106,1.2722393,1.2941935
35.2211,1.9353037000000002,1.9727938000000005
37.605015,1.2546144,1.2588232
35.56625,1.0195632,1.000067
36.3663,1.4119529,1.4132674
38.219505,1.4737008,1.4741161
37.966923,2.0788991,2.1232035
39.148956,1.1582422,1.1511087
38.2514,1.453922,1.4695134000000003
39.976345,1.5470911,1.5576897
38.036884,1.5134352,1.5298135000000002
32.004578,1.2163961,1.2119572
30.778461,1.7288085,1.7494111
39.878754,1.6599066,1.6631157
33.43137,1.3159581,1.311852
35.809483,1.4958302,1.5092199000000002
35.370235,1.6668062,1.6704546999999998
31.05487,1.3579292999999997,1.3691048999999995
38.98046,1.3773296,1.3850876999999997
36.60551,1.7492472,1.7726443
38.547966,1.7242583,1.7419751
32.780334,1.4360853,1.4386356000000002
32.0552,1.1610776,1.1595984
39.125248,1.6826041,1.6935722999999998
35.889587,1.4019081999999998,1.4164783999999997
37.29912,1.2209375,1.2172494
38.57198,1.5760396,1.5929851999999998
32.827244,1.8913405,1.9118257
37.278526,1.6817702,1.6937267999999999
39.026936,1.2336047,1.2378016
34.02282,1.6969622,1.714524
33.123383,1.3522867,1.3597462
34.291195,1.477815,1.4959678999999997
34.29199,1.3438486,1.3534026000000001
37.979794,1.2524717,1.2531726
35.601444,1.3399502,1.3434827
31.733885,2.160135,2.191706
34.463932,1.5887613,1.6002858
35.635124,1.6226085,1.6265489999999998
33.64437,0.9064492,0.96628565
39.161537,1.8061138,1.8461711
36.470596,1.5874523999999999,1.6027328999999997
31.723839,1.5151544000000001,1.5480351000000003
36.911797,1.6066098000000002,1.6101017
30.641035,1.9417188,1.9759715
34.49855,0.97479504,0.924778
30.795927,1.5059735999999997,1.5227751999999999
31.451721,1.7029092000000001,1.7108443000000002
37.945477,1.6643900000000003,1.6784072000000003
37.071632,1.4199749,1.4193594
30.750906,1.2981755,1.3021235
32.79183,1.4234017,1.4295422999999998
32.542927,1.6870188,1.7017014
33.3146,1.3237430000000001,1.3185472000000003
30.041145,1.3391893,1.3387568
32.443596,1.666309,1.6905531999999999
36.974453,1.1144441,1.1064243
34.827885,1.5818408,1.5863334999999998
39.85932,1.8814632,1.8989007
37.478382,1.5949562,1.6071045
35.84523,1.2418642,1.2471430000000001
31.678007,1.5567939000000002,1.5866940000000003
37.343063,1.9588732,1.9891758000000002
30.572083,1.189588,1.1979532
30.57212,1.8533055000000003,1.8940766000000004
33.363266,1.9341205,1.9707782
30.226921,1.146959,1.1458306
37.852417,2.0585136,2.0984275
31.494019,1.8730364,1.9022005
30.495966,1.5589285,1.5805769
38.719166,1.4917232,1.5029361000000003
34.2999,1.7565327000000002,1.7734451000000002
39.01465,0.9822444,0.95381045
32.96102,1.5041023000000002,1.5040007000000002
33.3417,1.7819502,1.802995
36.92958,1.375344,1.3885016
37.73464,1.580769,1.5924277
35.124905,1.352133,1.3603127
33.287285,1.5534927,1.5614743000000002
31.274094,1.9484696,1.986913
33.97915,1.722459,1.740432
32.468807,1.3896761,1.3957195
30.017633,2.0302465,2.0683365
38.070915,1.6551982,1.6620727000000002
32.479362,1.6839226,1.7018845000000002
34.341595,0.9917826,0.9527464
37.02111,1.5263218,1.5311577000000003
36.193665,1.5936486,1.6133704
34.745987,1.6888758,1.7171831
31.59024,1.0428176,1.4806697
32.748028,2.047926,2.0678098
39.314274,1.2942414999999998,1.2955646999999997
35.01761,1.2275565,1.2295713
30.72954,1.8615745,1.8750801
30.826965,1.2428106999999997,1.2546059999999999
37.838913,1.0793698,1.062571
31.27536,1.262438,1.2533064
38.216564,1.738713,1.7507293
36.950344,2.0066175,2.0399647
33.120308,1.6131514,1.6259362999999998
34.39802,0.96799934,0.9438233
37.11175,1.1867567,1.1850431
33.08147,1.6826736,1.6898676999999998
38.272625,1.325947,1.3151548
31.644888,1.140845,1.1397622
31.363678,1.5981855,1.6040382000000002
33.864758,1.3185409,1.3079555
37.15286,1.1302592,1.1204355
33.45658,1.3456547,1.3534900999999997
33.830612,1.1926762,1.1905026
31.797237,2.0711977,2.120831
37.50927,1.747757,1.7728391
37.808674,1.2630504,1.2577055
34.71096,1.8878756,1.9245207000000002
30.003963,1.9671747999999998,1.9980494999999998
32.89968,1.2910547,1.2942118999999999
32.032204,1.4820108,1.4843974
38.841328,1.2715502999999997,1.2817971999999997
32.35861,1.1045882,1.1062176
31.141035,1.5644883,1.5784719
30.482025,1.9397266,1.9587084999999997
38.07068,1.8465730000000002,1.8621230000000004
39.13606,1.2791506,1.2912247
34.19018,1.0012647,0.97749335
30.268484,1.774326,1.8015601999999997
36.127483,1.0639141,1.0419428
30.94252,1.3627143,1.3666313000000003
38.697807,1.2127163,1.2065244
34.747257,1.3859079,1.3955615
36.333305,1.6924319,1.6943133
33.91525,1.9919025,2.0521927
31.898643,1.9539499,1.956522
31.777864,1.2771199,1.2778466
36.76172,1.5621676,1.5764736999999998
30.478308,1.8274087999999997,1.8610369999999996
35.785904,1.0892847,1.0625426
34.63147,1.4006063,1.4089725
35.992634,1.9880537,2.0359445
30.430706,1.9860792,2.008632
37.512302,1.1254647,1.1061308
38.785362,0.9934145,0.9443522
39.709824,1.7840539,1.8096824
38.027042,1.1925828,1.187902
34.545506,1.920702,1.9407909
31.297855,0.9597578999999999,0.9557131999999999
31.853397,1.7065048,1.7426785999999999
32.928215,1.9858660999999997,2.002302
37.789394,1.4967971,1.5110352
33.916393,1.6491824,1.6523509
37.858383,1.8357240999999997,1.8535034999999997
35.723915,1.9200902,1.9365990000000002
39.56171,1.3895679,1.3943679
32.54445,1.3941296,1.3965051000000002
37.58457,1.7166425,1.7292372999999999
31.843664,1.3592106,1.3657575
39.07759,1.236859,1.2403526
39.383476,1.5020185000000001,1.5096049000000002
37.970722,1.4724622,1.4829998000000002
35.439087,1.1751729,1.1782997
33.07739,1.3796641,1.3845944
36.112774,1.3455248,1.3545063
32.312855,1.4564298,1.4601436
35.239162,1.5783485,1.5879106999999997
32.152187,1.5581838,1.5649930999999997
31.576456,1.6331289,1.6562998
30.717966,1.7636726000000003,1.7839208000000004
33.219044,1.5597404,1.5898013
32.64631,1.8462789000000002,1.8797944
35.263527,1.561209,1.5763949999999998
37.17426,1.2802075,1.2729163
36.86369,1.7053933,1.72403
33.314556,1.5497837,1.5577235
31.76877,1.211343,1.1992738
32.002213,1.4803325,1.4881971
35.249058,1.8326140000000002,1.8580763000000002
33.77537,1.4790593,1.4927523
30.381796,1.0576583,1.0150746
37.12575,0.97612244,0.9366038
37.285324,1.8317425,1.8585545999999997
36.586384,1.7334125,1.7436664000000002
33.0441,1.5921761,1.5972097000000003
37.234642,1.2021306,1.205406
31.495209,1.7983851,1.8185893999999998
33.332832,1.7122294,1.753633
39.60865,1.6089773,1.6146994000000001
31.927872,1.5109509,1.5211656
34.96413,1.4276823,1.4394677
38.13638,1.6693839,1.6734433
32.979393,2.0712128,2.117597
33.241737,1.8337717,1.8560424
31.726265,1.4906352,1.4956939
33.109455,0.98121375,0.9627539
35.26926,1.3438936,1.348094
39.99378,1.4351441,1.4456666000000002
31.534063,1.3126992,1.3195248
37.763412,1.0930643,1.0744585
33.38276,1.625903,1.6360823999999998
34.420757,1.3718001999999998,1.3702089999999998
34.750732,1.6590759,1.6750073
39.506763,1.9267259,1.9506032000000002
33.19853,1.3720694,1.3699076
39.799686,2.1438193,2.1688151
37.721214,1.3159914,1.3168414
34.87351,1.5248682,1.5437969999999999
35.066425,1.5722241,1.5823216
34.30643,1.3295069,1.3409259000000002
34.2889,1.6398015,1.6652124000000001
33.84986,1.9223024,1.9601657
38.854305,1.555472,1.5561984
35.471703,1.5809755,1.5874963
34.133286,1.9752175,2.0001118
33.540417,2.069184,2.1324174
31.165705,1.4115696,1.4299366
31.776077,1.6134452,1.6342466000000002
37.11063,1.509,1.5185970999999998
39.012924,1.7433513,1.7546973000000001
35.80261,1.437547,1.4547806
39.46728,1.8805887,1.893111
31.345762,1.4312316,1.4483802
38.840656,1.0822577,1.0711782
38.769367,1.5787219,1.5869441
31.235197,1.4749113,1.4846292
36.8887,1.3138858,1.308198
33.414284,1.2975459,1.3108953999999997
33.99885,1.8710207,1.8981814
32.354233,1.2067143,1.2123883
36.161945,1.5017385000000003,1.4996004000000003
38.39622,1.3400515,1.352952
33.065533,1.2018037,1.2008381
35.552814,1.4476982,1.4549809
33.47975,1.6419247,1.6672102999999998
30.489285,0.9323091,0.91244894
36.81617,1.413621,1.4143847999999999
30.111147,1.313221,1.3266311
32.122967,1.3656834,1.3783643
32.5366,1.3458896,1.3602898
39.533024,1.7582065999999998,1.7673043999999998
38.828087,1.3924325,1.3989253
30.447254,1.5466314999999997,1.5633680999999997
36.75571,1.6119406000000003,1.6151111000000002
37.521034,1.8180662000000003,1.8383956000000001
38.905106,1.7674063,1.783001
38.281796,1.6256028,1.6351383
35.829098,1.358157,1.3623638
33.838787,1.6789465,1.6849375000000002
33.559402,1.6904168,1.7065821000000003
33.825798,1.7090154000000002,1.7256267000000003
34.029167,1.1091769,1.0951424
37.568195,1.412448,1.4270082000000002
34.3998,1.5498434,1.5570023000000002
31.187328,1.3630238,1.3661723
34.577225,1.3690181,1.3738229
35.335506,1.286658,1.2894952
32.36551,1.1685895,1.1614659
32.302315,1.2538251,1.2580338
37.71338,1.7774045,1.7973175
30.876211,1.4460005,1.44069
35.24302,1.388627,1.3937054
33.28943,1.2131677,1.2163155
37.9781,1.6423932,1.6484913999999997
31.452442,1.3624855,1.3532526
33.34245,1.4004635999999997,1.3972327999999998
39.996964,1.8899524,1.9169852999999997
34.23838,1.3458138999999998,1.3517346
39.82758,1.6421189,1.6485679000000002
30.888464,1.1928107,1.1953721
31.2848,1.1049981,1.0692922
37.02614,1.3529011,1.35548
32.755318,1.4712362,1.4873601999999997
34.06899,1.2009536,1.1894834
30.81816,1.3765304,1.3946102
36.94333,1.1312727,1.1190667
38.329727,1.10412,1.1051755
35.994167,1.2125883,1.2007978
35.87921,1.2928177,1.3000958000000002
30.415335,1.4671421,1.4777440999999998
32.837666,1.2295136,1.2293317
30.67086,1.7316406,1.7588916000000003
37.34006,1.7971052,1.8018987
34.6978,1.3472773,1.3552682
32.82796,1.1929803,1.1884506
33.838116,1.5799015,1.5856874000000003
32.148323,1.6413884,1.6589506
39.234447,1.4339617,1.4357324
34.071964,1.0372068,0.9912126
38.111317,1.9766006,1.9979365
36.651646,1.6321545,1.6392937
37.35605,1.3529356,1.3562071
39.146183,1.5458212,1.5587534999999997
33.444523,1.0380076,0.9990578
37.857834,1.6698285,1.6826487
30.051691,1.1673542,1.1680086
39.920258,1.5634243,1.5762953999999998
35.084274,1.5470773,1.5534713
33.642105,1.1722641,1.1640267
37.655136,1.6921698,1.7027347000000002
34.264713,1.5475488,1.5692568
36.220287,1.8843605999999997,1.9286308
30.04282,1.3381143,1.3382038999999997
31.512003,1.9483947,1.9775512000000002
37.244694,1.4734976,1.4807717999999999
31.850208,1.6618222,1.6836411999999998
36.00755,1.16022,1.1544905
31.799107,1.2880542,1.2923307
37.853928,1.2132459,1.2206306
31.463219,2.010319,2.0451229
36.32492,1.4061785,1.4128225
30.93235,1.0650053,1.0476449
35.794155,1.493964,1.5069833
34.373344,1.7074986,1.7259018
31.156933,2.071245,2.1289585
33.245956,1.7599512,1.7941264999999997
37.83238,1.7180912,1.7387866999999997
31.977072,1.6349483,1.645961
37.120556,1.4665687,1.4774497000000002
32.160847,1.5979948,1.6034648000000002
32.66213,1.2735856,1.273943
30.507868,1.3385661,1.3485321999999997
33.90937,1.8562977,1.8973703
39.04036,1.6036366,1.6149044
34.3786,1.6992042,1.716646
35.446667,1.4453895000000003,1.4376361000000002
34.466526,1.3954692,1.3956511
32.99584,2.0166976,2.0340252
36.235363,1.2212032,1.2163308
32.188034,1.7580981,1.7826726000000002
33.32315,1.7268327,1.7297696999999999
36.450127,1.8885846000000002,1.9298642000000001
31.792322,1.13654,1.1298075
36.854282,1.2935948,1.2905126
36.073654,1.8152508,1.8269355
30.465887,1.7254045000000002,1.7439847000000002
36.53862,1.335566,1.3423457
39.96041,1.9369972,1.9653866000000002
30.267948,1.5583795,1.5628259000000002
39.919044,1.2316778,1.2266941
30.131504,1.6670643,1.677798
31.062513,1.4204952,1.424341
32.469643,1.8348418,1.8552577
33.1684,1.3987772,1.3927503
38.933857,1.3580173,1.3696868
33.5306,1.4492601,1.4557145
30.506084,1.7588755,1.7766392
35.012417,1.4065045,1.4068027
32.094078,1.4995059,1.509562
34.273777,1.5763847,1.5928307
39.857506,1.5975307,1.6134098000000001
36.5599,0.9316626,0.8939401
30.852526,1.6042821,1.6272685999999998
33.021404,1.3773302,1.382333
37.36054,1.1824331,1.1802392
35.86709,1.3516902,1.3516705
35.03811,2.0359182,2.0832784
30.398262,1.4375638,1.4481177
34.524323,1.724276,1.7425005
32.45388,1.5436609,1.556534
33.8102,2.009979,2.052432
34.3955,1.2153893,1.2082479
31.232294,1.4462018,1.4433115
34.08934,2.0129051,2.059407
33.344852,1.5297538000000002,1.5454116000000002
37.103565,1.8976363,1.9289143
37.440407,1.1953105,1.1890306
34.839867,1.6489053,1.6573565000000001
31.536736,1.2438577,1.256885
36.826645,1.8308381,1.8467524
33.28368,1.926378,1.95802
31.583132,1.5246283,1.5328629000000003
35.731346,1.1126592,1.1063502
32.53772,1.198364,1.2003956
36.65793,1.6491281,1.6628916
35.385876,1.1979632,1.1962557
35.295227,1.6134961,1.6275012000000002
32.16378,1.5907335,1.6023725999999998
36.665405,1.903332,1.9283147
37.640087,1.2872766,1.2902353000000002
33.75047,1.6914841,1.7034833
33.931473,1.8063921,1.8390028
36.54796,1.2996582,1.3145502
37.155354,1.7726024,1.795352
33.14319,1.136263,1.1342275
32.744007,1.8094026,1.8374604999999997
37.244965,1.7247578000000001,1.7346947000000001
35.003338,1.5914934,1.5940626
38.888298,1.4883043,1.4965677
34.486942,1.2645144,1.2605903
34.709366,1.1260499,1.125462
39.301014,1.9258671,1.9633491
35.868965,1.4719952,1.4797683
35.260647,1.4954611,1.4973183
35.70244,0.94944656,0.9259748
38.893402,1.0289031,1.0058993
34.6043,1.3658057,1.3716135
31.331884,1.3971347999999997,1.3943235999999999
32.96838,1.189584,1.1877208
31.039762,1.6178589000000003,1.6316268000000003
30.422478,1.1802298,1.1871176000000003
37.913494,2.0487711,2.0771897
39.15267,1.8308749,1.8515432
32.997337,1.7589349999999997,1.786835
35.41725,1.6837362,1.7051670000000003
39.302345,1.2919364,1.3044224
34.553833,1.7598791000000003,1.7924256
33.110973,1.4626316,1.4731059
31.213146,1.5862414,1.6042063
31.625084,1.9602371,2.0105402
33.602768,1.3162606,1.3238492
32.064762,1.8371501,1.876523
37.712345,1.9117918,1.9394829000000002
38.48254,1.7761621,1.7981987
31.982416,1.3040477,1.2993596
32.413456,1.4727143,1.488318
32.501884,1.7953806000000003,1.8306890000000002
39.364952,1.3523905,1.3588078
30.943804,1.5494304,1.54912
35.227917,1.6129682,1.6348543
37.947105,1.312778,1.3105633
39.904118,1.4421513,1.4422134999999998
37.38583,1.4164013,1.4179964
34.704773,1.1475857,1.1276896
36.497925,1.5437527,1.5644372
34.801865,1.2308764,1.2333939
30.297083,1.6928371,1.7116814000000002
34.20708,1.7484852,1.7744094999999998
34.980232,1.5126474,1.5303919000000001
35.89844,1.8081471,1.8257047999999998
38.50634,1.5187507,1.5302393
33.019573,1.3332148,1.3356333
39.57093,1.3513341,1.3495045
34.568108,1.5264565,1.530365
30.254976,1.3100876,1.3258278
39.799343,1.2334038,1.2382014
31.621557,1.4175670000000002,1.4168437000000003
39.70031,1.7305956,1.7511089000000002
30.295555,1.3983039999999998,1.4093611
30.116957,1.2870427,1.301434
37.518112,1.6127192999999997,1.6379675999999999
35.033203,1.3400016,1.353239
37.269444,1.54565,1.5648195999999999
36.46483,1.0553215,1.0250254
32.030186,1.3269586999999998,1.3373314999999997
33.647736,1.4980477,1.5229337
30.361032,1.2001506,1.2021003
33.614414,1.882231,1.9171188
31.486286,1.5527803,1.5624478
33.50274,1.9344493,1.9628694
36.53286,1.6807035,1.7076471
31.561123,1.8771394000000001,1.8971684000000004
38.291103,2.0196185,2.0694861
36.338432,1.9621947,1.9850602000000002
30.17756,1.9869626,2.0115557
34.21364,1.0951848,1.0831984
37.70701,1.3176038,1.3238256
37.696804,1.1415577,1.1357648
37.26659,1.1632831,1.1582274
30.714308,1.8993216,1.8959413
31.824526,1.6411289,1.6573520000000002
35.79973,1.7711235,1.7934301
36.135773,1.1958385,1.1994114
34.34802,1.6556128,1.6711347
37.963684,1.6626025,1.6722480999999998
30.03023,1.6669827,1.7076397000000003
34.352673,1.2585384,1.2627668
35.158127,1.4968063,1.5100455
37.637085,1.565695,1.5784645000000002
33.116047,0.9366769000000001,0.9038600000000001
34.400684,1.4353837,1.4387743000000002
34.893612,1.4773986,1.4884102
33.869896,1.7147998999999998,1.7137300999999998
39.026398,1.2674623,1.263371
32.00263,1.4540693,1.4491155
35.143723,1.6375867,1.6594421999999998
35.15553,1.5263643999999998,1.5504497999999995
36.930313,1.8153312000000001,1.8345890000000002
38.72242,1.653183,1.6619871
32.34351,1.622435,1.6306249999999998
31.066877,1.2597073,1.2552891
33.787,1.3686967,1.3689184
36.18423,1.3321942,1.3415935
33.61617,1.3402232,1.3569693999999999
35.265167,1.7694304,1.7960484
33.880283,1.8673081,1.8922435999999998
33.887714,1.5456187,1.5672197
34.5274,1.5621742,1.5724013
38.92198,2.1307786,2.1866891
34.001556,1.1863207,1.1796308
37.695118,1.4861091,1.4942236
37.190964,1.3421483,1.351584
33.29868,1.1957597,1.1912441
36.43578,1.5681664,1.5754972
38.179623,2.0076842,2.0645385
37.864143,1.2852075,1.2926385
38.407925,1.3202165,1.3279319
37.772366,1.5858145,1.5966523
31.69039,1.8451707,1.8735027
39.29939,1.1223118,1.1120677
36.525764,1.7918847,1.810333
38.608418,1.4629226,1.4673665
36.62702,1.3080164,1.3131683
34.996353,1.0212412,0.9864867
38.40896,1.5081087,1.5247171
30.723043,1.3396975,1.3465843
30.578325,1.1855643,1.1816957
30.022938,1.3114268,1.321826
37.456364,1.2695189,1.2771275000000002
32.612656,1.8267977,1.8516766999999998
39.651897,1.2592685,1.2604759
32.661793,1.4508662,1.4579394
34.511456,1.6050346,1.6148956000000003
32.280956,1.6703537,1.6751973999999998
37.15359,1.4841194,1.4943561999999997
31.214148,0.94811946,0.9548048
31.274786,1.6034527,1.6090364000000001
32.158592,1.336031,1.3449576000000003
30.416739,1.3807750000000003,1.4024379000000002
30.824314,1.3554132,1.3535333
33.816532,1.2005467,1.1982832
36.13553,1.326952,1.3416157
36.38897,1.0992036,1.0843773
36.801334,1.4071598,1.4289701
34.780067,1.9192426,1.9465175000000001
31.935194,1.362442,1.3817706
34.211452,1.5420333000000002,1.5541630000000002
36.63247,1.6037297,1.6221476000000001
35.547104,2.0448625,2.084963
35.24764,1.2633322,1.2529571
30.406796,1.8663365,1.8925014
39.767586,1.5021636,1.5058946999999998
30.662292,1.5069809,1.5054319
31.199148,1.6065373,1.6222055000000002
30.612171,1.2624847,1.2717736
31.741356,1.3463619,1.3526955000000003
34.106472,1.5364709,1.5412815
35.30747,1.4312308,1.4361162
39.82559,1.3903567,1.3941011
31.029593,1.5191022,1.5225966
33.05993,1.7529422,1.7702667999999997
38.398872,1.7017031,1.712445
38.16127,1.942922,1.9561044999999997
38.04373,1.8773506,1.8950745999999998
34.34659,1.3691294,1.3855402
32.390488,1.3542826,1.3662093000000002
32.867153,1.4389836,1.4452658
39.68475,1.7350402,1.7473206999999997
33.188904,2.052869,2.088766
30.314785,0.9276717,0.9201392
32.29457,1.5860673000000003,1.5988803000000003
33.002872,1.21677,1.2144744
34.32386,1.3534192,1.3676579
35.473015,1.7550601,1.7827663000000002
32.739376,1.5472734,1.5420084
36.63195,1.4154408,1.4285319
31.375645,1.4474354,1.4633198
35.549076,1.9407600999999999,1.9571966999999995
33.222023,1.615967,1.6432726
34.17368,1.4633182,1.4728417
30.968721,1.5915419,1.6109986
38.61252,0.99002993,0.93320477
39.542046,1.6123250000000002,1.6290531
34.25141,1.2122363,1.2105222
36.23478,1.5485736,1.5620463
37.082504,1.1482536,1.1426301
36.140163,1.3659724,1.3719726
30.993761,1.3004364,1.3093884
35.59787,1.552429,1.5610034
35.17965,1.0216734,0.9800686
35.390106,1.5728537,1.5776411999999997
36.581318,1.5971944,1.6061213000000003
39.77481,1.4684668,1.4841397
33.08896,1.4986856,1.512368
30.179138,1.6690176,1.6929133
31.760056,1.34809,1.3647871
39.234898,1.3786019,1.3921828
38.91108,1.0790645,1.0645423
36.90711,1.5590961,1.5625887
39.964996,1.7734168,1.7894416000000002
30.083511,1.1978031,1.1883783
35.48767,1.2124594,1.1946027
32.933125,1.5107872,1.5210073
36.895977,1.124704,1.10547
33.691334,1.583051,1.5908441999999998
34.909924,1.6221241,1.646055
33.197514,1.7094715,1.7456286
37.01713,2.066471,2.1127152
33.873016,1.3540833,1.3626555999999999
37.5483,1.3816806,1.3838418
36.965664,1.4718401000000003,1.4859309000000003
32.22151,1.5048879999999998,1.5294105999999998
36.8602,1.1538081,1.1419992
31.880722,1.8038335000000003,1.8224239000000002
33.538757,1.3698731999999998,1.3811409999999997
39.53362,1.820091,1.8402626999999998
30.82073,1.8127047,1.8219318
37.21223,1.3202298,1.3236182
36.188854,1.7840142,1.8098898
31.165895,1.4983431000000003,1.5106821000000001
34.29885,1.3882021,1.3941257
39.34904,1.3860958,1.3871608
39.306946,1.1685982,1.1728134
34.30238,1.3278829,1.3354869
36.581455,1.7416392999999997,1.7567936999999998
33.994457,1.964525,1.9934945
30.448792,1.4203727,1.4339249
38.263206,1.325963,1.3235469
37.950047,1.6456094,1.6691182
31.756128,1.5555973,1.5668416000000003
30.834618,1.6627532,1.6721206
30.905987,1.3376924,1.3473511
33.37157,1.3204949,1.3267188
33.64663,1.9061313000000002,1.9253900000000004
33.65799,1.9271368,1.9717817
30.847366,1.666578,1.6713899999999997
35.88612,1.4151366,1.4238949
32.240562,1.5878501000000003,1.6167068000000004
35.104927,1.2454677,1.2409477
37.71999,1.7157986,1.7289155
37.881413,1.1852846,1.180443
38.57278,1.0275906,0.9744609
38.2759,1.6343862,1.6417179
38.588905,1.2447221,1.2414367
33.94845,1.2339735,1.2259808
38.241615,1.4632237,1.462322
34.47176,1.1824721,1.1784735
34.80538,1.6441183,1.6477027
32.403713,1.4138272,1.4132345
38.106506,1.7182869,1.7258501
37.55738,1.4141834,1.4086299
33.309124,1.3504118,1.3508337
35.933277,1.8717217,1.8912959000000003
39.05243,1.4127338,1.4216704
34.227646,1.7078005,1.7118959999999999
30.809725,1.1620785,1.162708
39.27771,1.7530565,1.7662475
34.780495,1.7977395,1.8090634
37.347565,1.8666432999999998,1.8966130999999995
33.15514,1.7623689,1.7860648999999997
35.275425,1.5045669,1.5052669000000003
37.73192,1.8582548,1.8850136
32.322594,1.9586093,2.0060155
35.89619,1.9195723999999998,1.9369072999999999
37.224907,1.2891759,1.2920597
39.73965,1.1357564,1.1286359
34.47616,1.6678799000000002,1.6847711000000005
37.473484,1.4898587,1.5012727
34.723003,1.5594677,1.5737611999999999
35.238487,1.6952096,1.7010489
32.35177,1.4248499,1.4344063000000002
31.114758,1.4580978,1.468005
39.38052,1.6052117,1.6149213000000002
34.99205,1.5804498,1.6005692
39.822834,1.292475,1.3071578
33.20229,1.0042149,0.97053176
37.619072,0.99347174,0.9555669
38.25216,1.3113707,1.3156109
34.185,1.4778867,1.4782996000000002
33.35396,1.2687067,1.2745233
30.198946,1.4459907,1.4564955
36.80614,1.8172729,1.8302915000000002
33.249332,1.4669443,1.4740987
39.137787,1.4702964,1.4732721
37.77653,1.4227643,1.4321294
39.64598,1.5165322,1.5214939
38.18589,1.306948,1.3150532
39.41545,1.5765381,1.5952358
31.54087,1.2824032,1.2880545000000003
37.25602,1.2902739,1.2836537
35.75981,1.6415783,1.6438076
38.461445,1.4658487000000002,1.4785826000000002
32.328827,1.8712559,1.9101954
36.101395,1.3194767,1.3263499999999997
32.592896,1.5373186,1.5343304
39.721107,1.3298457,1.3410449
30.192799,1.9833816,2.0287197
37.234776,1.3998778,1.402417
36.358593,1.5428985,1.5511856
39.748245,2.0912137,2.1423213
31.806065,1.1602226,1.1540692
33.621834,1.5169322,1.5241988000000002
34.664234,1.5421937999999997,1.5496429999999999
36.730995,1.5915484,1.6010296
38.450817,1.9612541,1.9945201999999997
34.154713,1.5572215,1.5703273
34.236195,1.1613479,1.1723228
31.566202,1.1156181,1.1035507
34.9089,1.279821,1.288058
32.05046,1.0282464,1.014573
35.051357,1.3987861,1.4108069
33.441948,1.288209,1.28001
35.541225,1.4536439,1.4627576
39.396618,1.3682729,1.3782248
39.793854,1.9342202,1.9480934
32.07533,1.610792,1.6242603999999998
37.979515,1.4169021,1.4192188000000001
33.4581,1.7537798,1.7849595999999999
36.18609,1.4803314,1.4843383
36.12996,1.1472152,1.139554
33.533577,0.97381413,0.9464098
38.20006,1.2947538,1.2991313999999998
38.06868,1.5243965,1.5372677
34.84767,1.5164249,1.5346064999999998
32.69231,1.490489,1.4931803000000001
38.00814,1.5806531,1.6003243999999999
37.015995,1.621904,1.6304443
37.50486,1.4496605,1.4460258
35.910213,1.7211800000000002,1.7563603
36.419365,1.8863945,1.9135634999999998
33.067165,1.3136375,1.3196454
38.613403,1.3429184,1.3513632
34.99822,1.9375324,1.9638383
39.73,2.0046883,2.0479262
37.539017,1.3723779,1.3851879
38.37772,1.2088987000000002,1.2112846
31.198889,1.4624964,1.4819881999999998
32.988766,1.5401763,1.5568681
34.600025,1.3914342,1.4047861000000001
37.218365,1.1746275,1.1788199
37.930435,1.3190613,1.3310852
30.004007,2.0050685,2.0238016
36.362885,1.8094485,1.8365915
33.14596,1.6735067,1.6915123000000003
33.9517,1.8005816999999997,1.8297624999999997
30.605135,2.0278962,2.0927591
39.33879,1.0259845,1.0000219
37.73148,1.5483203,1.5572281000000001
36.111492,1.9942007,2.025968
38.763767,1.4306564,1.4376302000000003
34.287457,1.9313269000000002,1.9511840000000003
38.236008,1.4756063,1.4946485
38.536785,1.478971,1.4827341999999997
31.347345,1.0717275,1.0408733
35.299976,1.5999045000000003,1.6087742000000003
34.370583,1.9922591000000003,2.0255704
38.073814,1.1012402,1.0633814
38.41388,1.4652651999999997,1.4722814999999998
30.266277,1.081744,1.0636603
31.934744,1.6068797,1.6138382
36.429546,1.9063500000000002,1.9215424000000003
39.772987,1.5587641,1.567698
37.96967,1.347347,1.339195
32.105762,2.0740805,2.092866
33.348015,1.5511956,1.5595868000000002
38.78709,1.4857283,1.4870391
39.517864,1.4324806,1.4412868
36.52593,0.9933549,0.9918465
39.18399,1.5221804,1.5399666
37.10579,1.2754813,1.2937787
39.49105,1.5992174,1.6049929
39.50143,1.4273311,1.4348414
30.927742,1.0009054,0.9614467
33.787586,1.1205189,1.0901535
39.550037,1.3558635,1.354569
33.612206,1.5249088,1.5265388
37.3093,1.6495991,1.6685491
36.452522,1.3209982,1.3448026
39.63005,1.7608323,1.7857704000000003
38.73908,2.0827823,2.1279063
36.074955,1.6912112,1.6930113
34.36063,1.135674,1.1330085
30.939493,1.7543733,1.7715563999999997
33.160515,1.5373927,1.5525947
39.240173,1.3358407,1.348305
32.810143,1.043975,1.0358545
37.094746,1.6652339,1.6712481999999997
39.20991,1.4975373,1.5089529
39.318897,1.6957865000000003,1.7122588000000003
34.524,0.9906102999999999,0.9556562999999999
38.909286,1.435033,1.4436767000000001
34.21943,1.6428065,1.658797
34.872417,2.065614,2.0904725
38.875362,1.7378713,1.7552067999999998
34.809177,1.3491329,1.3616228
38.32128,1.6848423,1.6959374
36.27224,1.3119545,1.322216
34.042755,1.2303503,1.224633
32.483154,1.8986394,1.9300864
34.598373,1.759444,1.7954564
34.347958,1.5242973999999998,1.5204279999999997
33.846752,1.1152669,1.0894275
34.77571,1.6740887,1.6826665
33.678745,1.6079589000000003,1.6217976000000003
38.216972,1.6780951,1.6904068
36.569817,1.130704,1.1200786
33.06068,1.729555,1.7468184999999998
35.694397,1.232222,1.2349920000000003
39.78653,1.6260587,1.6350693999999997
38.748642,1.4633601999999999,1.4695958999999998
32.28715,1.4362965,1.4374792999999997
37.570366,1.5255361000000003,1.5397348000000002
30.973745,1.8436903,1.8529701000000003
31.451193,1.1203157,1.11569
36.81624,1.5099899,1.5187452
31.503439,1.5392617,1.5447229999999998
31.865826,1.4807307,1.4984844000000002
32.417942,2.084549,2.1210952
31.979725,1.477869,1.4889780999999997
31.200153,1.2753708,1.272089
34.707577,1.8124808,1.8280797
36.602425,1.3705475,1.381702
35.07079,1.4642708,1.4692535
35.97117,1.4294177999999997,1.4287154999999998
34.646835,1.2760186,1.276809
39.55254,1.2874844,1.2857852
32.810486,1.3282107,1.3347837999999999
37.175426,1.3963484000000002,1.4084454000000002
33.280647,1.6739244,1.6977457999999999
36.63393,1.8170613,1.8337625999999998
34.22231,1.3415588999999999,1.3475436999999997
35.607044,1.284294,1.2877977
34.820297,1.4347774,1.4346108
36.590508,1.3235046,1.3246063999999997
31.98302,1.4366667,1.4461615
38.10518,1.4017886,1.408498
30.581219,1.4693414,1.4747252
30.051561,1.5488627,1.5549684000000001
36.703384,1.6242223,1.6486465999999997
33.65129,1.1439117,1.126478
35.396076,1.4989053,1.5085216
31.119379,1.2267882,1.2210214
31.482357,1.2921288,1.2952166000000003
31.744776,1.8902813,1.9161465
37.47319,1.8287607,1.8558486000000003
37.016403,2.045319,2.0691717
36.8056,1.5492473,1.5579259
33.67074,1.0066987,0.9644337
39.40835,1.165366,1.1623418
37.990597,1.3784678,1.3820034999999997
32.37181,1.6701121,1.6773095
30.096014,1.2202016,1.2205298
35.232616,1.8779857,1.9072591999999997
33.414345,1.6303683999999998,1.6302237999999998
37.093513,1.378419,1.3849452
30.373632,1.9878061999999999,2.0630193
30.610502,1.153369,1.1360633
31.032927,1.3151058,1.321965
31.833805,1.451794,1.4683969
36.827976,1.4842867,1.4880722
36.253983,2.0996633,2.180255
37.03492,1.8399076,1.8607471000000002
37.314972,1.7652045,1.7921994
35.243477,1.1765546,1.1740448
32.134136,1.2723596,1.2814648
38.96587,1.1296675,1.1144106
31.258198,1.1127989,1.1051722
35.119316,1.3200738,1.3318757999999997
39.877014,1.4211624,1.43297
32.035343,1.4067464,1.418299
31.339056,1.8553729,1.8791502
38.31292,1.6559369999999998,1.6717434
31.374609,1.6339840999999997,1.646826
36.36553,1.4453468,1.4585862
32.77421,1.2478942,1.2561564
39.335144,1.3562653,1.364562
32.496845,1.9024634,1.9278107000000002
32.174747,1.3044802,1.3091598
38.72298,1.2696613,1.2662349
37.472847,2.0271614,2.0521047
38.926426,0.9704294000000001,0.9399624000000001
32.281002,1.1739035,1.1751266
30.275454,1.8146329999999997,1.8445518
30.5614,1.2703593,1.2742655
36.719204,1.042212,1.0108104
34.15908,1.2632145,1.2604756
33.713745,1.4903747,1.4915253999999998
33.258892,1.4085122,1.4161701
39.85139,0.9850405999999999,0.9476157
36.198536,1.4886738,1.4900889
31.530167,1.9421885,1.9854053999999999
34.742447,1.286606,1.2818422
31.128428,1.7523122,1.7722696999999998
34.56915,1.5191503,1.5296338
30.734394,1.5936054,1.5986333
30.009764,1.7294921,1.7498672
32.089867,1.192859,1.188873
33.905003,1.1964703,1.1903527
35.675488,1.149321,1.1321058
37.248814,1.1222566,1.1203172
32.55059,1.4948314,1.5020955000000002
33.43436,1.3767682,1.3862555
36.7298,1.6065853,1.6295904999999997
38.24089,1.4579841,1.4586062
39.288025,1.789852,1.8176477
37.60587,1.2901422,1.3001628
34.12726,1.5131373000000001,1.5198407
37.75082,1.3470749,1.3570442
37.563072,1.5617776,1.5777074999999998
31.57339,1.6044125999999999,1.6169686
39.481014,1.5563293000000002,1.5595489
31.619232,1.5968641,1.6068441999999998
34.836067,1.6302302,1.6419291
33.187107,1.4824699,1.5009091
34.8879,1.4303986,1.4300072
38.85922,1.5537004,1.5556206999999997
32.76038,1.3248292,1.3343103
39.28116,1.632878,1.6440258
37.852673,1.1877795,1.181503
35.67453,1.3402089,1.3544753
30.62458,1.2390589,1.2452681
37.555687,1.1320999,1.1262674
33.089497,1.6822999,1.6997504
38.196518,2.1084468,2.149873
35.20632,2.062767,2.1082
38.894855,1.4837421,1.4944572
30.832773,1.6422601,1.6600044
34.75407,1.7117592,1.7227528
31.930576,1.604859,1.6207732999999998
39.076958,1.6708946000000002,1.6855104000000003
33.882996,1.9671543,1.9902704000000002
31.449183,1.5593395,1.5788743
31.136608,1.4183215,1.4091048
37.67435,1.3510532,1.3607066000000003
36.604713,1.4238812,1.4252384000000002
39.947094,1.2918702,1.2996674
37.716904,1.3994327,1.3959658
37.175144,1.7216436,1.7463236
31.984695,1.4263066,1.4347831999999998
34.473515,1.907397,1.9481089000000003
32.29579,2.0385993,2.074875
34.415012,1.3146439,1.3200373999999997
31.99408,1.4798744999999998,1.4916500999999998
37.48058,1.9946506000000002,2.0385308000000006
31.185806,1.2694746,1.2704443999999997
30.175577,1.4773442,1.4814546
33.590572,1.1945724,1.191788
32.36606,1.6953723,1.7040677000000002
38.820076,2.070548,2.1285183
37.435642,1.7215594,1.7431547999999997
39.206764,1.6467638,1.6526356
37.884644,1.4502766,1.4543667
39.26313,1.9504614,1.9598217
34.743595,1.1619643,1.1585603
38.56223,1.4091743,1.4160650000000001
36.242363,1.0065761,0.97020715
30.110777,2.0078816,2.0568092
34.343517,1.4900184,1.5061979
36.70873,1.5327729000000003,1.5393238000000002
32.10264,1.5660682,1.5672798
35.80398,1.1301055,1.1160185
38.945705,1.6304984,1.6335251000000002
39.459133,1.6135733,1.6306225999999997
32.455063,1.6428933,1.6583695000000003
31.822947,1.4010572,1.4063027
33.201683,1.0213852,0.98843163
39.59924,1.7000152000000002,1.7047615000000003
37.712364,1.5134358,1.520613
39.425922,1.4935224,1.4974337000000002
38.367622,1.1069489,1.0883461
31.53551,1.7560984,1.770675
31.02412,1.8226602,1.8397181
33.686836,1.6252987,1.6427524
32.04244,1.9117957,1.9541557000000003
35.655518,1.0583245,1.0330596
37.183865,1.3975768,1.3994062
33.122066,1.3108609,1.3060133
36.087944,1.3932145,1.3983971999999998
30.686888,1.2672814,1.2819819999999997
39.042854,1.2948965,1.2996116
38.317844,1.4264878000000003,1.4246969000000003
32.73973,1.6980095,1.7204945
30.796515,1.2684806999999998,1.2655796999999998
37.95203,1.6736612,1.6824538999999998
39.2634,1.2114793,1.213295
35.376823,1.8400236,1.8680873000000002
33.273754,1.2934268,1.3000586
30.007147,1.7926252,1.8130739
37.654873,1.4427035,1.448746
31.200531,1.2929437,1.3042393
38.932056,1.087999,1.0713239
34.214283,1.4054772,1.4028726
38.226765,1.3453065,1.3513691
36.094704,1.1723686,1.1605067
34.1553,1.4490466,1.4439778
39.32538,1.3357855,1.3396347
37.88622,1.4304866,1.4378927
33.908344,1.8254024,1.8379126
38.27707,1.2367312,1.2349131
32.797382,1.2534524,1.2626295
37.191574,1.4862688000000002,1.489887
30.271814,1.5595989,1.5693893
34.85131,1.5149716,1.5236235
36.371113,1.5649457,1.5745347
36.751537,1.1914629,1.1968257
30.815947,1.1728168,1.168515
32.11341,1.690512,1.6907024
37.15678,1.6823055,1.7013512
31.45606,1.8416015,1.8757614999999999
31.821188,1.3919462,1.3872094
39.22352,1.4644414,1.4758105
35.06762,1.9397848,1.9665052999999997
35.564243,1.2094835,1.2035935
35.685543,1.7425652,1.7562532000000002
37.380817,1.1703517000000003,1.1611822000000003
30.944906,1.5153259,1.5304456
36.450493,1.7512884,1.7711207999999998
37.429188,1.6646857,1.6718032
36.4848,0.90037537,0.84493196
34.646996,1.790984,1.8105841
38.13795,1.4038647,1.4072337000000001
30.25108,1.2693137,1.2561512
39.408566,1.2501479,1.2603436000000001
32.781384,1.169923,1.1638985
36.043087,1.2377882,1.2389562
30.571526,1.3113908,1.3109376
36.92623,1.3053031,1.3119344999999998
34.15998,1.27692,1.2807527
31.634789,1.3155713,1.3235993
34.548058,1.1394821,1.1264031
34.89824,1.6057993,1.6167967
33.077805,1.3523942,1.3568193999999998
35.430748,1.3604206,1.3589792
30.53209,1.3833779,1.3796782
37.668777,1.6719742,1.6828448999999999
30.038261,1.4734805,1.4710612
38.36846,1.6622715,1.686779
35.46138,1.5596735,1.5719801999999998
39.73728,1.5705473,1.5797029000000002
38.987263,1.3541172,1.3586626
36.744812,1.9753531,1.9978447
30.447538,1.9122065,1.937141
31.487822,1.5460397,1.567791
31.843714,1.8695470999999997,1.8998987999999999
36.350193,0.9881828400000001,0.9545693000000001
30.413195,1.189408,1.1916293999999998
37.179844,1.5811887000000002,1.5943465
33.008995,1.6835952,1.6775043
36.175343,1.2188594,1.2121735
34.053997,1.6149343000000003,1.6407216000000002
33.04922,1.4079635,1.4145585999999999
38.370068,1.5395194,1.5400641
36.689648,1.3771544,1.3794434
39.685043,2.0171614,2.0476177
32.790302,1.2439468,1.2392414
31.08345,1.5848061,1.5971660999999997
30.06088,1.2104915,1.2054403
37.52771,1.060939,1.0376322
37.02188,1.522979,1.5338213
32.91186,1.224726,1.2335963
31.141354,1.7494749,1.7758374
34.64713,2.088272,2.1298695
30.153309,1.3312627,1.3313205
30.284172,1.3284245,1.3277903
38.284313,1.7040113,1.7266824
35.55305,1.0657341,1.0526996
34.68244,1.3851601,1.3939245
38.518993,1.9374701,1.9667968999999998
36.35969,1.2288584,1.2366724
34.402107,1.709694,1.7282498
32.22662,1.428623,1.4276588
39.284428,1.5061952,1.5146718
30.17298,1.5046245000000003,1.5175903000000004
36.362144,1.2865224,1.293711
36.255672,1.2398895,1.2473055999999998
32.111916,1.1303164,1.1293523
38.457077,1.290007,1.2927666
32.628395,1.02085,0.99105656
32.28062,1.019189,1.0019221
34.76571,1.3495858,1.3658414000000003
38.344444,1.6799374,1.7020254000000001
32.616917,1.6264987,1.6489203000000001
32.85074,1.0732464,1.0569998
36.498707,1.1258175,1.103308
32.424946,1.7421111,1.7701037
37.13966,1.2849025,1.2940695
32.93937,1.0322458,1.0035963
34.464844,1.3621755000000002,1.3681655000000001
30.175806,1.3355783,1.344991
36.760944,1.4818236,1.4942741
31.720005,1.4849588,1.4880197
35.659317,1.1910886,1.1886978
38.287758,1.7969407999999998,1.8267519999999997
38.465824,1.5881544,1.6017289
37.30529,1.5388438,1.5556982
36.853466,1.9527674,1.9817567000000003
36.250504,0.99360085,0.94169986
36.9996,1.2016944,1.2038778999999997
35.678036,1.1523234,1.1440992
30.25021,1.9692711,2.013474
36.682766,1.7366881,1.7443460999999998
36.065804,1.6184447999999998,1.6335987999999997
35.694508,1.8997712,1.9369601999999997
31.376318,1.402393,1.4105658999999997
33.247837,1.1515023,1.1408758
36.32269,1.2698282,1.2712858
35.653667,1.0759372,1.04413
38.28082,1.86583,1.8840188999999998
31.799929,1.3120992999999999,1.3150884999999999
35.061867,1.8815957,1.9088526000000001
37.21929,1.120091,1.1187449
35.73964,1.8503594,1.8739169000000002
36.85787,1.448645,1.4536459999999998
38.60169,1.3328893,1.3267753
34.513313,1.2694138,1.2743909
34.347076,1.0675128,1.0463185
30.30637,1.3589996,1.3692516999999997
38.307377,1.8795681,1.9061672999999997
39.55883,1.7364335,1.7561071
30.32835,1.4621286,1.4679365000000002
32.64893,1.6905062,1.7040949
35.2647,1.5473123,1.5506685
37.942608,1.5305015,1.550873
31.929289,2.0503483,2.084397
30.228878,1.3135208,1.3160523999999998
37.009377,1.6913807,1.7001683999999997
36.60476,2.0063403,2.0275967
35.102863,1.0893598,1.0812578
38.056248,1.7786243,1.8078117000000002
30.268305,1.2854471999999997,1.2884702999999997
36.318016,1.1502172,1.1418765
33.437782,1.6393044,1.6422143000000002
39.590595,1.8948978,1.9173639
39.511497,1.475861,1.486027
38.216892,1.8066744,1.8332074000000003
37.23319,1.8588276,1.8957074
32.28095,1.895123,1.9180486000000003
39.23141,1.4310048,1.4341562
30.191704,1.9248815,1.9498491
32.31974,1.4556487,1.4586198
37.579346,1.4355285,1.4421510999999998
36.19318,1.7762274,1.7966572999999997
35.231667,1.4826335,1.4906062999999998
36.84861,1.7866722,1.8310362999999998
39.20008,1.8187274,1.8493505000000001
36.07988,1.8377801000000002,1.8746698
35.485126,1.289279,1.2885678
34.912216,1.3167138,1.3191769
32.544235,1.6030331,1.615936
31.925407,1.0480523,1.023768
39.258434,1.2745085,1.2678986
38.860016,1.106264,1.0866933
36.464252,1.3251934,1.3272222999999999
32.554077,1.5371034,1.5516902999999997
31.713156,1.3559295,1.3582704
33.90487,1.1798298,1.1768551
31.218803,1.223115,1.2155421
33.902107,1.7179043,1.7298479000000002
34.983055,1.357271,1.3719285
35.557587,1.5195745,1.5235535999999998
39.210526,1.8213321000000002,1.8536942000000005
38.647,1.6073754,1.618125
31.975412,1.9786670000000002,2.0105083
31.156109,1.3926233,1.3908284
38.783356,1.2937849,1.3046381
33.77508,1.8982022000000003,1.9214365000000002
34.50245,1.8661443000000002,1.8883665000000005
33.279396,1.2167938,1.2090418
30.47876,1.6713221,1.6924143
32.432964,1.406246,1.4148662
35.901608,1.8255700999999998,1.8607546999999998
36.850395,2.0197031,2.0461235
39.83062,1.3042257,1.3164237000000003
34.183662,1.7013222,1.726316
34.783558,1.4981737,1.5062973000000002
30.789028,1.7293478000000002,1.7452691000000002
36.003654,1.4029669,1.4050193
34.24558,1.710838,1.7276809
32.89131,1.3949696,1.4024606
35.907234,1.1856287,1.184819
38.39604,1.4330821999999999,1.4347312
39.462643,1.7450693,1.7502007
38.85032,1.5135407,1.518621
37.550552,1.7317076000000002,1.749454
32.39741,1.4224873,1.4148259
34.634155,1.3540158,1.3733978
36.225304,1.1720783,1.1798186
31.988491,1.9388767,1.9672705999999998
39.111702,1.5773267,1.5890226000000003
31.633635,1.713444,1.7334063000000002
31.486784,0.888945,0.84096986
33.140736,1.30784,1.3116972
35.8784,1.0758461,1.0412056
32.118576,2.0252311,2.0485377
35.153656,1.4504015,1.4672987000000002
36.797333,1.3027616,1.3052576
33.55327,1.4291542,1.4295582999999998
30.777199,1.8700942000000003,1.8881512000000005
34.41272,1.795229,1.8070648
36.01568,1.5958304,1.6050038
31.13417,1.9066814999999997,1.9513594999999995
31.110453,1.168639,1.1577554
36.94721,1.732853,1.7513578000000003
31.317873,1.4455622,1.4554658000000003
35.64732,1.5505879,1.5573750000000002
33.689552,1.6188653999999998,1.6194214999999998
33.613255,1.8014516,1.825563
39.787846,1.2620273,1.2596903
38.353504,2.1015782,2.1640725
37.554802,2.1247942,2.1649568
34.554108,1.0293417,0.99868613
30.288717,1.2203244,1.2212768
31.92756,1.4520911,1.4603734
34.180454,1.2990354,1.3062704
30.514513,1.4635458,1.4749226999999998
30.090797,1.9104114,1.929755
38.694286,1.0142126,0.98059267
32.444695,1.4260521,1.431932
39.472466,1.3574423,1.3640308
34.513485,1.7294962,1.7488816
36.61725,1.7775158000000002,1.7942750000000005
36.207005,1.8096782999999999,1.8284873999999998
30.303493,1.249792,1.2419624
36.15363,1.4969858,1.5046910999999998
36.86197,1.541847,1.5431254
30.0148,1.3291179,1.3340015
31.609571,1.7654448,1.7921010999999998
35.340954,1.4275969,1.4390323
37.05464,1.6321828,1.6467217999999997
37.619892,1.3120463,1.3164628
31.472343,1.3656507,1.3675277
36.896404,1.4126282,1.4147991999999998
38.60509,1.3583008,1.3599489
34.483486,1.6426202,1.6531374
39.430866,1.4890857,1.4953337
36.122265,1.6136334,1.636158
30.017069,1.2968011,1.292275
31.826162,1.2414399000000003,1.246963
38.389626,1.6497883,1.6736760000000002
38.883003,1.7756763,1.798281
35.75628,1.0786556,1.0702109
34.7509,1.5080011,1.5218601000000003
39.36238,1.3271664,1.3340281999999999
34.812862,1.6321486,1.6424022
33.121994,1.1549017,1.1479437
31.891243,1.1580656,1.1487134
32.78086,1.3496115,1.352346
32.493618,1.9430993,1.9556443999999997
39.726994,2.0771616,2.1040397
32.873394,1.1668851,1.1710429
34.351654,1.6044393,1.6109598
35.89576,1.8411214,1.8728592000000002
31.590597,1.5493722,1.5628759999999997
37.15058,1.0354835,1.0019069
35.824604,1.1701002,1.1700058
35.627888,2.0115855,2.051295
37.49617,1.765415,1.7778992999999998
30.734892,1.5045497,1.5184574
37.191174,1.5918673,1.6162301999999997
38.585125,1.6568805,1.6689034000000003
33.68582,1.924723,1.9537072
33.120197,1.6762037,1.6857469
32.7004,1.9253643,1.9642463
36.45944,1.9067814,1.9324323999999997
38.968582,1.1523752,1.1491108
34.54619,1.5600749000000003,1.5663784000000003
38.03759,1.4292657,1.4368205
38.868275,1.1602187999999998,1.1501185999999999
39.834682,1.5141326,1.5252047
39.659306,1.4829656,1.4916925
33.77355,1.1028848,1.0943918
34.11689,1.7101343,1.7329822000000001
34.143753,1.5956701999999998,1.5945777999999997
35.4268,1.3422028,1.3583484000000001
35.3945,1.5940281,1.6012125000000001
32.78055,1.5570086,1.5690615000000003
30.705177,1.3889526,1.3820319
39.477497,1.5078204,1.5217927000000002
36.85059,1.1864983,1.1827197
36.7525,1.6706873,1.6822801
30.247742,1.696723,1.7142646
37.991287,1.1982912,1.1905599
37.94467,1.45443,1.4596968
31.326279,1.3617435999999998,1.3724772999999997
37.330112,1.3155326000000003,1.321029
31.62028,1.7451449999999997,1.7633013999999996
39.88408,1.3283625,1.3332305
32.808964,1.8112874,1.8274759999999999
39.59384,1.8626482,1.8952117000000002
35.51444,1.0987762,1.0863768
32.69383,1.1727636,1.1697447
35.77739,1.2733066,1.2727103
36.35381,1.3199791,1.3301537
38.70179,1.3186787,1.3223934
37.699066,1.4084252,1.4094574
32.89424,1.7289517999999997,1.7441649999999995
35.705048,1.2412757,1.2426674
31.93856,1.475111,1.491884
34.35634,2.0180066,2.0495791
36.991375,1.1969545,1.1879647
35.33154,1.825086,1.8405764
30.37174,1.9991894999999997,2.0292814
30.266172,1.5877496,1.6025729
31.218063,1.6090385000000003,1.6219931000000003
30.130184,1.4320568,1.4367938
33.255196,1.254131,1.2554855
33.19738,1.5099846,1.5348872999999998
37.693333,1.6443908,1.6478252
38.56321,0.9158815,0.8481677
34.939804,1.72575,1.747042
31.953014,2.0009022,2.0408957
33.697666,1.7375432,1.7678982999999997
37.77459,1.9784486,2.021662
35.336403,2.0205803,2.0550506
39.198856,1.9282005,1.9564013
30.204645,1.7501974,1.7740109
38.335556,1.1949651,1.1905925
37.81005,1.3548623,1.3666513
32.13518,1.4681319000000002,1.4749687000000005
38.53789,2.0346608,2.0587735
36.725986,1.5167133,1.5351098
36.047436,1.5421245,1.5474238
30.702469,1.3251941,1.3295851
30.202522,1.7118893,1.7178085000000003
35.813328,1.0878029,1.0668347
35.02454,1.7066094,1.7275751
34.519413,1.4001477,1.4119601
36.05774,2.0800579,2.1315792
34.46667,1.8510034,1.8808665000000002
38.563213,1.7743694,1.781959
39.278004,1.6068316,1.6215134000000002
36.900997,1.4667212,1.4804447
38.239376,1.0965227,1.0741236
39.949593,1.1722424,1.1694992
35.910282,1.8098493,1.8378775
36.331688,1.6375511,1.6532581
33.208496,1.4526628000000001,1.4596713000000001
39.174377,1.64585,1.6543667
37.62207,1.4838269,1.4872152999999997
32.470436,1.4111316,1.4270592
35.877426,2.104252,2.15346
30.928797,1.6773275,1.7154434
31.089745,1.1958282,1.204396
33.764503,1.2253842,1.2230012
39.497677,1.6075146999999999,1.6160436
31.478846,1.2735543,1.2699914
34.562115,1.6043681000000003,1.6173742000000002
34.2624,1.2816693,1.2926838
36.177727,1.49399,1.5069795000000001
35.269867,1.5955099,1.5948682
37.7122,2.137631,2.1594326
38.622383,1.6595174,1.6777728
37.3025,1.7932909,1.8078798999999999
30.314947,1.4372247,1.4469657
37.12288,1.2167673,1.2121227
35.634377,1.5668474,1.564548
37.391544,1.5105288,1.5185332
32.186653,1.6085907,1.6175969
30.09413,1.1762828,1.172075
34.158684,1.4642768,1.4647666999999998
37.708355,1.588635,1.5952367999999997
33.978977,1.3533638,1.3580766
31.087894,1.790581,1.8160882
35.49217,1.0967433,1.0868878
31.996365,1.6994666,1.7237914
35.340904,1.5335453999999997,1.5512559999999997
39.826565,1.647251,1.6473276999999997
35.40432,1.6760732999999999,1.6915642999999998
33.371094,1.8424038999999999,1.8743776999999995
32.28234,2.0580242,2.0940816
37.946117,1.2037148,1.2102976
38.015026,1.7171352000000002,1.733711
34.110607,1.6291406,1.6467895999999997
35.918365,1.5261701,1.5290393999999998
36.220932,1.3827133,1.383887
37.921394,1.5819994,1.5928371
31.642895,0.993734,0.9511294
30.65684,1.1905363,1.1760113
33.631607,1.5193954,1.5214429
39.884655,1.0043132,0.97805923
33.966724,1.9149348999999998,1.9282812999999996
32.32951,1.998696,2.0335472
35.157684,1.421499,1.418468
30.271181,1.6166174,1.6210178999999998
39.001568,1.2667267,1.2704778
31.336252,1.369818,1.3831606
34.470936,2.0388532,2.0609512
32.613117,1.9760125,2.0067909
36.072926,1.4543368,1.4579954
36.9476,1.5884771,1.5998232
37.33173,1.1386553,1.1292188
31.761578,1.3094347,1.3384035
33.818813,1.3937376,1.3922143
34.664352,1.7277087,1.7546268
32.661186,1.4722135,1.4810510000000001
35.852783,1.4919657,1.501961
37.959694,1.2829314,1.2814777
34.38909,1.5959054,1.6081643000000003
32.99046,1.3761922,1.3800041999999997
35.43452,1.9370773,1.9621058
34.12793,1.3564126,1.3669143
37.14269,1.9099185,1.9588602
39.419895,1.3302301,1.3436046
30.26698,2.0925617,2.1503649
33.55001,1.6927071,1.7008908000000003
31.456097,1.5261018,1.5374652999999998
34.90924,0.9659424999999999,0.9461587699999999
36.860855,0.9957140999999999,0.9617977999999999
32.50809,1.4895295,1.4997859
34.524956,1.7066473,1.7210598
33.270187,1.6396123,1.6368139
34.93847,1.3296251,1.3352807
38.54951,1.4909236,1.5044882
34.864853,1.3919456000000001,1.3949432000000004
37.016094,1.8846545,1.8916476
30.338778,1.5228986,1.5320048000000002
37.833378,1.8000821,1.8247688
36.294018,1.9935112,2.0112157
33.140144,1.7715535,1.7874796
32.716877,1.8544905999999999,1.8910212999999998
31.868563,1.7295760000000002,1.7653470000000002
31.721663,1.4289995000000002,1.4412103000000003
39.247223,1.6584766000000002,1.6661170000000003
34.154022,1.5796075000000003,1.6095138000000002
38.7462,1.6661488000000002,1.6849241000000001
33.18345,1.5249969,1.5341249
35.819202,1.2742574,1.2666459
33.538708,1.3324125,1.3275025
35.44327,1.2603866,1.2664466
38.470524,1.3032321,1.318083
36.171116,1.4106051,1.4212359999999997
32.02821,1.2771803,1.2739198
34.394566,1.769448,1.794913
31.534075,2.021779,2.094535
38.41584,1.0794653,1.062134
38.904083,1.149361,1.1471505
34.396305,1.8415,1.8792541000000003
32.182312,1.4988182,1.517585
31.800285,1.2420361,1.2308679
39.83961,1.5821457,1.5890790999999997
38.026806,1.9331805,1.9593150999999998
33.78283,2.1162093,2.1170292
32.238186,1.5635827,1.5738409
38.58407,1.25144,1.2570957999999999
39.200974,1.007006,0.9628314
34.162743,1.3705783,1.3855326000000001
38.079777,1.4995836,1.5096271
34.973698,1.2179686,1.2171605
33.854347,1.9072088,1.9202432999999999
30.578207,1.3881109,1.3839262
34.105373,1.592468,1.600321
36.319168,0.9653882400000001,0.9285029000000001
34.797558,1.3511552,1.3600161
33.26289,1.8856872,1.8987937
36.818764,1.5398813,1.5485168
32.77264,1.8435122,1.8692408
31.21924,1.3639377,1.3708819999999997
35.8102,1.1982877,1.2017796
33.977436,1.5836763,1.574218
35.449078,1.2260448,1.2143862
39.906284,1.6695726,1.6856751
38.315525,1.348084,1.3601458000000002
32.49883,1.929086,1.9490184999999998
39.418392,2.0402749,2.0738845
39.40958,1.779961,1.7999405999999998
39.216557,0.97848123,0.9187871
34.64566,1.1641499,1.1541426
37.088345,1.326261,1.3233626
30.402468,1.3718097,1.3859066999999998
36.963474,1.4143076,1.4266672
31.235914,1.322424,1.3255701
30.922651,1.1170373,1.116647
32.645042,1.8417064,1.8571942000000001
37.35351,1.7062190999999998,1.7244408
31.099667,1.4305995,1.4465417999999999
32.501263,1.5961094,1.6138650999999997
38.032806,1.6022204000000002,1.6168003000000004
32.2949,1.9026694,1.9499729
32.039024,1.828231,1.8553505
39.99861,1.6864519,1.6971647999999997
38.371563,1.8548841,1.8970816
34.49069,1.5445132,1.5579927
34.42985,1.5878236,1.5990820000000001
34.459682,1.4971018999999999,1.5033890999999995
31.639658,1.3522531,1.3639633999999998
32.729145,1.065002,1.0389559
30.145908,1.4356875,1.4411066
30.839258,1.1272405,1.1209455
31.152952,1.1940361,1.1916611
31.52432,1.2540079,1.2477269
30.544302,1.0854248,1.0731982
36.517353,1.7708645,1.7861633
30.90575,1.1384684,1.1395645
37.72766,1.5708698,1.5846391
39.419895,1.4813634,1.4912255000000003
34.96986,1.4099637,1.4160957
37.79314,1.9635257,1.9754676999999998
38.089855,1.862873,1.8885226
38.487125,1.9609629,1.9894543
32.87896,1.2966111,1.2875414
38.92921,1.8721955999999997,1.9027336
35.731056,0.9877865,0.96185166
35.79678,1.5832965,1.5959272000000002
36.74124,1.8900218,1.9127745999999999
31.528467,1.8919896,1.9177618000000003
39.471252,1.2071072,1.2115211
34.803013,1.6116753,1.6301429000000003
37.99256,0.99148256,0.9451827
34.90115,1.267712,1.2882507
37.71159,1.5177029,1.5266066
36.422832,0.9813821,0.95948964
30.451855,1.1981739,1.2199175
36.628487,1.075375,1.0484761
34.11825,1.1953515,1.198817
39.059834,1.5330973,1.5369287000000003
35.582,1.9584714,1.9920957000000001
37.4871,1.5527166,1.5629005
30.537006,1.2775441,1.276304
33.20751,1.5705578,1.5791283000000003
34.426277,2.0635805,2.1167762
33.141262,1.8058068,1.8291633
32.613075,1.2507219,1.2566266
30.738745,1.3436428,1.3464603
30.314142,1.2265263,1.229701
39.099983,1.2530936,1.2501538
30.244095,1.7569039,1.7793989
39.060616,1.4211121,1.4249504
34.158596,1.2195697,1.2298937
30.931313,1.697151,1.7320809000000001
31.195316,1.0690606,1.0530992
30.955278,1.35593,1.3483076
35.501743,1.7944119000000003,1.8089957000000005
31.055115,1.4851464,1.5040753
31.319378,1.5229757,1.5343191999999999
33.926914,1.6628255000000003,1.6803107000000002
35.93191,1.9404203,1.9620123
37.39276,1.5730188,1.5971675
37.187202,1.8516848000000001,1.8816864000000002
31.886343,1.9824582,2.008198
36.865944,1.5201592,1.5323792
34.4994,1.2610309,1.2534428
35.67507,1.3347868,1.3373499
34.955345,1.2114804,1.2053928
31.570543,1.277172,1.2776947
32.87735,2.1573954,2.2035182
30.741123,1.1215943,1.101476
35.1363,2.0682688,2.108939
38.76519,1.3586541,1.3689563000000002
35.11685,1.490534,1.502707
39.57722,1.3881295,1.3918445
37.97665,1.7206469,1.7398891
39.280445,1.6877943,1.7043879
39.59907,1.0498694,1.0422609
31.289974,1.7844772000000002,1.8129625000000003
38.897537,1.782017,1.8100531
38.406853,1.4163448,1.4255581
37.742928,1.037965,1.0208335
35.80756,1.2812909,1.2788482
30.248093,1.3941405,1.3870716
37.765717,1.5584329,1.566051
36.600674,1.1290568,1.1246512
39.089302,1.1932318,1.1858692
35.188747,1.8077081,1.8439701000000002
33.639977,1.5680346,1.5834563000000001
38.036404,1.4929136999999997,1.4991993999999997
36.442192,1.8256949999999998,1.8546027999999999
33.059853,1.2256148,1.225353
32.894936,1.4377573,1.4464657
37.989048,1.4668367,1.4693016999999997
39.216324,1.8924994,1.9130285
32.208633,1.1760358,1.1690555
37.662605,1.8395329,1.8612759
39.795177,1.0877124,1.066507
33.54844,1.5342201,1.5419271000000003
33.746983,1.4346472,1.4425105999999999
30.201923,2.1116555,2.1602929
30.551056,1.4473773,1.4500207999999999
38.46297,1.9711912,2.0076523
31.517838,1.6381063,1.6511557
34.84147,1.6236848,1.632267
33.914112,1.5640872,1.5802617000000003
39.118057,2.001657,2.0306678
30.392393,1.4831984,1.4951649
33.23265,1.165981,1.1528316
32.090424,1.4139777,1.4229430999999997
32.90547,1.681501,1.7076110999999998
35.647774,1.4748048,1.4677253
35.979084,1.8505093,1.8850703
37.5477,1.2917731,1.313873
33.55862,1.2095146,1.1983254
33.31609,1.3468336,1.3429527
35.805065,1.4423249,1.4490650000000003
33.464294,1.8816408999999998,1.9071695999999998
31.227589,1.3296107,1.3353691
39.55298,1.5282967,1.5410845
32.29061,1.5327238,1.5430734
30.311049,1.2560474,1.2462838
32.80658,1.2475516,1.2505147
35.53445,1.0112717,0.9730449
37.688465,1.1716464,1.1689026
39.50631,1.7605490000000001,1.7677102000000005
32.994053,1.2383939,1.2396634
32.235867,1.5664049,1.5751509999999997
38.80856,1.9192677999999999,1.9376349999999998
32.479225,1.7809623,1.791008
39.419243,2.0096414,2.046796
38.103832,1.3511505,1.3616502000000001
33.90748,1.5505785,1.5708418
38.681488,1.2793243,1.2770171
37.916927,1.641089,1.6533400999999999
32.821865,1.582631,1.581384
39.775543,1.5297472,1.5337896000000002
32.80474,1.5753244000000002,1.5833585000000001
30.268404,1.6940731,1.7094159
34.663395,1.7010616,1.7225155999999997
37.6259,1.2423192,1.2360342
35.01601,1.3930002,1.4008212
32.1557,1.1833891,1.1726079
38.5393,1.5449221,1.5492244
37.209084,1.4229488,1.4345596
38.673237,1.3968955,1.3932152
33.94551,1.7614005,1.7726078
38.46882,2.0087073,2.0521219
38.106976,1.1692326,1.1706791
33.082413,1.415483,1.4285147
31.298195,1.2173673,1.2111778
39.988567,1.9721341999999997,1.9971011
36.381634,1.190592,1.1908062000000001
33.815323,1.3519726,1.3519642
39.442383,1.1505859,1.1276467
34.581165,1.3740077,1.3756985999999998
36.323658,1.4586746000000002,1.4708843000000003
32.809425,1.8327589,1.8553758
39.61139,1.3994236,1.4119966
30.875032,1.7494514999999997,1.7709376999999995
38.467766,1.0998101,1.0949881
31.696451,1.6825609,1.6824844
31.487328,1.9225068000000003,1.9481180000000002
32.921776,1.6534547,1.6645961
30.863909,1.613595,1.6454837
38.08121,1.3624988999999998,1.3688108999999995
38.450523,1.6387103000000003,1.6538115000000004
34.044353,1.7370512,1.7699434999999997
35.42887,2.0404298,2.071504
32.091812,1.7411109000000002,1.7721138000000003
38.89025,1.1187942,1.1109059
36.258705,1.6675014,1.6844974
33.842842,1.3594811,1.3689648999999997
35.44493,1.3651304,1.3730597
31.712759,1.0333978,1.0054967
37.23543,2.0454392,2.0719573
31.945082,1.1857134,1.186832
37.515923,1.3265876,1.3310041
39.681515,1.7420504,1.7649484
34.638783,1.5180972,1.5368624
34.409172,1.5474164,1.5560708
31.604464,1.7764938,1.8022666000000003
32.74554,1.061551,1.0426359
38.704834,1.6942366,1.7130661
39.189762,1.5784848000000002,1.6043553000000002
30.100227,1.4453639,1.4479289
30.56431,1.3369473,1.3457894
36.571823,1.4636809,1.4689908
35.506683,1.8431703999999998,1.8775625
39.432457,1.5884701,1.5960547999999999
39.135902,1.6111526,1.6264682000000001
39.505077,1.8594903,1.8816321
37.99136,1.7757512,1.808706
33.01554,1.395827,1.4127436
33.74939,1.3449558,1.3379965
36.06693,1.494354,1.5111258
38.664753,1.5707183,1.5750000000000002
34.13176,1.2389553,1.2411091
34.631634,1.4281057,1.4364604999999997
30.67425,1.0264486,1.0172254
33.993332,1.5548433999999998,1.5686483
37.042747,1.6365167,1.6411293000000002
32.786945,1.8786759,1.9046484999999997
31.80034,1.5148398,1.5257677999999997
35.29391,1.3105031,1.3093059
39.613926,1.3959385,1.3951211
37.98862,1.7244661,1.7447896
33.66063,1.5545136000000002,1.5692277000000001
33.885735,1.413288,1.4307463
34.664753,1.0659279,1.049564
34.53368,1.046592,1.0228372
31.45579,1.3543957,1.3562688999999999
39.325535,1.4376689,1.4386427000000002
30.390928,1.8295004,1.8660681000000001
38.072647,1.7569568,1.7689476
35.523613,1.4269495000000003,1.4390552000000005
33.93524,1.7590132,1.7820308
38.63624,1.7058130000000002,1.7239065000000002
38.806297,1.6127574,1.6243346000000003
35.436417,1.4780064,1.49142
39.511208,1.4436436,1.457932
35.06428,1.607968,1.620019
39.141487,1.6524987,1.664506
34.472923,1.521497,1.5427024
35.48821,1.1343708,1.120636
30.676882,1.7505907,1.7713411
30.097502,1.7638413,1.7802222
33.32897,1.0246546,0.99514544
33.464455,1.6098887,1.6215029000000003
36.669548,1.0642601,1.0375113
37.23633,1.5392628,1.5506082
34.5911,1.3600374000000002,1.3725233000000001
31.271946,1.1323122,1.1221428
35.912106,1.3879129,1.393558
34.99542,1.6733443,1.6761823000000002
32.531555,1.2676641,1.2643328
36.466003,1.8643985,1.8842728
38.993465,1.4641373,1.4690716
31.347754,1.276699,1.2821856
36.56641,1.5199264,1.5266182
35.790997,1.2034498,1.2069535
36.754585,1.9497719,1.9836092000000003
30.67517,1.1850803,1.1628292
38.04755,1.2434435,1.2485287
38.81303,1.6989932,1.7124043
38.890617,1.5134349,1.5221007000000002
32.920017,1.6547919999999998,1.6638726999999995
30.506538,1.6400551,1.6614017
34.36627,1.8438153,1.8720019000000003
34.916065,1.1553458,1.148582
32.53035,1.9191382999999997,1.9141318999999999
39.75914,1.248535,1.2413607
36.6645,1.8448861,1.869473
37.62686,1.7659501,1.7899086
39.06266,1.5489058,1.5597155
33.59145,1.6055386000000003,1.6187222000000003
32.71676,1.727015,1.738225
37.461933,1.399624,1.3986125
30.264221,1.1072683,1.1042597
34.085934,1.3974682,1.397238
31.612223,1.4454753,1.4569836
31.129995,1.6617447,1.681041
33.38223,1.8503971,1.8777404
33.935177,1.64785,1.6529033000000002
34.68166,1.1540772,1.1301372
34.113518,1.4651986,1.4593859
36.08055,1.6463387,1.6661234000000003
35.59571,1.9380329,1.9670451
36.949924,1.2943466,1.3084106
36.003555,1.6265042,1.6330709999999997
30.193502,1.5585196,1.5813417
37.721813,1.374646,1.3826112999999998
34.857258,1.2428807,1.2426422
38.23256,1.1999373,1.2090621
39.756474,1.813483,1.8463786000000002
34.036217,1.5088536000000001,1.5155895000000001
32.008522,1.6800163,1.6930853999999997
31.407951,1.7124841,1.7216854
39.550877,1.379651,1.3840404000000002
39.82175,1.7635708,1.7866377999999998
37.435867,1.2942271,1.3018258
33.867107,1.5267465,1.5379850999999998
37.42259,1.4911944,1.4974976
30.25843,1.6361506000000001,1.6521363
34.013256,1.5319428,1.5431389999999998
38.735756,1.5801593,1.5835521000000001
38.894653,1.6899701000000003,1.7060590000000002
34.200783,1.7488949,1.7665967999999999
32.938396,1.7611643,1.7874241
37.93925,1.4826701,1.4939996999999998
39.450035,1.7088339000000001,1.7237163000000002
34.742928,1.7912550000000003,1.8201559
39.792843,1.132662,1.1067159
32.718384,1.300788,1.307945
35.306683,1.9611782,1.9763908
38.505836,1.6525301,1.6606236
33.288635,1.8718599,1.8961172
30.911509,1.6402209,1.6611001
38.13396,1.9076973999999998,1.9448731
34.479008,1.13587,1.139369
38.051918,2.0280416,2.0837212
30.986979,1.5483114,1.561398
38.28772,1.2631274,1.2690325000000002
30.97078,1.4050277,1.4138637
37.725677,1.2215899,1.2173412
30.883295,1.4856344,1.5056619999999998
36.222973,1.4223822000000002,1.4238536000000002
37.127464,1.2816955,1.2771528
35.37538,1.739943,1.7619259000000003
35.35634,2.022574,2.0541155
31.439913,1.3461777,1.3538494
36.2369,1.2693441,1.2731156
38.932133,1.228075,1.2283983
39.319412,1.3131995,1.3105652
36.167088,1.7451813,1.7732108
32.104374,1.9637529,1.9945307000000003
31.607613,1.8520182,1.8819551000000003
34.751537,1.3911631,1.388861
32.980713,1.0326636,1.0040176
37.352264,1.5808011,1.5885096
39.15323,1.849125,1.8809726000000002
32.119507,1.9095880999999997,1.9494344999999997
39.790016,1.2094004,1.2011607
33.117687,1.2878797,1.2787795
38.628086,1.9581994999999999,1.9935099999999997
34.609997,1.4384621,1.4532974
37.943016,1.3240943,1.3386521
32.30823,1.5202979,1.5326924
38.959713,1.3887118,1.3924649
36.659916,1.8998721,1.9357748000000001
34.90394,1.5917698,1.6030703
36.830956,1.2143956,1.207911
30.816608,1.9000202,1.9128475
37.029434,1.2036473,1.2026727
31.313051,1.3385752,1.3411942
30.627214,1.6491294,1.6668353
37.778893,1.7336134,1.7297151
33.881516,1.3998778,1.4042210000000002
33.254982,1.3343904,1.3454282
35.979076,1.2235131,1.2088904
38.333336,1.5930517,1.5996172
36.018867,1.241534,1.2432654
36.76921,1.6517588,1.6712953999999998
30.371656,1.4346116,1.4518354
30.392519,1.3540975,1.3542075
35.623447,1.6558886,1.659538
30.400845,1.3130813,1.3315821000000003
35.564262,1.5849359,1.5980728
36.22798,1.6711913000000003,1.6845124000000002
33.954693,1.324828,1.3479786
39.77608,1.3182384,1.3283169
36.572063,1.3960704,1.4083233
39.131687,2.0256822,2.0537071
32.674118,1.4872472,1.5172331
32.469063,1.6982801,1.7114782
34.64194,1.8156632,1.84407
31.345263,1.0574718,1.0135536
39.53457,1.5841911000000002,1.5919476000000001
36.12497,1.3659596,1.3683
33.287926,1.8986756,1.9210951000000003
33.192135,1.4077611,1.4153580999999997
36.992016,1.3805803,1.3832783999999998
38.56406,1.4161199999999998,1.4227663999999995
38.19751,1.7032771,1.7164588000000003
35.45069,1.9070339,1.9287941000000002
32.49165,1.2847643,1.2894049
39.916576,1.3542879,1.3601964
37.047665,1.4820799,1.4996991000000002
38.101128,1.3384564,1.3439724000000002
39.674675,1.6875055,1.7103999
33.617714,1.1168307,1.1085343
36.01474,1.502373,1.5113995
30.619316,1.2348553,1.2442288
39.74505,1.262533,1.2715285
30.86628,1.4059223000000003,1.3941483000000001
37.15916,1.6607419999999997,1.6640395999999997
31.071812,0.97121984,0.9192121
31.893873,1.8815698999999997,1.9039253999999999
36.464043,1.8438452,1.8681412000000002
30.572533,1.6487488,1.6598367999999997
32.912304,1.5078049,1.519464
37.347088,1.4572375999999998,1.4646823
32.375015,1.30813,1.3165038
32.214626,1.8254416,1.8377376
33.07601,1.6414686,1.6581309
37.397514,1.7561765,1.7796504
35.70572,1.2983807,1.287689
37.738537,1.1403946,1.1466808
37.42031,1.206938,1.2049158
38.847263,1.3336891,1.3297031
34.96476,1.7151011,1.7378810000000002
35.5736,1.7827556,1.816966
32.072308,1.3295661,1.3396802
33.63484,1.035353,1.0044105
33.22189,1.1358273,1.115505
33.948708,1.4022354,1.3962128
39.752575,1.6569788000000003,1.6715741000000004
30.855953,1.2151651,1.1993287
38.918884,1.6168102,1.6248257000000002
38.9328,1.0408512,1.0230217
39.92881,2.0395427,2.0826166
38.95445,1.6501373999999998,1.6578231
32.10018,1.5990865,1.6153964999999997
32.641724,1.6872381,1.6974711
32.677223,1.318428,1.3200170999999998
38.34724,1.8373609,1.8660064
31.79801,1.8023871,1.8237603000000002
37.106136,1.437756,1.4515111
37.854187,1.3700699,1.3741831999999998
34.67621,1.3177608,1.3290222
36.880814,1.6297156,1.638824
33.372253,1.0030838,0.9843658
37.521828,1.6643044,1.674088
32.919357,1.7281733,1.7327445
35.264984,1.8200049,1.836427
34.699,1.4362789,1.4450138
35.087727,1.6637535,1.6856110000000002
33.61384,1.1092159,1.1059976
38.000885,1.5455629,1.5435724
36.281822,1.1517822,1.1574004
35.296307,1.2172252,1.2287819000000002
36.92552,1.0755863,1.0678183
36.376884,1.176884,1.1704354
34.883232,1.7885177,1.8160694
34.686375,1.9990731,2.0413465
34.746067,0.98678297,0.9647034
38.64032,1.0755758,1.0496178
38.950993,1.4950414,1.5015047
38.039764,1.6587442,1.6714344000000003
35.745262,1.2512189,1.2483432
36.796867,2.004458,2.0424423
34.47357,1.6761935,1.7074393999999997
34.902924,1.1893059,1.1934428
38.644722,1.1695899,1.1636736
33.446007,1.89833,1.9262085
34.992645,1.7458556,1.7751794000000003
33.99095,1.5581561,1.5625164999999999
36.60665,1.7366083999999997,1.7573812
30.51893,1.9875490000000002,2.0328395000000006
39.025734,1.4869608,1.4963324
30.782295,1.277121,1.2881093
39.4279,1.365633,1.3822119
34.34553,0.9901404,0.9511190000000002
32.7537,1.3662678,1.3809083000000002
32.031765,1.3749229000000003,1.3817418000000001
36.00407,1.4519778,1.4629657
36.099953,1.3035836,1.3145931
35.16944,1.509849,1.5161357000000002
31.990124,1.6376244,1.6520069
36.684715,1.6165015,1.6293485
38.98787,2.069562,2.1003742
31.796566,1.5676968000000002,1.5952306000000003
39.367737,1.2714686,1.2805888999999997
33.91395,1.937517,1.9692422999999997
33.435978,1.6200925,1.6298466000000003
32.10108,1.2353139,1.2304149
30.07688,1.9386554,1.9740579
32.313454,1.4890598,1.4832041
37.31347,1.4714866,1.4732678
37.56374,1.3537272,1.366668
30.786777,1.5430719,1.5582237
30.276178,1.2784554,1.3076196
32.063545,1.5221932,1.5257113
36.054604,1.3402213,1.3365529
34.8247,1.579754,1.5921836
31.802008,1.0153544,0.99299645
34.507923,1.959052,1.9943489999999997
32.295994,1.2591426,1.2648427000000002
34.242413,1.5427815,1.5461032
33.54479,1.4395765,1.4505923
39.704605,1.4918003,1.5071451999999999
36.810158,1.119619,1.1075089
38.44437,1.7830417000000003,1.7994514000000001
39.53693,1.4259027,1.4276788000000002
35.503815,1.6597041,1.6773345
34.00049,1.5604724,1.566313
35.24479,1.6079915000000002,1.6210353000000004
31.387676,1.2909442,1.2932951000000001
35.154297,1.4396762,1.4510708
37.725662,1.3357545,1.3425455000000002
36.906803,1.1702764,1.1670032
30.566595,1.8857985,1.9159935
39.3118,1.3880858,1.4084141
38.54155,1.4455521,1.4491715
30.907198,1.5687532,1.606574
36.84591,1.5082237,1.51092
37.01744,1.72271,1.733428
32.39779,1.4775577999999998,1.4810523999999998
37.734158,1.5070236,1.5118356
33.191486,1.1777322,1.1700549
32.872562,1.9668870999999999,2.0036174999999994
36.96465,1.9974681,2.027132
33.927574,1.7852646999999997,1.8004122
30.354855,1.906918,1.9268040999999998
38.809456,1.4841746,1.5002108000000003
31.648651,1.781273,1.7786515
31.793259,1.5398837000000003,1.5538809000000002
36.740326,1.6122785,1.6194754
38.311935,1.5085629,1.5156629
30.035124,1.5842746,1.6007690000000003
33.157116,1.8069905,1.8280932999999997
39.330887,1.4562874,1.4607732
34.845528,1.6969842,1.7096386
37.62991,1.9796094000000002,2.014742
39.512775,1.9284266000000003,1.9622140000000001
39.02159,1.3581699,1.3663545
31.164297,1.6323292,1.6427375999999998
32.526127,0.92535675,0.88619626
32.255768,1.5965885000000002,1.6120265000000005
30.28202,1.4591504,1.479775
30.293343,1.5966218,1.595808
37.439026,1.8080873,1.8314802999999997
38.942043,1.9723587,2.022048
31.650803,1.47981,1.4884484
37.477684,1.9764392000000002,2.023381
32.538788,1.0610454,1.0428956
36.721397,1.9824802999999998,2.0257682999999997
37.057785,1.6317873,1.6331663
32.928143,1.9404229,1.9578799999999998
32.194405,1.2020842,1.1867025
33.7756,1.3238403,1.3201079
31.058456,1.2098304,1.2004497
37.97832,1.2122738,1.2063205
35.46564,1.3887391,1.388869
36.42722,1.1194905,1.1022172
36.89009,1.0703743,1.0490115
32.51384,1.6173464999999998,1.6303251
34.841515,1.7962616999999999,1.8290345999999997
34.438835,1.3922169,1.3980057
33.939495,1.9897984,2.009591
32.78031,1.608628,1.6235560999999998
32.45782,1.3411777,1.3464866
31.337236,1.7492402,1.7712355
32.42739,1.821871,1.8546247
39.645725,1.68908,1.7112925
34.808678,2.0998747,2.165999
32.891026,0.9173588000000001,0.8748507500000001
34.459587,1.5831963,1.5930502
37.549576,1.5317388,1.5446925
33.95588,1.8206504999999997,1.8559367999999996
31.4515,0.9730415999999998,0.9393582299999998
39.953995,1.3302556,1.3415439
39.180023,1.7632740999999998,1.7953524999999995
30.561405,1.5082301,1.5092587
30.41627,0.9853882000000002,0.9468374000000002
30.49345,1.7935722999999997,1.828646
33.22999,1.4947049999999997,1.5009951999999998
34.477432,2.01374,2.0518386
37.982616,1.7930887,1.8053892
32.232742,1.5250422,1.5401564
38.166996,1.787466,1.8069487
31.305178,1.6260382,1.6460153999999998
31.236135,1.2758397,1.2697427
32.94912,1.3913493,1.4015353
36.66475,1.4443626,1.455503
39.097935,1.3978571,1.3999433999999997
38.143578,1.589653,1.6004160000000003
35.857067,1.5440073,1.5371194
39.322536,1.7715273,1.7943838
39.738655,1.9410367,1.9630117
34.635094,1.3543952,1.3581243
34.624092,1.8849348,1.9131956000000003
32.3534,1.6475923,1.6524100000000002
38.65675,1.3305347,1.3395221
35.55308,1.1468798,1.1508219
31.953548,1.3950305,1.4042854
33.968445,1.6015922,1.6130593
32.53821,1.4301986,1.4373119000000003
32.52801,1.5986091,1.5988752999999998
38.48369,2.049736,2.0996761
39.73398,1.80418,1.8289398999999997
31.656948,1.5154406,1.5301974
39.93917,1.534361,1.5434158000000002
36.74674,1.4422721,1.4372654
34.368473,1.3519536,1.3537426
37.642025,1.5484765,1.5559652000000002
32.19035,1.548917,1.548455
38.841656,1.7658925,1.7769134
31.972948,1.3756478,1.3922122
30.914042,1.1831676,1.1995609
34.824757,1.2992607,1.3190286
38.614517,1.0072789,0.9819562
33.241673,2.069477,2.1077712
31.921082,1.6301688,1.6391244
38.24438,1.2172784,1.2191644
39.1532,1.389181,1.3919271999999998
37.733147,1.1776613,1.1747415
38.136948,1.7527573000000003,1.7681632000000005
35.359413,1.4707303,1.4735069
34.890404,1.02775,0.99984443
32.91481,1.5313164,1.530066
38.830383,1.1915818,1.2021856
30.61097,1.4526459,1.4646001
31.90538,1.1620334,1.1539855
31.432138,1.5732074,1.5775039
30.544321,1.4544616,1.4656296000000002
32.439037,1.476049,1.4838316
31.059834,1.3170803,1.3252234000000003
34.044193,1.3623649,1.3656509
33.094902,1.2053511,1.1874537
38.267044,1.3957251,1.409481
38.27718,1.0712517,1.0524718
33.676018,1.3512145,1.3615386
35.252224,1.1438575,1.1320176
33.054905,1.1390134,1.124464
38.891598,1.3892769,1.4023737999999997
38.89273,1.0120835,0.9993866
32.27382,1.0532339,1.023821
37.61248,1.4372265,1.4459879
35.81379,1.1058013,1.0898025
30.022661,1.4171219,1.4269423
34.810516,1.2207849,1.2223375
32.339836,1.302458,1.3014603
31.280554,1.559202,1.5601342
35.694633,1.5899619,1.5966709000000001
38.761833,1.3881537,1.3969305
33.804317,2.0569768,2.1115305
34.686108,1.7931453,1.8247311
36.897446,1.4358423,1.4421970999999998
36.105408,2.0181673,2.0561008
36.84392,1.7275787999999999,1.7467107999999996
34.045082,1.2969248,1.2989795
34.667076,1.1961741,1.1871018
34.96397,1.1518358,1.1389046
39.493942,1.477911,1.4861690999999997
38.874016,1.9629737000000003,1.9987097000000003
35.435978,1.2221949,1.2259123
35.49752,1.1400031,1.128314
32.210304,1.28471,1.2849654999999998
36.618206,1.6300263,1.6469717
32.09814,1.6858454,1.6973752999999998
33.205994,1.7339364,1.7634203
30.583652,1.1860675,1.1846168
36.49428,1.1138057,1.0931388
31.830143,1.458338,1.4674461000000003
38.283817,1.6798288000000001,1.6834452000000004
33.767273,1.6645907,1.6793833
35.130547,1.7496762,1.7686986999999998
33.24453,1.3094621,1.3091693
37.43128,1.7084655000000002,1.7232203000000001
32.990467,1.7052182,1.7152219000000002
38.67028,1.4741745,1.4910234999999998
39.012344,1.3028307,1.310581
30.249153,1.7810048,1.805486
35.18781,1.6369666,1.6548955
35.735157,1.6958553,1.7126496000000002
38.662544,1.1730901,1.1684158
30.274721,1.1741589,1.1644661
35.06503,1.2832835,1.2857857
38.20832,1.9758474999999998,2.0130982
39.901234,1.3280314,1.3329835
38.232273,1.3653872,1.367301
37.273743,1.8762931,1.8911617
39.35086,1.4864914,1.4984243
33.6338,1.3141514,1.3172352
30.975494,1.4907166,1.5082661999999998
34.44668,1.6346803,1.6428820999999998
37.6008,1.343808,1.3441877
34.21696,1.9380807,1.9363582
32.41824,1.4709705,1.4771767000000002
35.276978,1.2129468,1.2003367
33.99672,1.3807060000000002,1.3742208000000002
39.84893,1.5520296,1.5615716
37.95207,1.0450219,1.0234038
35.387318,1.1948844,1.1915066
39.0891,1.6336454,1.6414319999999998
37.60344,1.8264471000000002,1.8482347000000001
39.826862,1.7932843,1.8153572
30.49276,1.703136,1.7217726999999998
30.614182,1.8719290000000002,1.9112101000000001
39.91538,1.3448671,1.3462051999999998
32.26427,1.5793265,1.5948935
36.858837,1.453113,1.4542534
33.2539,1.3444155,1.3617457999999998
30.035927,1.8317000000000003,1.8621817000000003
38.813236,1.5539166,1.5639532000000003
31.483753,1.6467834,1.6809688
38.294228,1.6968421,1.7120645
37.435955,1.323294,1.3295963
33.03442,1.0932558,1.0812143
31.234375,1.4965253,1.508322
31.23445,1.0346631,1.0037568
33.075096,1.2395531,1.2377803
35.111767,1.4737207,1.4856231000000002
32.635677,2.019598,2.0685284
35.85911,1.1572448,1.153456
31.742872,1.0394055,1.0028725
34.69031,1.3162888,1.3234465
39.764645,1.7852004999999997,1.813823
35.59677,1.7555594,1.7775726
30.733055,1.5027766,1.5092225000000001
39.587467,1.3635765,1.366436
33.874706,1.0427765,1.0126722
39.49387,1.5412077,1.5564852
30.3208,1.7542947999999998,1.7682532999999998
38.669853,1.7968767000000003,1.8071301000000002
32.343,1.4356594999999999,1.4478544999999998
30.839159,1.6914804,1.7127885999999999
35.980427,1.7975620999999997,1.8149383
36.10202,1.2309312,1.2453971
38.292004,1.3728861,1.381563
33.980675,1.7524818,1.7823398
31.4145,1.2634778,1.266243
36.173237,1.1533631,1.149432
34.8909,1.5585086,1.5735292000000003
39.362904,1.8114711000000001,1.8446572000000003
30.342934,1.3234717,1.3326387
34.181408,1.5925492,1.6015111999999998
30.63049,1.7277461,1.7528081
32.843235,2.0635872,2.0814893
31.466394,1.7661747,1.7887270000000002
31.720793,1.9204595,1.9325773999999998
30.777586,1.469316,1.4825356
30.816978,1.510831,1.5128291000000003
39.642094,1.0914949,1.0767765
30.641605,1.1426632,1.1394105
36.691017,1.1647323,1.1591198
30.390589,1.2521899,1.2559536
38.767017,1.6008687,1.6082709
39.675694,1.8582193999999999,1.8813969999999998
30.45939,1.1256039,1.0987782
32.654934,1.5420759,1.5553412
37.23242,2.0490894,2.0811923
38.182373,1.4919809,1.4922864
37.35216,1.0056934,0.97437274
32.944458,1.2496475,1.2544522
36.568512,1.0743107,1.0363301
38.88945,1.6610621,1.6569595
36.223686,1.3158672,1.3240077
39.0614,1.6415342,1.6586000999999997
33.603687,1.1811094,1.1824543
35.169643,1.470693,1.483386
32.9812,1.3928525,1.4006877
39.604584,1.8194345,1.8399341
33.779186,2.0567153,2.0835397
39.731033,1.3749994,1.3848059
36.143055,1.153683,1.146811
39.164387,1.7452875000000003,1.7491553000000002
34.531143,1.5785192,1.6050629999999997
37.25851,1.998623,2.0370336
31.79511,2.1028152,2.143364
38.179108,1.7355771000000002,1.7507489000000003
32.008755,1.4060432999999999,1.4178900999999997
33.079086,1.7372873000000002,1.7509806000000006
37.540367,1.001325,0.947281
35.57545,1.6795519999999997,1.6934864999999997
31.223873,1.3087276,1.3143198
35.41649,1.5374483,1.5549572
37.800224,1.0959713,1.0762403
33.387287,1.6645781,1.6702467999999997
37.944794,1.215918,1.2183454
37.837345,1.3483285,1.3545956999999997
33.776783,1.3529508,1.3582034000000003
32.948326,1.7695308,1.7962684999999998
37.583733,1.6279655,1.6457505
35.911037,1.6971887,1.7129772000000003
31.59467,1.2136667,1.2083399
37.07759,1.4987664999999997,1.5028228999999997
38.640285,1.2278559,1.2073646
31.309875,1.2413971,1.2517421
38.846924,1.8788267,1.9168992000000002
38.800396,2.104994,2.1511118
30.352365,1.4074968,1.4088886
30.200819,1.3710257,1.3645184
38.208942,1.301475,1.30878
32.049915,1.4129183,1.4197938000000003
36.67671,1.4640301,1.4813939999999999
35.609066,1.5527257,1.5615122000000001
34.72106,1.6320974,1.6445172
31.601015,1.5939093000000002,1.6068966000000002
36.464478,1.4758966,1.4842772
34.224712,1.2299782,1.2256832
36.38241,2.1497278,2.1870258
38.593746,1.045627,1.0027789
36.19589,1.4191009,1.4276426
33.163,1.572951,1.5899982000000001
31.613194,1.206185,1.1977465
32.353706,1.8822771,1.9226196
38.133236,1.2610785,1.2609935
32.257053,1.3569157999999997,1.3788284999999998
34.944843,1.239861,1.2365642
39.242714,1.1622533,1.1697606999999999
36.98589,1.4942454,1.5130644
34.304966,1.327453,1.3385744
37.91692,1.4160513,1.4161017
33.60045,2.0084426,2.0403156
37.62174,1.4426457,1.4467443999999998
31.906216,1.8772365,1.8981239999999997
33.37733,1.4896181,1.5002443999999997
38.793407,1.5847079,1.6010002999999997
34.536724,1.4536892,1.4622662000000002
30.438002,1.9964645,2.018183
36.83745,2.0953565,2.1212356
33.2342,1.0541716,1.0477227
38.611732,1.0874866,1.0658063
36.120716,1.43361,1.4336276
39.473923,1.3195956,1.3305693
32.775528,1.4378293,1.4428184
37.056137,1.5779408000000001,1.5844121000000002
34.797653,1.7456046,1.769484
34.951054,1.5331769,1.540947
39.193153,1.3739778,1.385771
31.889565,1.5879378,1.614672
38.697952,1.3116459,1.3195503000000002
30.907158,1.4291638999999998,1.4415528999999998
38.28862,1.8282564,1.85782
34.14159,1.100227,1.0880151
32.33395,1.2200719,1.2157397
36.63324,1.6386849,1.6511385000000003
37.61869,2.024965,2.0621257
31.234486,1.3269827,1.331486
31.27965,1.7788451,1.8191922
31.092773,2.1548982,2.1837246
35.57057,1.6133947,1.6333125
35.653675,0.99910516,0.96240735
37.950058,1.8686661999999998,1.9034974999999998
35.594402,1.5120538,1.5208112999999999
35.339348,1.1916847,1.1831782
33.73237,1.7570947,1.7812740999999999
36.536015,1.4082241,1.4158480000000002
32.833393,1.4209455,1.4217682
34.711193,1.6695455,1.6799266
34.086407,1.3832434,1.3867393
36.962376,1.19463,1.1862648
35.451977,1.2748585,1.271739
32.776184,1.3695596,1.3929675
35.72861,1.0185152,0.9945658399999999
30.224274,1.2829206,1.3036528
35.111416,1.3563292,1.3754585000000001
34.007545,1.5714111000000002,1.5840583000000001
35.943924,1.4151678,1.4249666000000003
35.40135,1.5612484999999998,1.5747125
39.40184,1.8016348,1.8271377
34.73975,1.3687575,1.3752842
38.8152,1.2687594,1.273798
35.04313,1.1815103,1.175345
37.903637,1.3383577,1.3526292
36.10896,1.6553522,1.6661393999999998
36.520714,1.5814246,1.5925481000000001
33.7308,1.5087959,1.5264874
31.661,1.3448302,1.3525412
33.26265,1.4822768,1.5070322
30.628828,1.7959309000000003,1.8104074000000006
32.187298,1.170573,1.1623287
35.99532,1.1852836999999998,1.1858629999999997
32.929466,1.1580766,1.1651874
36.410255,1.4901853,1.4987142
33.614124,1.4316943,1.4491533999999997
31.817284,1.6297963,1.6350240999999999
37.165607,1.5490495,1.554033
35.685364,1.959325,1.986331
33.89486,1.8696842,1.9196362
36.027428,1.246924,1.2411914
34.07144,1.360709,1.3637253999999999
37.49202,1.519864,1.533756
37.824368,1.1906238,1.180614
33.510796,1.3852965,1.394057
30.098204,2.0941806,2.1598046
31.473324,1.3583533,1.3697677
35.63411,1.5964757,1.5988995999999998
35.502014,1.1282827,1.1308249999999997
35.252922,1.6252661,1.6427170999999998
32.917774,1.6774546,1.6879766
35.194572,1.20442,1.1918614
38.192078,1.2752476,1.280937
34.429756,1.3563565,1.350353
36.74166,1.5798463,1.588911
39.449963,1.9221376,1.958055
36.091072,1.7479315,1.7697732000000002
37.702847,1.7207227,1.7371142000000002
38.540134,1.1842684,1.183032
33.856735,1.5012444,1.5038332999999997
31.97054,1.5393625,1.5466821
39.573498,1.571577,1.5825826999999997
38.83518,0.987174,0.95271
32.560207,1.312259,1.3009076
39.848976,1.9123104000000002,1.9423406000000003
39.389847,1.5731492,1.5755467000000003
30.464773,1.659155,1.6776285
36.77661,1.2451861,1.2382388
30.95574,1.6484882,1.6685381000000001
33.0516,1.4247196,1.4242923
37.376602,1.7406306,1.7624798
34.53436,1.9225343,1.9514724999999997
38.638493,1.3651217,1.3716325999999999
32.54364,1.8110006,1.8390708
30.952791,1.3352709,1.3318055
33.20301,1.2852201,1.286525
36.272617,1.8830936,1.9107220000000003
33.113564,1.2542799,1.2645345
34.54048,1.3204867,1.3289222999999997
34.64111,1.6446598,1.6466898999999997
35.459526,1.9604275,2.0031168
34.0803,1.5285007,1.5455066999999998
33.02079,1.0037996,0.966194
30.67415,1.1049483,1.0875885
32.996483,1.2913222,1.293428
38.634636,1.2782891,1.2797801
31.167002,1.273377,1.2748516
33.0136,1.366248,1.3690641
32.305878,0.9920276399999999,0.9551220499999998
30.67001,0.8929386,0.8459624
33.346992,1.2473569,1.2429461
35.368156,1.2810407,1.2811542
38.58026,1.2346815,1.2422714
38.00943,1.48634,1.50266
34.956112,1.232076,1.2359606999999997
30.115568,1.630593,1.6406972
36.490433,1.3482157,1.3570116
36.267887,1.7044767,1.7146206
35.443798,1.4501948,1.450064
34.004635,1.8569257999999997,1.8885735999999997
37.091465,1.7842377,1.8089955
33.011787,1.5248346,1.5273518999999998
33.33643,1.4826974,1.4861829
39.837326,1.9479884,1.9953699
39.524895,1.1343789,1.1223447
37.453236,1.1551286,1.1595379999999997
32.97286,1.2838268,1.2953455000000003
35.716236,2.113679,2.1615016
38.58955,1.4523612,1.4468119
31.343771,1.6100222,1.621445
31.52591,1.0755508,1.0461237
35.113583,1.4261585,1.4286339
35.849537,1.5225236,1.527703
38.33299,1.252985,1.246486
30.041296,1.5811172,1.599709
32.69715,2.0049798,2.051211
37.032516,1.323122,1.3264875
32.328938,1.1754769,1.1799548
30.130093,1.3130163000000001,1.3235054000000004
36.328438,1.0368268,1.0059472
38.752216,1.8129483,1.8346363999999997
30.465412,1.7220193,1.7435341
39.33962,1.7165234,1.7359326
37.681805,1.5655218,1.5755119000000002
35.64632,1.6574436,1.6644232
32.939457,1.2670411,1.2608562
36.368683,1.3562325999999998,1.3671571999999999
38.167625,1.8484668,1.8646107000000003
34.001266,1.3271693,1.3312643
36.71918,1.5445743,1.5550299
31.91053,1.3132018,1.3213558
36.20706,1.1017153,1.0923846
34.439037,1.2271414,1.2273762
35.488983,1.6044221,1.6274171000000002
36.346653,1.5308508,1.5483072
35.81293,1.4278069,1.4295863999999998
33.270596,1.3987154,1.4113524000000002
32.354874,1.7781546000000001,1.7990165000000002
30.340925,1.1087934,1.0941467
30.585396,1.4742817,1.4724059
32.87911,1.7680126,1.7953963
39.17423,1.298592,1.3003542
33.3073,1.7265072,1.7241256
37.278744,1.2516638,1.2476628
36.564938,1.9632868,1.9935298
37.87079,1.7840208,1.8094335000000001
30.442436,1.3353132,1.3413856000000002
34.963585,1.7585878,1.782954
34.20334,1.0497442,1.0402712
32.10827,1.5228686,1.5443492
32.383152,1.7658404000000003,1.7937376000000003
32.614407,1.527247,1.5445926
30.45537,1.7286283000000002,1.7458379000000002
30.819183,1.6226965,1.6268229999999997
37.20055,1.4741382999999997,1.4813835999999996
32.93235,1.7504061,1.7724123
37.60187,1.253867,1.2555925999999997
39.244698,2.0760174,2.1136456
32.4248,1.7079977,1.7163431999999998
37.857822,1.8237345,1.8484602
32.695324,1.0843928,1.0891409999999997
38.399597,1.5601332,1.564192
37.292667,1.6195822,1.6374561999999997
33.33502,1.1204526,1.1134181
38.216743,1.6972362999999997,1.7112049999999999
36.27002,2.0013332,2.0341792
34.123398,1.5288541,1.5331688
31.484688,1.2616773,1.2665944
32.420967,1.8342212,1.8595983999999999
30.938618,1.6501274999999997,1.6654939999999996
33.539707,1.4925996,1.500943
30.09801,1.9956633,2.0368922
30.062696,1.7059969,1.7239583
36.537468,1.2886046,1.2870195
34.94329,1.9992384,2.0065217
31.155453,1.4838578,1.4975688000000003
37.787743,1.5974558999999997,1.6136600999999997
30.51215,1.2744262,1.2726974
39.884304,0.9611287,0.9345193
36.95296,1.3247496,1.3290038000000002
34.773487,2.0362177,2.0651605
35.765663,1.4814785000000001,1.4888341000000003
30.67183,1.4854474,1.4904625000000002
35.334587,1.3938881,1.4186091
33.305317,1.6122493,1.634186
38.37311,1.2964426999999998,1.3020692
36.863667,1.2484745,1.2528546
33.037685,1.5595399,1.5738673
37.040802,1.7994101,1.8217878
32.484684,1.7683326,1.7824249
39.865032,1.6388686,1.6446741000000002
35.196575,1.7353343,1.7412553
30.988422,1.5234796,1.5316267
30.121513,1.3802376,1.3807707
31.476131,1.3583504,1.3561437
31.102764,1.7260985,1.7636882999999999
39.343647,2.1389415,2.1894639
33.490204,1.4950874000000003,1.5068965000000003
32.873875,1.0733545,1.0504661
34.04188,1.4965304,1.4947658
37.218437,1.546781,1.5556593
38.42052,1.164965,1.1561167
31.499792,1.4910368,1.4976670999999997
31.526213,1.6233287,1.6291032
37.33753,1.3781086,1.3785691
36.653088,1.4733126,1.4872398
31.96103,1.9024719,1.9291558
38.88474,1.3293618,1.3450336000000003
30.26771,1.7112643,1.7185612
39.68194,1.3623983,1.3692756
31.313557,2.1034956,2.160328
34.06991,1.7427486,1.7625555999999998
34.26391,1.8589574,1.8723888
39.05623,1.091164,1.0823679
31.476774,1.4336097,1.4467472999999997
33.239616,1.3324934,1.3323202
36.132195,1.501752,1.5202837
36.085796,1.663671,1.6849158000000002
30.086485,1.7456662999999997,1.7549983999999998
34.89543,1.6311802,1.631464
35.711563,1.8159705,1.8424087
36.231697,1.2591501,1.2596495
37.382805,1.6097219,1.6149867000000002
34.246925,1.2704467,1.2815261
37.15273,1.6060187999999997,1.6209792999999997
30.9255,1.5092262,1.5172021
37.817215,1.1179489,1.1033506
31.588343,1.7812289,1.8101152999999999
32.01446,1.3627434,1.3733764
33.338192,1.4480366,1.4604638
31.476952,1.527266,1.5504634
35.503212,1.5587072,1.5666175000000002
38.715034,2.1644413,2.195885
39.952988,1.3718486,1.3870876
34.455048,0.9288096,0.8866413
32.829758,1.6702127,1.6787307
34.56849,1.089686,1.0852997
36.09699,1.7383109,1.7592373
33.90314,1.652248,1.6592064000000002
31.243195,1.4969265,1.5029716
35.50893,1.0051805,0.9729741
35.610943,1.3198693000000001,1.3227503
33.447758,1.3627977,1.3659823
33.720634,1.4094167,1.4229684
31.708574,1.7408752,1.7636458999999998
34.493202,1.9604361,1.9804957
30.21237,1.309128,1.3163748
30.30981,1.6827841,1.7080843
36.449444,1.4520255,1.4609822999999997
36.48305,1.3547271,1.3663995000000002
30.584303,1.3877556000000002,1.4004986000000001
37.873795,1.1495436,1.1492004
32.09256,1.6281652,1.6525163999999999
36.344543,1.4323245,1.4471120999999998
34.80878,1.4601499,1.4707165
37.911938,1.1485054,1.1417978
35.921722,1.2779031,1.2804277
39.04989,1.4797883999999997,1.4831309
34.02635,1.6136804000000002,1.6267693000000003
30.375584,1.410843,1.4323189000000003
33.21776,1.3648573,1.368598
33.740658,1.4285516,1.4382541
36.877705,1.6279298,1.6455798
34.843708,1.2995443,1.3146492999999997
30.262367,1.8103479,1.8688905000000002
35.302937,1.0382949,1.0134828
34.60311,1.3425602,1.3584509
34.297215,1.8996075,1.9254644
32.349445,1.4720175,1.4814606
35.468887,1.5946791000000002,1.6013
31.858185,1.3427844,1.349251
34.33456,1.9302582,1.9580784000000002
36.399536,1.4206163,1.4273918
32.61982,1.4285439,1.4206817
35.37889,1.1974429,1.1948884
39.028946,1.1594232,1.1688511
31.307354,1.5397974,1.5434498999999997
34.144234,1.8038049,1.8191373
31.485817,1.2412027,1.2487884
36.904182,1.272471,1.2718511
37.111496,1.4041258,1.4114656
33.66866,1.5343285,1.5300276
35.080185,1.2519467,1.2524917
35.641396,1.0796958,1.0727134
33.19259,1.1678077,1.1533954
39.32814,1.9596456,1.9941597
33.41796,1.4184177,1.4290857
33.042343,1.6978333,1.7068512
36.59493,1.4321125,1.4422767
33.952156,1.7703458,1.7816696
39.72877,1.6968256,1.7090402
30.332207,1.565147,1.5803423
39.390568,1.5488529,1.5770303999999997
36.379616,1.3247612,1.3334979999999999
33.339195,1.0924791,1.085207
36.517475,1.5840977,1.5975005999999998
37.35223,2.0109448,2.045883
32.107876,1.1845497,1.1793458
31.854897,1.7724324,1.7986808
37.134624,1.5530324,1.5714629
34.354748,1.5278605,1.544735
34.685493,1.2879521,1.2992423000000002
32.811832,1.1888059,1.1796756
34.368996,1.2869744,1.2892678
39.343018,1.2212112,1.2276359
38.220722,1.2835073,1.2776945
37.94949,1.2854652,1.2897708000000003
33.62306,1.7987884999999997,1.8382446999999995
37.524994,1.3790503,1.3954036000000003
37.80102,1.4394736,1.4410315
33.110092,1.6613723,1.6636546
30.86375,1.8594145,1.8807055999999998
34.27034,1.7407494,1.7533945999999998
30.348276,1.7661437000000002,1.7860005
33.03218,1.3988327,1.4045422
32.35981,1.1759051,1.1656594
33.151215,1.8077333,1.8365166
36.341507,1.1473701,1.1506101999999998
34.79606,1.6461984,1.6547594
31.576523,1.8881036,1.9063516
38.72544,1.4656328000000003,1.4718928000000002
37.903923,1.9226962,1.9504864
31.935064,1.2269535,1.2234426
31.001907,1.5141022,1.5196586000000003
38.447517,1.5166107,1.5288811000000002
31.670824,1.250065,1.2544861
38.410053,1.6900139,1.7052729
34.148598,1.709187,1.7234571
38.35023,1.6684692,1.6810936999999997
36.987312,1.9006283,1.9404733
36.904724,1.3388923,1.3459253
30.091568,1.7090772,1.7454402
38.92839,2.0036325,2.0259838
31.529856,1.7550926,1.7780826000000003
32.088066,1.679543,1.7086971
32.28328,1.8820742,1.9058336999999999
37.21279,1.5732045,1.5745554
31.722015,1.4094005,1.4115291000000003
35.196144,1.6109227999999998,1.6125163999999998
33.63156,1.0509591,1.0395182
35.269962,1.9868006,2.0206685
39.013947,1.4477221,1.4484193000000003
31.758385,1.6998231,1.7216399000000002
30.613665,1.3942691,1.4011958
35.140182,1.1352435,1.1316812
36.321903,1.857124,1.8956871
34.09683,1.5976570000000003,1.6146123000000003
37.323486,1.8207,1.8431604000000001
31.482998,1.8197693,1.8465406999999998
37.589954,1.5204350000000002,1.5332420000000004
31.38621,1.1888459,1.1770737
39.028393,1.2644875,1.2669125
33.452915,1.6892079,1.7101304999999998
35.146595,1.7751802,1.8021348
36.30338,1.8883832,1.9172418
30.362043,1.1228306,1.1214647
33.949234,1.4102007,1.4219525
34.419712,1.6410866,1.6503987
38.233833,1.4596021,1.4646375
34.352448,1.2941495,1.2981572000000001
30.001713,1.4561322,1.4692876
39.49515,1.0610192,1.0410157
36.203182,1.8911093,1.9306996
35.275814,1.6095041,1.610071
34.39249,1.092045,1.0630195
33.501354,1.3931131,1.4060872
37.816887,1.7565027,1.7791354999999998
31.721252,1.5376682,1.5504148
33.581272,1.1409081,1.1310856
36.486362,1.2095892,1.2053628
33.03451,1.2384332,1.225332
37.218307,1.8178728000000002,1.8469224000000004
30.816183,1.3149788,1.3387609
34.334473,1.6949309,1.713695
33.30676,1.5101916,1.5173682999999998
39.814365,1.599108,1.6104667
38.936745,1.2970759,1.2965567
30.629965,2.060197,2.0967944
33.472527,0.8996713,0.846202
31.762047,1.5576414,1.5595846000000002
33.128456,1.2133987,1.2115381
34.167633,1.5856428,1.587085
31.44962,2.0383177,2.0839539
31.661842,2.1142704,2.1499846
33.040924,1.2801905,1.2909048
32.942425,1.5369551,1.5464544
31.086332,1.5325743999999997,1.5452038999999995
37.531654,1.4206166,1.4357480999999999
30.14684,1.4731476,1.5090232
37.82897,1.5567303,1.5532448
32.057083,1.3792981,1.395973
39.750076,1.4148037,1.428765
30.477558,1.0877687,1.08371
38.294136,1.6884216,1.6919963
33.426327,1.2113872,1.2005854
38.86978,1.9235783,1.9549923
35.762283,1.3216038,1.3244231
31.968853,1.3064116,1.3141828
32.12751,1.4210386,1.4425933000000002
34.309315,1.0934587,1.0809672
35.83695,1.2226353,1.2290437
35.728905,1.5686518,1.5967636
30.59885,1.3370576,1.3494382
30.125383,1.6766762,1.7059345000000001
30.288532,1.6879902,1.6936331
35.23782,1.0044976,0.9742151
31.418732,1.3381479,1.3366544
34.021378,1.4464228,1.445231
35.339672,1.4025794,1.4070814000000003
36.60935,1.4867636,1.4963886999999998
35.690273,1.5691483,1.568073
37.70667,1.6026975999999997,1.6090857999999997
33.7886,1.4376442,1.4402124999999997
36.26449,1.7148387,1.7304937999999999
36.400307,1.3733163,1.3744159
36.111305,1.8265133,1.8489225
32.314354,1.2345771,1.2268987
33.335876,1.088533,1.080554
37.2747,1.2779961,1.277942
39.436096,1.3737417,1.3798499
38.276073,1.6351650000000002,1.6391570000000002
38.394733,1.3985337,1.39887
37.947163,1.7335366,1.7453996999999999
38.87927,1.5091832,1.5093161999999998
38.68456,1.0527208,1.0262561
39.142906,1.5374922,1.5556867
35.578465,1.5048515,1.5163653
34.229626,1.2951269,1.3035386000000002
31.47098,1.0313345,1.0311437
33.853535,1.5053688,1.5153985
34.85824,1.3574221,1.3505793
33.357365,2.051741,2.1033235
33.947704,1.6821893,1.691025
38.47226,1.6923480999999998,1.719307
37.440186,1.603255,1.617589
38.168407,2.096137,2.148386
39.810406,1.9737458,2.0032709
36.464474,1.2582133,1.2546616
37.224274,1.029524,0.9946848
31.50372,1.404224,1.4191256000000003
39.409023,1.4195911,1.4326656
32.07501,1.8529359,1.8883513999999997
32.08743,1.1188134,1.0972295
30.88532,1.3280507,1.3482938
34.077053,1.3756019,1.3889685
37.489117,1.9580833,2.0165298
37.24026,1.714818,1.7304306
30.010899,1.6331154000000003,1.6618888000000003
37.15029,1.7330437,1.750076
30.671488,1.2394004,1.2506182
32.723244,1.8927761,1.9176149000000002
39.138504,1.1921003,1.1891387
38.704227,2.0130107,2.053479
37.78924,1.5511004,1.5678928000000003
39.934433,1.9480889,1.9765527
34.111664,1.1636649,1.1448362
39.18212,1.334228,1.3382859
39.176086,1.0585711,1.0286815
36.79567,1.4718895,1.4833442999999997
34.99332,1.6054689999999998,1.6188499999999997
33.82769,1.1795315,1.188055
39.786846,1.3645537,1.3704622
33.87891,1.573808,1.5914285
35.060642,1.2789749,1.2820334
33.28288,1.2105106,1.2010374
35.086914,1.8884745000000003,1.9117811000000002
39.618137,1.6632841,1.681839
34.66799,1.1073656,1.0879018
37.65818,1.4327831,1.4408556999999997
32.771267,1.6313264,1.6577096
36.522068,1.0518072,1.0387708
30.671705,1.6015435,1.611553
39.950294,1.5504259,1.5645599
37.938107,1.257965,1.2615604000000002
31.240757,1.8422031,1.8518333
34.101967,1.5804139,1.6006756
36.565685,1.8371968000000003,1.8474803000000002
32.2788,1.2011096,1.1965163
30.808989,1.6458751,1.6503103
37.279675,1.8056731,1.835706
33.018623,2.1436388,2.1329534
37.76086,1.218737,1.2180505
36.484398,1.6822975,1.7095215
33.012444,1.499301,1.4981318
38.19316,1.6939414,1.7073131
39.958694,1.1743251,1.1683395
32.07538,1.9085147,1.9379487
37.86722,1.3781216,1.3798571
35.200073,1.6128062,1.616343
39.557922,1.1430545,1.1310749
37.985447,1.1054478,1.0983977
35.707985,1.2788204,1.280097
35.899254,1.8666487000000003,1.8998125000000001
36.701378,1.2826340000000003,1.2883382000000003
36.42056,1.4063057,1.4066712999999997
33.36673,1.7038451,1.6981871
33.980812,1.2280779,1.2330691999999999
37.36353,1.5533437999999997,1.5604607999999998
33.41719,1.1143717,1.1098361
35.537395,1.4491216,1.4518904999999998
35.02849,1.6527646,1.6609976000000002
38.4996,1.4324675,1.4396923
39.513844,1.695802,1.7198071000000001
31.787506,1.9395965,1.9633937
35.315636,1.369519,1.3750512999999998
30.548103,1.9790492,2.008917
30.102795,1.457346,1.4741391999999998
39.229584,1.2208806,1.2308891
35.214996,1.2982342,1.3200028
30.109612,1.6523485,1.6688204000000002
31.928972,1.5475397,1.5665061000000002
37.703873,1.5236467,1.5353558
34.53158,1.5581926,1.5626006
36.19463,1.2020186,1.1903231
34.351276,1.0914606,1.0743012
39.907528,1.394941,1.4129264
31.632854,1.7869469,1.813937
31.451288,1.2490103,1.2602675
38.153553,2.086906,2.1302395
33.362648,1.0968033,1.0838535
34.745205,1.7450475,1.7773215999999998
32.687115,1.6283711,1.6526928
39.065292,1.361387,1.3689361
33.631145,1.5799057,1.5966642
30.460289,1.6368158,1.6488494999999999
33.980785,1.1663016,1.1612537
32.344147,1.6389487,1.6423919
37.160255,1.8632046,1.9009050999999997
39.31633,1.2239683000000001,1.2226949000000003
36.591442,1.5958332999999998,1.6096922999999999
31.156935,1.9880066,2.0186527
32.778694,1.4886438,1.5158371999999998
30.596869,1.4337964,1.437017
39.13721,1.6539043,1.6627721999999998
35.01435,1.6967642,1.7381086000000001
30.393225,1.4354483,1.4548955
33.70779,1.4604324,1.4831393000000002
38.900593,1.123211,1.1081169
37.55678,2.0332344,2.0788863
36.74878,1.5777334,1.586854
30.220757,1.258641,1.2545257
32.110336,1.542378,1.5517466
36.287697,0.9973112299999999,0.9650147999999998
38.272926,2.116505,1.6243284
37.444687,1.2519147,1.2562766
36.382637,1.3037776,1.3076398
38.878124,1.8238945,1.83817
35.980316,1.4945257,1.5085008
37.825108,1.6591747,1.6609609
32.93837,1.251973,1.2461259
37.277332,1.1688218,1.1630943
36.33262,1.5342692,1.5470722000000001
30.805777,1.2284037,1.219588
35.443314,1.0787723,1.0649331
38.510216,1.7104609,1.7288625
38.068176,1.7934091,1.8122985
34.43841,1.9492456000000002,1.9828966000000001
36.136402,1.8773547,1.9085894
33.228874,1.2004795,1.2090456
33.458115,1.7930833,1.8125311999999998
36.441193,1.6506444,1.6779366
33.703655,1.1987603,1.1966228
31.595087,1.1209263,1.1132784
31.232248,1.6121743,1.6352207999999997
35.786594,1.6753969,1.6889563
32.153023,1.4904907,1.5069976
35.820713,1.3938525,1.4025867
33.879673,1.6365169,1.6417348
32.54786,1.2682482,1.2730155
30.12357,1.2735054,1.2596354
34.20681,1.3553799,1.3801969999999997
37.48166,1.1412965,1.1339054
39.09738,1.342986,1.3527825
30.957727,0.9648949999999998,0.9484098599999999
37.738953,1.8533502999999998,1.8841634
36.448036,2.015704,2.071473
37.86723,1.7058771000000001,1.7210550000000002
37.119812,1.6871529,1.7017999
33.43019,1.9005548,1.9152708
30.35299,1.8534116999999999,1.8832067999999997
37.627697,1.8707849999999997,1.9050793999999998
38.079895,1.2551572,1.261967
35.572834,1.7725425,1.7848282
30.498535,1.0533882,1.050924
35.915356,1.613591,1.6192017
31.76115,1.9304726,1.9602157999999998
33.561623,1.3918973,1.3987947
38.97287,0.9664795,0.92415786
35.316483,1.2707278,1.2684464
35.07117,1.3589599,1.3607047
35.812805,1.5418943,1.5404646
32.91756,1.8811367999999997,1.9219080999999998
31.285961,1.168848,1.1569679
37.662987,1.9543884,1.983912
34.99285,1.7848148,1.8095875
31.633583,1.452663,1.4607646
33.97701,1.6922420999999999,1.7113668999999998
38.45963,1.3757080000000002,1.3785167000000003
35.44544,1.676794,1.6896846
35.685722,1.5833039,1.5922904
34.893757,1.2454896,1.244772
31.571901,1.4799457000000003,1.4884064000000001
34.831253,1.789045,1.8141205000000002
33.58153,1.5468348,1.5580032
36.45488,2.0478451,2.1038964
30.106775,1.8898649999999997,1.9318234999999995
39.6162,1.8830782000000001,1.9030571
38.4921,1.6701092,1.6869352
35.194004,1.3510712,1.3562305
37.222233,1.1669654,1.1656547
33.242912,1.7345296,1.7523968
32.55194,1.9736196,2.0093951
32.98535,1.4208264,1.4298153000000002
32.06368,1.4810808,1.4870715000000003
39.0249,1.5902503,1.5930405
37.87313,1.5881499,1.5951369
35.92218,1.3650931,1.3727243
37.095478,1.6761364,1.6814733
35.89097,1.7056605,1.7163897
33.321724,1.2582864,1.2528923
39.638763,1.3955034,1.4039868999999998
30.446566,1.6416686,1.6475492
30.843998,1.2924718,1.2886724
33.613308,1.8963974,1.9085791
34.56579,1.9239103,1.9543555
36.33728,1.3531238,1.3632891
33.87744,1.2299674,1.2321134
37.34551,1.4941517,1.4950066
35.637333,1.4156284,1.4191399
31.99136,1.3904341,1.4044316
37.093616,1.2365621,1.2408099
35.760464,1.3921974,1.3898957
37.98451,1.3082441,1.3151531
34.335693,1.5662696000000003,1.573839
35.628994,1.9061145,1.9234264000000003
34.20424,1.6669834000000001,1.6680126000000002
38.414654,1.1552473,1.1405895
30.312305,1.5008318,1.5200834
39.90401,1.2684505,1.259151
31.597876,1.7899308,1.8037946
31.262049,1.0063707,0.97588754
36.118626,1.4675587,1.471906
32.74821,1.659594,1.6800971
38.91961,1.3020078,1.3031139
38.552086,1.1968086,1.2014937
36.50855,1.9644438,1.9955976000000002
31.19347,1.1600738,1.1719737
39.476837,1.0747794,1.0619437
33.26438,1.5250455000000003,1.5281689000000003
38.80016,1.2498996,1.2550651999999998
33.928894,1.5666239,1.5697553
32.471863,2.059751,2.1137502
33.424694,1.4717906,1.4809782999999999
34.56248,1.6209908,1.6329769999999997
30.8061,1.4414937,1.4498494
30.797289,1.2295929,1.2289009
31.351616,1.7562221,1.7750862
39.208538,1.5964056,1.6120651
32.253296,1.8619918,1.8957236
35.30817,1.8415618,1.8659241000000002
36.34789,1.5632098,1.5773981
33.823532,1.4392258,1.4468796
35.016552,1.8034108,1.8408055
33.25672,1.0811775,1.0682032
30.026882,1.7719814,1.7942395000000002
34.63054,1.6565787,1.6616323
37.75188,1.9526736,1.973033
34.447845,1.6863744,1.6982346
35.55047,1.4305183,1.436549
36.109188,1.1096659,1.0890603
37.63706,1.2876588,1.2908406
30.89488,1.1928852,1.1870058
39.157333,1.6936055,1.7086766
31.044722,1.6744021,1.6965883
36.36717,1.2687223,1.2718474999999998
31.467463,1.8500216,1.8743844
31.084208,0.9889110299999999,0.9553655399999998
36.954403,1.4938979,1.5103035
39.319565,1.2593691,1.2668114
32.75749,1.8657732999999999,1.8866137999999997
39.468666,1.7621639,1.7864048
35.010303,2.0142124,2.0601482
38.372723,1.3634251,1.358532
36.9615,0.9507949,0.90287614
30.434103,1.6866107,1.7084816
30.581747,1.8238928000000003,1.8569443000000003
35.7484,1.0698426,1.0329556
30.081293,1.8714654,1.8985801
35.437317,1.7837907,1.8166616
32.056423,1.5221885,1.5362384
30.758158,1.8057249000000002,1.8388889000000004
30.694653,1.8997236,1.9261930000000003
30.596262,1.6458257,1.6563179999999997
38.790054,1.758454,1.7738917
37.78367,1.6468366,1.6595475999999998
30.964043,1.3173723,1.3187122
33.153553,1.7227843,1.7469239
31.007626,1.7174449,1.7477584
38.79652,1.8108737,1.8434969999999997
30.883482,1.4170965999999998,1.4289814999999997
33.668995,1.46889,1.47247
34.39319,1.5886625,1.6023364
33.26009,1.1501011,1.1377254
34.079403,1.2862692,1.2925071999999997
31.571545,1.845618,1.8684614
33.803394,2.040694,2.078154
33.8762,1.7759542,1.7994224999999997
32.78871,1.5565312000000002,1.5695074000000002
39.755856,1.4319816,1.4314561
30.47531,0.9971221,0.97558296
34.814316,1.5328189,1.5455916000000003
37.866703,1.4151771999999998,1.4209057999999999
30.270512,1.6620358,1.6793820999999998
38.076565,1.7145084,1.7301126
37.103134,1.9054254,1.9284132
31.59255,1.8388638,1.865103
35.619453,1.4032018,1.4037572999999999
30.391138,1.4180506,1.4188669
30.898241,1.3760226,1.3775165
34.504097,1.5028526,1.5119305
38.771282,1.0191828,0.99009424
34.8752,1.1483136,1.1443367
38.58659,1.0869498,1.0787029
36.065544,1.0234585,0.99536854
31.516443,1.1115767,1.0963192
35.56646,1.451553,1.4518709
34.19338,1.1528147,1.1398587
37.183914,1.6463441,1.6650493000000002
33.910286,1.4720612,1.4899762
34.73215,1.3746558,1.3756502
36.933716,1.467898,1.4806261
36.813095,1.4772472,1.4922872
31.904537,1.5110997,1.5219722
37.58873,1.7885749,1.8034272
31.551224,1.3829283999999997,1.3714103999999998
31.679407,1.2117121,1.2049863
39.067013,1.6717991,1.6761388999999998
30.606453,1.5222061,1.5367589
36.97605,1.7024739,1.7084157
31.116539,1.9869634999999999,2.0696483
38.811577,1.6898775,1.7131081
33.316826,1.6663437,1.6744318
30.853733,1.5747021,1.5796924
33.047703,1.3555764,1.348813
31.203812,1.6372560000000003,1.6515500000000003
30.97747,1.4815333,1.5001141999999998
39.91359,1.8279202000000003,1.8627975
37.163307,1.4200089,1.428019
36.821064,1.1343096,1.1335368
33.18982,1.6869375000000002,1.7005267000000002
38.64511,1.7799777,1.8015857000000002
31.146587,2.0148625,2.0505407
36.815205,1.361824,1.3728762
37.54588,1.305508,1.3081081
30.072783,1.5567042,1.5748851000000001
30.011686,1.3795427,1.3907795000000003
39.65002,1.4579787,1.4599917
37.175404,1.5524048,1.5593634000000003
36.983654,1.5735123,1.5833957
31.977478,1.3023388,1.3095944
35.405693,1.2444992,1.2431154
31.502707,1.0916083,1.079342
32.55472,1.3498019,1.3603618
39.57464,1.5001283,1.5027100999999998
39.22504,1.38643,1.3953654999999998
34.066643,1.1805072,1.1831932
31.043259,1.2871088,1.2962017
34.49042,1.8596131000000002,1.877814
35.133537,1.7217194,1.7363694000000003
35.701378,1.7946959999999998,1.8111032999999999
31.568237,1.3799766,1.3933298999999997
37.033726,1.5541971,1.5739414999999999
30.632534,1.439876,1.4514318
33.94944,1.9669322,2.0213873
38.12225,1.5256366000000001,1.5318844000000003
39.691628,1.1738939,1.1685252
36.66159,1.5535734,1.5654094000000003
30.426,1.4418311,1.4466455
30.62934,1.6559465,1.6829607000000002
35.65877,1.262583,1.2652586
37.127796,1.4116876,1.4168956
36.286114,1.3270614,1.3310878
31.575525,1.638289,1.6597356999999997
38.489254,2.038517,2.086103
35.118103,1.0266137,1.0136104
34.404945,0.9734969,0.9615551
38.060825,1.6584234,1.6796650999999998
33.227005,1.1974001,1.1798162
32.32673,1.458379,1.4702038999999998
39.403408,1.3836609000000002,1.3969939000000002
36.924404,1.3330648,1.3439335999999997
35.026573,1.5480937,1.5548816
33.80309,1.5134485,1.5123405
31.42623,1.7333148000000003,1.7666342000000002
32.278336,1.7286441,1.7530174
37.115993,1.0276614,0.9935665
39.33027,1.9333351,1.9693930000000002
34.82228,1.0325953,1.0148479
32.864548,1.2702537,1.2627633
32.33406,0.99390703,0.9653048
35.23426,1.0643811,1.0404402
33.693924,1.5578933,1.5762706
39.12546,1.0886276,1.0697908
36.464954,1.8087628,1.8323631000000002
36.47851,1.473843,1.4877806000000002
36.310677,1.7471635,1.7641006000000001
30.402988,2.105672,2.1404111
37.739983,1.2513064,1.2563732
36.84835,1.7892561,1.8120308000000003
39.09192,1.9637830999999997,2.0003435999999994
36.490314,2.044556,2.092251
38.107212,1.2869416,1.2788985
34.897312,1.6391338,1.6569068
39.030167,1.7771966,1.7998570999999999
39.441875,1.7415683999999998,1.7578057999999999
35.183064,1.8695403,1.8962305000000002
33.554058,1.3637497,1.3806834
37.36806,1.0327067,1.0062412
37.096798,1.2572001,1.2587287
35.07409,1.5866276,1.6007416
37.599945,1.4155602,1.4313498
30.037546,1.4818818999999999,1.4755136999999998
33.16484,1.8554935,1.881125
38.250294,0.9492199,0.89478177
30.05759,1.8798822,1.886693
33.129436,1.3653986,1.374501
31.797098,1.8169326,1.8455495999999998
31.994076,1.6353996999999998,1.6525164
39.04241,1.5446595,1.5517173000000002
30.64668,1.5965669999999998,1.6101929999999998
38.899147,1.2518574999999998,1.2545520999999997
32.08074,1.4513953000000002,1.4498954000000002
34.517937,1.6791418,1.6949928
36.007656,1.493648,1.5038335
37.807262,1.8351841,1.8573658
30.091455,1.5746739,1.5996778
31.340649,1.1550981,1.1685331
39.19586,1.2537646,1.2594957
33.102596,1.7210131,1.7299609
37.48547,1.9421376999999997,1.9618896999999995
38.366177,1.2806642,1.2843456
39.825497,0.90139526,0.8617838
33.915146,1.2822769,1.2842278
30.631523,1.2702821,1.2766283
34.562096,1.6249588,1.6475377000000002
38.88929,1.5182846,1.5207237999999998
33.837574,1.6558062000000002,1.6640568000000004
34.52806,1.3773097,1.3807821000000002
37.594917,1.4665638999999997,1.4700350999999998
34.64622,1.3023086,1.3240619000000002
36.457645,1.2136887,1.2103057
34.24975,1.5330646,1.5466614
31.216854,1.4362365,1.4399123000000003
32.3834,1.5819138,1.5866551000000002
32.574837,1.3917238,1.4050493
37.274876,0.9224194,0.8847869
36.637592,1.4230635,1.4289129000000003
33.6817,1.277913,1.2951636
35.453312,1.623544,1.6282523
34.361206,2.0240412,2.064756
32.76283,1.6382655,1.6465902
31.816298,1.3910571,1.3984265
34.74251,1.4353235,1.4330926
38.311264,1.5279032,1.538784
31.556883,1.541617,1.5502157
32.51866,1.882901,1.9181783000000001
39.07982,1.6468843999999998,1.6617571999999998
30.086506,1.0437067,1.0326065
38.12228,1.7864794,1.8079367000000002
37.919624,1.9956995,2.0107758
36.974567,1.3998305999999998,1.4056295999999997
30.073925,1.5450772,1.5535812
39.038616,1.8755463000000003,1.8923771000000003
31.783854,1.7890174,1.8096089
32.991993,1.6131521,1.6213844000000002
32.11881,1.6292369999999998,1.6455647999999998
33.700867,1.9459469,1.9800904
33.34196,1.2312558,1.2341585
36.275898,1.0925432,1.0773113
38.939445,1.1565566,1.1534338
30.463753,1.8154960999999998,1.8339747999999998
37.988113,1.736951,1.7516053000000003
35.960754,1.4727267,1.4809597
32.008522,1.3031442,1.3197687
33.97829,1.1064597,1.1051426
38.09776,1.3522308,1.3516026
37.430256,1.514526,1.5248506
36.675243,1.7461072,1.7655096
37.918587,1.9905963,2.0269508
39.032562,1.410955,1.4229789
38.356506,1.1317637,1.1208203
33.85292,1.0520897,1.0447261
39.769833,1.1511673,1.1413264
33.52075,1.4796561,1.4791639
37.312492,1.983424,2.0293086
39.14057,1.0769914,1.0545354
32.79478,1.0611483,1.042911
37.761974,1.0276761,0.9943656
37.412243,1.126792,1.1242232
39.718338,1.946099,1.9710522000000001
33.441383,1.6394477,1.6562583
36.838474,1.1929284,1.1899123
33.07671,1.3424196,1.3536632
38.56376,1.9451216,1.9616606
34.89715,1.3077518,1.3168685
35.865883,1.6471024,1.6671417
38.034534,1.32408,1.3323615
37.375687,1.3475207,1.3459663
37.57118,1.3506312,1.3586924
39.57947,1.2065663,1.2009945
39.62173,1.5670915,1.5831499000000002
32.56501,1.559236,1.5818295
36.873463,2.0287204,2.0789094
36.282295,0.99014455,0.9520316
36.162422,1.6139852,1.6148839
37.80853,1.335044,1.3352182
36.110474,1.4520041,1.4626188
38.436882,1.29787,1.3028959999999998
37.510292,1.6110442,1.6221735
35.510353,1.1994158,1.2104635
35.744225,1.0619566,1.0653945
37.46544,1.3614906,1.3759966
35.84699,1.4899552000000003,1.5042284
32.896214,1.628703,1.6534433
32.043766,1.3478718,1.3643811000000001
31.283953,1.5820584,1.5949752000000001
32.817932,1.0222266,0.9895592
33.84903,1.2864718,1.2796106
39.99088,1.7147089,1.7398255000000002
38.684044,1.2681832,1.2600942
35.53483,1.6586456,1.6739843
31.534134,1.2677124,1.2723982
37.048767,1.49215,1.495559
37.821846,1.236315,1.2441447
36.328583,1.7955337000000002,1.8289883000000002
36.37405,1.343538,1.3474255
36.78947,1.8474803,1.8597174000000003
32.548775,1.9685501,2.001222
30.573225,1.4603746,1.4656157
38.796783,1.708749,1.7186372
39.033844,1.093152,1.0840528
32.2049,1.0238211,1.0021679
36.279488,1.2623798,1.2638171
30.024939,1.8458594,1.8730414
32.77094,1.3995826000000002,1.4135544000000004
37.74555,1.7239932,1.7476029
32.202724,1.3175113,1.3295803
32.85604,1.07428,1.0682318
34.801105,1.6023955,1.607981
39.28177,1.9062755,1.9280902999999998
37.79665,1.1861455,1.174999
35.696842,1.4292997,1.4332912000000002
37.643265,1.8146202999999999,1.8228145
37.124405,1.7801543,1.7970561999999999
38.84843,1.4248214,1.4268230999999998
37.23961,1.2962196000000001,1.3017874000000003
36.681355,1.6986595,1.7120242000000003
37.211758,1.8745213,1.8994853000000003
31.342003,1.2796028,1.2704744
33.790207,1.2710732,1.2802994
31.990091,1.3803288,1.3869908
35.936146,1.2206029,1.2199116
30.944489,1.2818968,1.2886946
39.27375,1.5761724,1.5795487999999998
33.814594,1.4612923,1.4654663
31.623997,1.4271686,1.4239743
38.355194,1.7902504,1.8097
37.672844,1.9381641,1.9598558
39.401817,1.6157091999999997,1.6484522999999998
38.534042,1.5209343,1.5217600000000002
36.810886,1.3643978,1.3715920000000001
34.02686,1.4180506,1.4228296
36.958496,1.3232524,1.3276272
33.176376,1.6083446,1.6097364
35.18828,1.3980702,1.4004165999999998
37.63257,1.2678539,1.2677069
36.96267,1.8251983,1.8438578000000003
38.324516,1.3766034,1.3828607
37.84599,1.2942116,1.3011887
32.812702,1.1339519,1.1078064
32.372604,1.2752235,1.2632225
38.37293,1.3538791,1.3574364000000003
39.29494,1.7288868000000002,1.7461011000000002
30.5649,1.4642884,1.4605012
39.421234,1.1509914,1.1451187
34.887444,1.5819746999999997,1.5890566999999998
35.75144,1.2597735,1.256639
38.061684,1.1022456,1.0859766
38.080093,1.2469721,1.2374077
38.17442,1.3828295,1.3893013
36.33947,1.2840335,1.2810478
39.925636,1.7004406,1.7212142999999998
30.536787,1.9250354,1.9800398000000001
32.315735,1.6148367,1.6363094
35.49788,1.5206109,1.5293671999999998
33.290565,1.5069727,1.5202508
39.570446,1.7614082,1.7808466
31.636356,1.6834229,1.6955055999999997
34.920177,1.4357556,1.4448222999999998
37.182034,1.1852139,1.1726806
35.63652,1.3312005,1.339478
37.091293,1.3883997,1.3925878999999999
32.089027,1.3278166,1.3372867
37.037827,1.3101974,1.319808
35.747025,1.6782895,1.7047873
36.237682,1.2003869,1.1981022
37.38371,1.319078,1.3253952999999998
39.345505,1.5101011,1.5093076
38.35551,1.4715371,1.4765062
31.305601,1.4402784,1.4424623999999997
31.744816,1.49228,1.5213870999999999
31.85876,1.6698086,1.6767954999999999
39.58228,1.0983388,1.0877912
36.792816,1.7937815,1.8094357999999997
38.419037,1.393584,1.4075874999999998
32.503754,1.3979853,1.4012267999999999
37.766247,1.3316765999999998,1.3330308999999998
39.484123,1.8561189999999999,1.8741459999999999
38.375458,1.5005825,1.4995255
32.931366,1.7847171,1.8108551999999998
38.107964,1.9662867,1.9894087
35.821545,1.2549987,1.254997
37.42928,1.5965975999999997,1.6117052999999997
38.58503,1.0613343,1.0425906
39.884567,1.0565116,1.0229905
32.86645,1.5167537,1.5211977999999997
39.070423,1.5171875,1.5222142
36.091633,1.7148962,1.7340505000000002
35.282978,1.3527523,1.3663182
38.20357,1.0114474,0.978513
34.56627,1.1897087,1.1773844
34.247868,1.7582308000000002,1.7722731000000003
38.121555,1.1239575,1.1078904
32.533375,1.5966858,1.6014657
34.00585,1.3802125000000003,1.3856418000000001
36.34072,1.9364068999999997,1.9744510999999996
39.299908,1.1127148,1.0949701
30.80513,1.640806,1.6653492
33.826275,1.4057844,1.4131637
34.97489,1.669157,1.6820118
38.981735,0.9233150500000001,0.8625082400000001
38.030216,1.4568448,1.4702489
36.780956,1.190966,1.1967134000000001
36.912243,1.4687500999999998,1.4802827999999995
38.475876,1.5012171,1.5133529
31.969122,1.3704327,1.3767462
35.085827,1.3511764,1.3580855999999997
35.12262,1.5280611999999998,1.5340948
37.167755,1.9529997,1.9899596999999998
30.988564,1.4429914,1.4525132
33.360535,1.5263156,1.5446837000000002
31.929802,1.0943674,1.087734
30.579334,1.4112704,1.4114041
39.480724,1.8836026,1.9135060000000002
34.330105,1.78539,1.8141193
36.343697,1.781727,1.8304799
30.654352,1.0456858,1.0188022
39.62408,1.8834497,1.9052696
38.102592,1.5368782,1.5557292
38.908985,1.7641277000000002,1.7794955000000001
33.15981,1.421086,1.4259170999999997
36.761417,1.0265471,0.9950526
33.41272,1.5856338,1.6030779
33.405884,1.5950944,1.6174941
39.283146,1.6176390999999999,1.6320003999999997
39.1114,1.7077442,1.7226439
31.604467,1.1067919,1.0961587
38.89978,1.2662698,1.2742794000000002
34.68154,1.7096914,1.7333322000000002
31.97926,2.0432794,2.0702817
39.868305,0.9891608,0.9642015
30.849283,1.7111381,1.7390883000000001
32.689583,1.4533172,1.4556015
34.362152,1.1469685,1.1366985
35.17071,1.4353845,1.4464977
31.48588,1.1333374,1.1203494
32.79104,1.5750091,1.5956676
39.922688,1.5778627,1.5758624
30.936108,1.1626228,1.1522288
39.66971,1.1597077,1.1553087
30.027582,1.5790043,1.5946445
35.566093,1.8807104,1.9020464
35.993816,1.1327057,1.1362462
36.52429,1.1413125,1.1347606
35.692684,1.721089,1.7345247000000001
34.004646,1.6623324999999998,1.6721312999999998
36.345913,1.3511621,1.3519045999999997
34.32791,1.6982011000000001,1.7160864000000002
32.122074,1.6068732,1.6176174
30.6674,1.8667294,1.8860840999999997
35.047188,1.6721301,1.6965613
37.596172,1.4709485,1.4914355
38.6954,1.1695867,1.1747065
32.695152,1.666077,1.6757426
35.908497,1.1529119,1.1383331
37.004276,1.8371426,1.8703477000000002
32.294945,1.6612103,1.6739855
39.1812,2.0771773,2.126216
31.723066,1.6392434,1.6614585
34.660862,1.247112,1.246856
37.55427,1.1769581,1.1700587
34.42338,1.2957102,1.2977993
37.832115,1.5008724,1.5030186
31.67729,1.7186958,1.7434099
31.026289,1.365197,1.3859348000000002
38.226128,1.0862966,1.0693018
32.06069,1.3536662,1.3592327
30.773815,1.60878,1.6292751
36.709885,1.9509639,1.9784744000000003
36.42329,1.0206174,0.9929267
39.016777,1.3376263,1.3400493
36.74607,1.7771913000000001,1.7927647
33.116314,1.0516574,1.0107965
38.335094,1.8693132,1.8956022
34.30883,1.9719366999999999,2.0038362
39.304188,1.4905299,1.5027518
30.744347,1.616991,1.6066997
39.60101,2.00003,2.0515127
33.58254,1.7180051,1.7330606
37.356304,1.66042,1.6817706
38.410313,1.5416893,1.5560024000000001
33.85068,1.5781407,1.5985452999999998
39.780716,1.5777459000000003,1.5849283000000003
32.717773,1.7204808,1.7615399
30.821783,1.6113676,1.6212040999999997
32.14538,1.7376447000000002,1.7518506000000003
39.60655,1.2823068,1.2946734
33.600212,1.6325766999999998,1.6453382999999995
32.88917,2.130143,2.1716042
32.0087,1.7689964,1.7923974999999999
34.786602,1.4210807,1.4306631
35.085907,1.2774161,1.2784840999999998
31.88166,2.0265539,2.0280263
35.992695,1.4036746,1.4059698999999999
31.191273,1.3728563,1.3735709
32.18102,1.0771742,1.045226
38.480618,1.0954384,1.0833731
34.417557,1.4047177,1.4081903
30.526161,1.181199,1.164217
39.37881,1.1919204,1.1865978
31.491562,1.8328078,1.8471704
39.34976,1.5149386,1.5300333
30.563635,1.3465912,1.3565707
36.271877,1.3294203000000002,1.3349247000000002
38.934258,1.3535482,1.3617566000000003
33.15599,1.5972127,1.6048896
37.823833,1.3078977,1.3263974
38.05735,1.2717786999999998,1.2731744999999999
38.341385,1.8887453,1.8939496999999998
39.066692,1.6595343000000002,1.6670091000000005
39.169678,1.398442,1.4038074
33.21014,1.4565338,1.4726977
36.60703,1.2567004,1.252209
31.635954,1.5181818,1.5130336
34.944527,1.322341,1.3326726
33.086933,1.8478463,1.8609867
38.666996,1.3382863,1.3439557999999998
35.311985,1.9644753,2.0087552
31.728058,1.2530882,1.2583307999999997
34.603058,1.5464413,1.5604434
31.27476,1.9127725,1.9296831999999997
38.747955,1.5675962,1.5958104
37.466103,1.8018147,1.8300340000000002
34.612694,1.0396186,1.0105774
39.62411,1.3338162,1.3417988000000003
37.712906,1.0602174,1.0486221
33.75452,1.5700097000000002,1.5953732
37.753536,1.3606194,1.3589039
34.870678,1.2736582,1.270704
39.86145,1.5904467,1.6044638
33.73476,1.1203595,1.1100993
34.51645,1.6136062,1.630575
39.54817,1.4848073,1.4876305999999997
33.170765,1.4977971,1.5034449
39.16823,1.9842819,2.0372248
36.8029,1.9260049,1.939363
37.771587,1.5913363,1.5992208
31.089437,1.8475596,1.8785233
39.819363,1.8163013,1.8480525
36.777905,1.4137526,1.4220865000000003
38.50588,1.1950597,1.2007105
37.951294,1.6142243,1.6141317
35.882797,1.8962742000000001,1.9172506000000002
39.70238,1.2265605,1.2163723
33.91943,1.8427777999999997,1.8615226999999996
32.053886,2.0685098,2.1178482
30.866741,1.4586623,1.4632051000000001
31.552734,1.6039326,1.6278210000000002
35.204807,1.4305241,1.4303696
38.295097,1.3144888,1.3207066
33.295982,1.3067043,1.3217428
34.857197,1.6797705999999997,1.6863576999999998
35.981976,1.1614897,1.159837
33.77653,1.3863174,1.3950851
35.76141,1.7129898,1.745827
30.855356,1.5218338000000002,1.5365639000000002
37.024952,1.6318678,1.6404057000000003
39.751137,1.1682056,1.1644273
33.48758,1.1933213,1.1880314
36.72358,1.6971573,1.7207618
37.916862,1.0387517,1.0072162
35.445713,1.6514015,1.6624343
34.687897,1.2051476,1.20467
35.08271,1.5654106,1.5747116
38.830162,1.0592637,1.0406773
30.539755,1.7632322,1.7779144999999998
38.984924,1.5437218,1.5708916
33.649162,1.1999031,1.1974757
36.868263,1.7973559,1.8103721
32.790215,1.5395577,1.5442244999999999
38.116505,1.9538203,1.9886288999999997
31.643549,1.5405829,1.5500073
33.943333,1.6790955,1.6941044
34.749725,1.2405373,1.2366154
30.374166,1.3741457,1.3892276
31.682028,1.2419531,1.2309353
30.195108,1.9535428,1.9676070000000003
31.638706,1.244837,1.2417257
35.519905,1.113912,1.0981026
34.970234,1.8812119,1.9070632
30.943203,2.0336397,2.0692668
33.57805,1.8031418000000001,1.8432763000000003
34.669632,2.0217173,2.055607
37.141468,1.5632768,1.5883296
36.011635,1.6208736,1.6458821
38.737,1.8814116,1.9053202000000002
32.50519,1.5499868,1.5590948999999998
33.68547,1.2767935,1.2798533
35.49335,2.096681,2.1376956
38.638817,1.398926,1.3987985
35.456276,1.565307,1.5682157999999997
31.811657,1.4234442,1.4384232
34.383633,2.1574936,2.1702478
35.586536,1.4647487,1.4700903999999997
39.99857,1.6974838,1.7155313
35.13567,1.174643,1.1719766
39.72231,1.422708,1.4240339000000002
34.965862,1.5887883,1.5977643
37.870453,1.2346661,1.2289305
37.129654,1.8209152,1.8443475
36.02875,1.3876942,1.3934474
32.29767,1.5496416,1.5631688000000001
35.372723,1.3054109,1.2965114
36.65162,1.4951773,1.4942164
34.891308,1.6443796999999998,1.6640417999999997
35.44565,1.3843079,1.3867469
35.10332,1.1831189,1.1743867
30.911589,1.3386551,1.3436143
38.202084,1.1615659,1.1551921
32.01268,1.8275671,1.8445566
34.69874,1.4886758,1.5083752
39.264664,1.9116730999999998,1.9297918999999997
30.110958,1.8718474,1.8930182
32.304276,1.3545257,1.3500397
33.639095,1.6000756,1.6277636999999998
38.765858,1.1435584,1.1330023
34.098976,1.8487916000000002,1.8697512000000003
39.56869,1.3441542,1.3469436
36.105965,1.4268297000000003,1.4297862000000001
31.379688,1.3338461,1.3403275
31.35508,1.3776809,1.3726134
39.288406,1.1280842,1.1034603
38.13777,2.1280503,2.1709447
38.815037,1.1554124,1.153795
39.2744,1.1778669,1.1822531
35.264076,1.2680275,1.2786186
30.489534,1.4295696,1.4370375000000002
39.77328,1.1004971,1.0887637
32.91149,2.1032302,2.1601665
34.83447,1.1268018,1.1221285
34.108253,1.403031,1.4152896
39.8047,1.7113737,1.7320023
36.49203,1.4541311,1.4749157000000002
32.2225,1.3620151,1.3618786
39.36714,1.2497349,1.2576048
30.350735,2.1204598,2.0670958
31.487743,1.697391,1.7220329999999997
34.497643,1.8148582,1.8429518
37.76095,1.3861926,1.3949093999999997
30.37338,0.90898997,0.8660479
30.253738,1.460605,1.4773272999999998
32.880108,1.0447887,1.024211
38.536125,1.9574813000000002,1.9832163000000003
30.844164,1.8113389,1.8356733
31.969341,1.7196809,1.7282581
38.814423,1.2413911,1.2397935
39.33393,1.1519167,1.1550894
31.310322,1.2681943,1.2663853
34.838245,1.3215796,1.3287561
38.29679,1.5676476,1.5743377
36.746464,1.3815911999999997,1.3847910999999997
38.953854,1.3995296,1.4094117
35.34811,1.4327112000000002,1.4199958000000001
34.429695,1.4326427,1.437738
36.72852,1.8067698,1.8321657
36.397957,1.8523431,1.8896968
33.922134,1.2655106,1.2608066
39.40983,1.6329848000000002,1.6240282000000001
38.34125,1.0641983,1.0349127
32.21357,1.1180058,1.1124077
33.593933,1.5683215,1.5906617999999997
35.55383,1.9552684,2.0119467
31.363379,1.7887733,1.8161604
33.64127,1.6779782,1.7146460999999997
33.22249,1.4743545,1.4846842
31.020172,1.4019282,1.400245
34.42984,1.4855449,1.4943695
39.93734,1.566405,1.5755689
31.70628,1.3444465,1.3571789000000003
34.724636,1.9349047,1.9533720000000003
37.544056,1.1229494,1.1131132
38.438232,1.5592452,1.5715516
39.452065,1.7792166,1.7994378
35.295444,1.5648979,1.55579
36.35392,1.259342,1.2719848
31.948622,1.4980065000000002,1.5054967000000001
31.38246,1.6845074,1.7025349
30.892838,1.7174053,1.7307479
30.579103,1.5800134,1.6060593
32.177975,1.0453784,1.020043
38.531902,1.8890499,1.8992229000000003
34.583225,1.1635047,1.1535757
32.138176,1.421749,1.4281423
33.720135,2.1478539,2.077296
33.87052,1.4938502,1.5093939
30.249865,1.1822056,1.164273
38.57483,1.3485231,1.357347
38.790493,1.6287589,1.6451797000000001
30.672176,1.4162267,1.4249582
30.116772,1.1239,1.105603
31.04591,1.3452423000000002,1.3467987000000003
35.00687,1.6784775,1.6971886000000003
30.275736,1.4653143000000002,1.4927747000000002
32.48525,1.5363907000000003,1.5496993000000001
35.49731,1.783053,1.8051447999999999
33.37596,1.2443533,1.236649
32.171246,1.2653161,1.2549272
34.007072,1.5955019999999998,1.5918123999999998
38.525173,0.9790483999999999,0.9391095999999999
33.361732,1.424096,1.4256637
38.12947,1.437303,1.4439452
30.641132,1.7117915,1.7527489999999997
35.109062,1.5354136,1.5527623
35.87971,1.8035742,1.834847
31.041523,0.95705473,0.9301345
37.478844,1.4199915,1.4231346000000002
30.392666,1.3798013,1.3776205
30.396002,1.5392867,1.5470566999999997
35.99267,1.4227204,1.4243054
35.85741,1.3952513,1.4015863
39.5888,1.5916756,1.5946560000000003
36.712467,1.9646671,1.9927757
35.484642,1.1787528999999999,1.1739222999999999
33.557793,1.4998764,1.5129828000000003
33.770863,1.8852684,1.9196627
31.791855,1.7971005,1.8259044
38.98702,1.530543,1.5369349
33.82323,1.4872778999999998,1.4912741
39.07575,1.9275036000000003,1.9439378000000005
37.287563,1.8986200000000002,1.9134817000000002
38.364254,1.4660689,1.4632599
39.184578,1.2959018,1.3124084000000003
39.06554,1.3731251,1.3780870000000003
34.035843,1.5032929,1.5169698999999999
39.163757,1.6810544000000003,1.6973732000000004
32.99187,1.8328792,1.857017
37.57149,1.0770136,1.0566804
33.211044,1.9412609,1.9636674000000003
30.797512,1.4253879,1.4230397
39.14953,1.8192633,1.8471389
38.17217,1.5287569,1.5314174
39.30434,1.326852,1.3347206
32.591534,1.4710268,1.485369
30.451393,1.4109341,1.4219165
39.628193,1.5105697,1.5124748
31.598984,1.1336001,1.1244321
36.72746,1.7153432,1.7479033
34.588295,1.3104954,1.3176916
37.08066,1.3694315,1.3722290999999998
33.473442,1.8352643,1.8559334
30.125967,2.0796032,2.1109161
36.10337,1.5829928,1.597759
37.852833,1.7197931,1.7425568
34.717537,1.8181219999999998,1.8475746999999998
37.52142,1.6417534,1.6507704
34.890057,1.2995465,1.3032007
35.332157,1.6253691,1.6472266000000002
39.747284,1.6903148,1.6964717000000002
37.88785,1.6292036,1.6390922000000003
34.7379,1.1747417,1.170934
35.02366,1.9593456,1.9916027
32.18641,1.8508280000000001,1.8808105000000002
34.056774,1.4201924,1.4242742
30.339083,1.8771679,1.8836423999999998
30.972042,1.9236189,1.9609494
34.48577,1.3028753,1.3042488
30.321617,1.3609113,1.3675671
37.01347,1.250822,1.2615945000000002
38.898407,1.5884619999999998,1.5920638999999999
37.872494,1.2880403,1.2983127
37.528183,1.2993517,1.3074739
33.15779,1.8268366999999999,1.8612462999999997
34.527363,1.5344453,1.5515382
35.499382,1.5804471,1.5963602
34.13381,1.2274146,1.2295084
32.113865,1.1431478,1.1221752
39.00756,1.9085608,1.9389631999999999
30.076488,1.4101706,1.4065056
36.32829,1.3242451,1.3267681999999998
35.624252,1.5633975,1.5738389999999998
30.58696,1.8697618,1.9036248000000002
35.864624,1.3162215,1.3078835
30.122694,1.1710396,1.1644881
32.881126,1.8567758,1.8712291999999997
32.839054,1.9722509,2.002929
37.25388,1.4742421,1.4843156
33.163006,1.2958174999999998,1.2945141999999998
36.10121,1.2624255,1.2709982
39.097233,1.6528287,1.6585525999999997
34.064922,1.4266411,1.4325068
35.30117,1.242675,1.2528265000000003
37.238243,1.4643794,1.4741447
33.182655,1.4751511,1.4951155000000003
32.458775,1.361737,1.3580563
39.69699,1.1066645,1.0979552
32.264034,1.5938698,1.604161
36.416557,1.2210743,1.2100222
33.832237,1.2778473,1.2798390000000002
32.612072,1.2364732,1.2321682
34.18976,2.0813258,2.1267302
33.678757,1.2814925,1.2789624
34.27048,1.4214635,1.4225962000000003
36.562298,1.5178448,1.5172355
31.612162,1.0608596,1.0417311
38.86877,1.4070433,1.4167364000000002
37.35146,1.9658995000000001,2.0069048000000005
31.124084,1.310377,1.3142748
35.327583,1.9133122,1.9395000999999998
38.169964,1.6829202000000003,1.6914942000000002
30.654484,1.2360085,1.251895
32.309803,1.2671068,1.2574971
38.968193,1.3709122,1.374913
34.0918,1.218527,1.2216780000000003
37.636837,1.4741607,1.4792602000000001
31.59102,1.230423,1.2268865
35.26686,1.8933634,1.9223673
32.333405,1.8971162,1.9244549
31.778152,1.3854451,1.3722925
33.478996,1.4632041,1.4684958
35.363956,1.364067,1.3679482999999997
35.447784,1.6039443,1.613575
39.629135,0.98570126,0.94743717
38.867878,1.6784948,1.6907389
35.875984,0.9659973,0.91733545
31.616514,1.0311404,1.005961
30.514265,1.2470547,1.2484744
39.255085,1.7923387000000002,1.8093944000000002
35.014175,1.953021,1.9784715000000002
37.564804,1.1212889,1.1103714
35.343784,1.4837635,1.4972057000000003
31.097279,1.2213786,1.2104034
31.210743,1.9307657,1.9679806
32.24382,1.4926409,1.5026946
34.48162,1.1530029,1.1619399
30.295938,1.6297568,1.6551805
34.70711,1.4391414,1.442136
33.989082,1.3008662,1.3141012
32.697193,1.6568777999999997,1.6637735
33.951454,1.6030843,1.627692
32.988476,2.0784101,2.1003242
31.247978,1.4073044,1.4083252
30.383383,1.5663762,1.5696318
37.382084,1.4064317,1.4220867000000001
33.759052,1.9101856,1.9421184
32.6345,1.1150331,1.09883
34.772194,1.462168,1.4707487
33.981445,1.277716,1.2760587
34.39844,1.32795,1.3421032
39.2493,1.6010001,1.6056175
35.791836,1.3882031,1.3889365
39.982,1.5398664,1.5498855
37.76833,1.9462082,1.9776273
33.023308,1.8178587000000002,1.8332641000000005
32.926834,1.3003960000000003,1.3063543000000002
38.15416,1.7459155,1.7560358
36.0262,1.0856117,1.0630033
35.908707,2.0005634,2.0109088
39.40891,1.9868695,2.0278833
30.586987,1.6483940000000001,1.6762879000000004
39.410923,1.2536445,1.2484684
38.75632,2.0671163,2.100665
35.22141,1.27821,1.2842393
32.53135,1.4554886,1.4637139
39.549213,1.2601657,1.2654643
36.655304,1.7244503,1.7324028
31.548645,1.7188909,1.7442765000000002
34.921936,1.5537035,1.5667777
37.131233,1.2870145,1.2836604
37.41646,1.6808499,1.6900429999999997
35.115124,1.5864471000000002,1.6016469000000002
36.63861,1.4252288,1.416709
30.799913,1.7461562999999998,1.7686905999999998
32.55164,1.9757717999999997,2.0093107
35.999775,1.4595448,1.4791138
39.28436,2.0768576,2.1001246
39.1821,1.2011427,1.2009854
31.77892,1.4673576,1.4705534000000002
33.07502,1.3111116,1.3255773
32.158344,1.6100783,1.6160147
31.42859,1.0392869,0.9957128
38.9287,1.8805524,1.8990538
32.307636,1.4911214,1.501513
32.74593,1.6764629,1.6874413
31.636595,1.3454009,1.349091
39.858646,1.6343486,1.6378310000000003
35.59456,2.0429387,2.0695543
36.244316,1.3560728,1.3643951
34.960697,1.6288832,1.6397579
36.647602,1.2948412,1.3056922000000002
36.898773,1.2607574,1.2468114
39.358986,1.1539186,1.1403875
32.635456,1.5434837,1.548465
31.246206,1.168877,1.1526496
33.342525,2.1486793,1.0954568
37.27616,1.4381007,1.4435318
34.496563,1.7520264,1.7636416000000001
32.30807,1.0342269,0.9967037
38.59265,1.2460126999999999,1.2434784999999997
39.94761,1.279341,1.2841952
32.587402,1.4375565,1.4489354999999997
31.540407,1.451327,1.4611461
33.155052,1.8563398,1.8804898000000003
33.973885,1.0897905,1.0722275
33.671825,1.4360551,1.4429223999999998
32.095886,1.5735444,1.5859728000000002
33.574547,1.4041935999999997,1.4172366
38.038567,1.3643025,1.378547
38.767113,1.9538754,1.9919019000000002
35.676125,1.0767498,1.0550945
30.648287,1.5111421,1.5300590999999997
34.42409,1.2968665,1.2983747
31.162302,2.1595988,2.1938877000000003
37.838596,1.862966,1.8895011
34.121407,1.6207960000000001,1.6388578000000003
39.082737,1.9219288000000003,1.9525783
34.313713,1.3471806,1.3519764
31.478327,1.1612717,1.1661451
36.652126,1.490645,1.5010717
34.293884,1.4976989,1.5103049
33.10312,1.3903946,1.4013953
38.17174,1.3842562,1.3970919
33.002308,1.2303237,1.2186849
32.01864,1.874534,1.8992862999999998
33.688267,1.2776611,1.2762523
33.029438,1.4587475,1.4633911
36.82525,1.0015405,0.98509336
37.52676,1.3863482,1.4010526999999997
35.261383,1.225086,1.2174661
39.05401,1.5143625000000003,1.5286767000000003
39.330254,1.5335125,1.5364891999999999
33.989273,1.2837206,1.2930348
38.40898,1.9105253,1.9434551999999998
32.38669,1.3907208,1.4069712
30.690659,1.5752349999999997,1.5833782999999997
36.346638,1.5234387999999999,1.5264224999999998
32.092686,1.4892622,1.5057344
32.24369,1.0674634,1.0565507
34.610638,1.6822169,1.6905115
30.088306,1.7752343,1.8082105999999998
38.594063,1.39771,1.4119122000000002
30.55023,1.4736992,1.4866309
37.76138,1.8246185999999998,1.8569542999999997
32.630527,1.8926783,1.9051342
37.388977,1.2829849,1.2740698
37.326817,1.6734556,1.6920476000000002
35.54472,1.8768176,1.8960752
36.496513,1.1482891,1.1464438
33.77069,1.3647492,1.3841559999999997
32.13216,1.6185845,1.6333944999999999
33.95577,1.5249647000000002,1.5385532
34.206123,1.6881953,1.7120082
39.74905,1.7859709,1.8021870000000002
39.866096,1.6455814,1.6603937
38.798912,1.6276889,1.6355524000000001
36.81016,1.9225802,1.9352992000000002
36.947628,1.4507123,1.4663832
36.362038,1.2285858,1.2328739
34.552444,1.0063809,0.96169615
37.47908,1.1927098,1.1959031
37.515465,1.2807909,1.2872765
31.020132,1.563958,1.5824244
30.23734,1.3762847,1.3801293
32.82821,1.5257305,1.5425887000000003
34.233044,1.2061539,1.2084074
35.862793,1.2871305,1.2920418
37.136005,1.5357809,1.5522385000000003
33.92074,1.2197737,1.2166657
36.944073,1.5272683,1.5296153999999997
38.51922,1.2353065,1.2269585
39.456318,1.278825,1.2770729
32.388454,1.3340734,1.3327763
39.6598,1.5673665,1.5807691000000001
35.768185,1.6434222,1.6541361999999997
37.036835,1.977203,2.007205
33.857136,1.1476631,1.150743
34.577534,1.6144611000000002,1.6272521000000002
35.907913,1.2163967,1.2189867
30.160515,1.4609041,1.471905
32.445786,1.5155576,1.5280704
31.105568,1.9305567,1.9932274999999997
31.180424,1.4665446000000002,1.4783888000000003
32.476856,1.4782494,1.4879165
39.294044,1.7622567,1.7826318999999997
37.141834,1.819519,1.8287396
39.707172,1.462809,1.4572792
31.157255,1.2838855,1.291419
34.574528,1.1007863,1.1011856
37.08201,1.6702546,1.6821578
30.357492,1.1927148,1.170361
37.9865,0.9599278,0.90140176
34.38996,1.5537655,1.5613225
35.02951,1.7057375,1.7230451
35.34055,1.4826872,1.4817877
33.29733,1.5268083,1.5395696
37.814056,1.8509307,1.8706384
38.516083,1.2234607999999998,1.2207476999999998
30.244474,1.1387641,1.1348925
33.35994,1.639863,1.6512723
37.505344,2.0993462,2.1499689
36.03824,1.440472,1.442477
37.23961,1.6883075,1.7002267999999998
35.170742,1.9831762,2.0276215
37.658077,1.5088844,1.5141646999999998
32.124207,1.2488072,1.2568233
30.347786,1.7117784999999999,1.7294523999999998
35.537693,1.2309296,1.2447157
37.783825,1.5520296,1.5541967999999997
32.273773,1.6215459,1.6431234
33.01023,1.6876369,1.6959021
30.432537,1.6189085999999997,1.6558801999999997
39.327312,1.9234465000000003,1.9562090000000003
37.467335,1.3705363,1.3763657
30.48257,1.6585636,1.6866841
39.9961,1.2117947,1.2089419
33.300125,1.0827463,1.0647252
39.737995,1.1448058,1.1306977
39.344833,1.3631318999999997,1.3689386999999997
34.380417,1.3291396999999998,1.3261131999999998
33.4458,1.2953316,1.2961166
31.63443,1.7491121,1.7670576999999998
30.34903,1.926662,1.9750515999999998
35.57015,1.1136591,1.0886223
32.725594,1.2199574,1.2116394
39.58172,1.3408958,1.3511133000000002
37.93677,1.7059724,1.7306665999999997
30.962124,1.7847394,1.8123834
30.461468,1.4035137,1.4121172
36.87989,1.3604261,1.3655547999999997
37.679745,1.7469775999999997,1.7764083999999996
33.089622,1.7959511000000001,1.8109365
32.915176,1.8455075,1.8604109000000002
30.608337,1.3572845,1.3665237
38.540607,1.8219168,1.8400458999999998
38.372112,1.7549926000000002,1.7691255
31.801151,1.3601649999999998,1.3593580999999997
30.858294,1.4339199,1.4438181
38.179314,1.1124079,1.0886407
32.015003,1.7633681,1.7844505000000002
34.092007,1.082149,1.0752602
35.161697,1.4292403,1.4285672
33.24758,1.4282224,1.4300152999999998
36.965435,1.4378184000000003,1.4439721000000005
33.40103,1.3347375,1.3418739000000002
30.59171,1.6039613,1.6277747000000002
39.155323,1.711302,1.7260582
39.34295,1.8146755000000003,1.8345408000000005
38.86758,1.4348993999999997,1.4279503999999998
33.744476,1.3624201,1.3649725999999998
31.524284,1.5644634,1.5879200000000002
39.4137,1.3860432,1.3926885
31.799713,1.4517908,1.437875
34.95372,2.0117457,2.0514026
32.177464,1.918312,1.9483232000000001
38.713787,0.9854016,0.9673781
34.439484,1.444955,1.4575774999999997
36.513603,1.43327,1.4441724
33.75404,1.5464939,1.5654914
39.2055,1.2105803,1.2108338
36.640587,1.5389074,1.5467625
39.41765,0.91021323,0.8561761
34.779568,1.296946,1.3017232
36.811176,1.6177701,1.6283138000000001
35.718487,1.1207817,1.1082993
37.37336,1.235914,1.2316973
34.13043,1.3545732,1.3604202
35.67565,1.8033412,1.8209746
35.07113,2.0088983,2.0517855
32.940292,1.1526874,1.1481574
34.456482,1.0145733,0.9825555
30.100655,1.4812108,1.4981046
34.05559,1.406961,1.4116018
38.3331,1.546688,1.5514357
38.899906,1.3921802,1.40278
35.798985,1.9928565,2.0539029
36.065166,1.586254,1.6059418
33.436886,1.9233130999999999,1.9644758999999998
39.919094,1.2977333,1.3082671
36.075657,1.6280969,1.6343174000000003
39.31406,1.2311527,1.2355721
31.386795,1.7043111,1.7219756000000002
37.83525,1.4418706,1.447819
35.957096,1.2906859999999998,1.2964419999999999
39.211586,1.3651742,1.3708153
38.326477,1.1178465,1.1316307
30.86226,1.4485959,1.4646544
30.948366,1.6105605,1.6112937999999999
39.00065,1.173598,1.1684666
33.35508,1.4229841,1.4283984
34.89158,1.3137378,1.3211746
32.651237,1.2212402,1.2196414
39.880848,1.6091111,1.6159157999999998
38.78662,1.9400153000000002,1.9735665000000002
39.770836,1.7664351,1.7833273
33.886036,1.6305928,1.6450319000000002
35.176746,1.2623979,1.2686639
31.470411,1.1778015,1.1667111
38.661175,1.1299787,1.1301079
39.012062,1.2392467,1.2396863
39.012936,1.3592073,1.3623576
31.60117,1.6720238,1.7022294999999998
36.446712,1.9014658,1.9364647999999998
37.970478,1.6202036,1.6223922
37.19612,1.8002827,1.8274424
38.174732,1.5106707999999998,1.514169
30.79937,1.6070058,1.6307116
31.86084,1.456782,1.459099
36.05867,1.3853482,1.3898418
37.979813,1.3221350999999997,1.3274645999999999
34.39989,1.4984891,1.5000107000000003
39.288765,1.8472147,1.864886
30.149359,1.5857015,1.5953406999999997
31.958385,1.4835086,1.4984561999999997
36.854893,1.2969323,1.3027408
36.4793,1.7800872,1.7971516000000003
34.613914,1.252672,1.2427025
31.641079,1.4281973,1.4391375
34.213573,1.5014698999999998,1.5148486999999995
33.87803,2.024698,2.0536273
32.06727,1.5570136,1.5702157
36.215805,1.6887131,1.7091403
36.76619,1.177339,1.1751454
37.732895,1.4927262,1.4999781
36.84007,1.7706754,1.7980153999999997
33.518955,1.425167,1.4275479000000002
38.15532,1.9653248,1.9911261
38.77588,1.9725819000000002,1.9965370000000002
35.2914,0.9453748,0.8879041
39.83838,1.7251605,1.7474115000000001
37.629044,1.2791297,1.2885325
37.166065,1.3322456,1.3411927
32.74204,1.916898,1.9357672
32.039627,1.4101462,1.429518
39.492786,1.0023869,0.9564142
32.035873,1.6362598,1.6379595
34.5997,1.6105638,1.6237066
37.06725,1.5540285,1.5678823
39.68568,1.5953412,1.5971024
30.610767,1.9725055999999999,2.0044540999999994
38.286037,1.4678061,1.4847906
31.832905,1.6797717,1.6972249
35.69798,1.5939015,1.5964984999999998
32.983482,1.1447749,1.1327403
37.09159,1.5483639,1.5535324
33.957947,1.0973542,1.0896473
36.81035,1.5101935,1.5229363
37.14553,1.6475502,1.6629386
32.0525,1.6840952999999999,1.7041553999999999
35.305565,2.1314628,2.1831896
39.054626,1.3079267,1.3067558
36.540226,1.6987714,1.7168879999999997
33.087692,1.5083073,1.5153320000000001
32.791176,1.4320877,1.4444771
30.941683,1.5660506,1.6167624
36.705925,1.6151088000000002,1.6313908000000001
35.74147,1.4964305,1.5060999000000002
33.923798,1.5069814,1.5195875000000003
30.842546,1.3407121,1.3532355
38.946968,1.7897017,1.8133028
32.288876,1.3762354,1.3710549
33.54092,1.34211,1.3474963
30.91425,1.4459692,1.4581830000000002
39.221508,1.6890255,1.7051219999999998
31.179306,1.1226466,1.1256785
39.377354,1.8916582,1.9156441999999998
33.338116,1.7969896999999997,1.8183129
30.481287,1.8266222,1.8381441
35.925594,1.1078771,1.104759
30.969263,1.1476464,1.1525297
39.4774,1.7614753000000003,1.7905612000000002
39.833473,1.602044,1.6168313
30.448729,1.4369571,1.4521449
38.146374,1.6111696,1.6284156
35.56092,1.4693875,1.4822054
30.444063,1.3351773,1.3219688
35.82932,1.2709376,1.2728989
31.031153,0.9887706599999999,0.9472092999999999
36.365627,1.0259194,1.0127065
36.247086,1.9194173,1.934119
33.230976,1.2200226,1.2245109
35.612736,1.5948876,1.6090984
38.346382,1.8404796,1.8651671000000003
37.341106,1.767605,1.7800117
37.045425,1.8581047,1.8888237000000003
32.58971,1.2527375,1.2523074
39.010826,1.6584347,1.6713004
32.825638,1.4091359,1.4116094
30.512186,1.6440701,1.6512567999999999
30.011187,1.6023979,1.6182816
32.315907,1.432632,1.4384588999999999
38.505802,1.3089281,1.3236492
39.637413,1.544576,1.5566134
36.627533,1.4685773,1.4788592
38.41906,1.1459175,1.1402836
31.761513,1.3182819,1.3224008
34.90411,1.4618655,1.4667279999999998
39.073837,1.3651844,1.3814425
33.59439,1.3945752,1.4043396
37.721416,1.860087,1.8824046
39.94918,2.0856733,2.119148
31.58129,1.285925,1.2794006
36.610832,1.6963052,1.7066462
33.468304,1.6642739,1.6932263000000003
34.026814,2.06895,2.100703
36.85102,1.5152423,1.5260406
34.207348,2.0195584,2.061381
30.613216,1.5809346,1.59286
37.301083,1.4184092,1.4254208000000002
37.916504,1.9343224,1.963521
30.136114,1.8789012,1.9005308
35.729206,1.7160755,1.741499
30.803543,1.265545,1.2742142999999997
31.899387,2.1053085,2.1563804
38.204155,1.3371636,1.3405695
32.438423,1.316156,1.3308036
36.50651,1.745998,1.7587273
37.9065,1.3693588,1.3862443
36.91847,1.1397942,1.1385937
31.572226,1.7848866,1.8132322000000003
32.72999,1.4326367,1.4330828
32.691025,1.9013762,1.9279335000000002
32.256016,1.4989958000000003,1.5107234000000003
37.762077,1.417446,1.4158812
32.95063,1.3808262,1.3817729999999997
39.741436,1.9634419999999997,2.0122606999999997
35.128647,1.7628206,1.7752618999999998
34.403355,1.3906603000000002,1.3905718000000002
35.417526,1.4104718,1.4122628999999998
36.06227,1.9330614,1.9599590000000002
32.164135,1.8756058,1.9182813
33.70319,1.9596484999999997,1.9995264999999998
39.131886,1.5810278999999998,1.5809781999999997
36.48685,0.9061559399999999,0.8747367999999999
31.37705,1.0533185,1.0484627
38.14931,1.9607656999999998,1.9966211
38.76088,1.4229655,1.4266238
34.65834,2.023595,2.0443613999999997
39.304276,1.4731919,1.4813151
30.228834,1.1350749,1.1287069
32.208527,1.7404504,1.761281
35.158672,1.9137512,1.9347157
32.51387,1.4015677,1.4203708
30.276293,1.7445725,1.7582141999999998
30.07893,1.064223,1.0377774
38.644943,1.3579289,1.3618512
33.66078,1.1354806,1.1218903
38.2276,1.1832113,1.1856768
34.46368,2.0880272,2.134656
36.73545,1.9460212000000001,1.9789486
31.809166,1.0955337,1.0870583
39.788147,1.2760628,1.2762296
33.320595,1.2623817,1.2665918
37.620026,1.781254,1.8035179999999997
30.788656,1.1548892,1.1426716
38.3558,1.5901241999999998,1.6068086999999998
33.41059,1.4480845,1.4439125
34.673023,1.8252027,1.8546135000000001
36.790695,1.4534158,1.4630892
34.67944,1.3031621,1.3041894000000003
31.82399,1.4957829,1.4982381
38.586155,1.6940253,1.7058789999999997
32.345726,1.3167241,1.3330661999999998
35.85232,1.139287,1.1338434
35.283115,1.8914408999999999,1.9081962
38.537903,1.3316234,1.344928
34.769505,1.1822624,1.1733224
39.52634,1.4465159,1.4630630000000002
36.825283,1.1859212,1.1853154
30.317844,1.565452,1.5738769
38.98248,1.09077,1.0832208
30.062347,1.2885126,1.2745302
30.593124,1.3221343,1.3352568
33.003876,1.222641,1.217278
32.30647,1.284873,1.275285
37.36459,1.2087897,1.2093365
31.769667,1.1817999,1.1840183999999998
34.050976,1.1168473,1.1135654
34.799286,1.5176451,1.5258088
38.847267,1.677852,1.6983604
30.932997,1.4524153,1.4522462
36.247715,1.3397461,1.3434650999999997
36.03234,1.7565501,1.7771904
32.88084,1.8601257999999998,1.8970972999999998
30.836607,2.0772164,2.1102917
32.17788,1.2732173,1.292752
33.52692,1.4784396000000002,1.4862530000000003
32.530746,1.54455,1.5644239999999998
31.56848,1.3086416,1.327049
38.933876,1.482714,1.4909694
30.718857,1.3837385,1.3900139
39.39213,1.2266085999999998,1.2236911999999998
37.62156,1.2470856,1.2374151
39.602207,1.3390315,1.3532033
39.574825,1.7043743,1.7263488999999999
34.97529,1.2076188,1.2077718
30.22656,2.0751348,2.1010106
37.363922,1.8990664,1.9288151
31.113468,1.2727177,1.2800639
38.601624,1.3445879,1.3576931999999997
33.691227,1.7131269,1.7326117
33.66947,2.134023,2.169661
39.951275,1.3601664,1.3648078
38.749714,1.5391721999999999,1.5423490999999998
39.63869,1.3540471,1.3739305
32.639755,1.1852087,1.1768577
33.18107,1.4497166,1.4495554
36.063545,1.6218604,1.6274478000000003
33.785675,1.7831107,1.8057289
33.38236,1.5850855,1.5860600000000002
39.26178,1.3681527,1.3787787
34.0252,1.5109489,1.5137284
34.617863,1.7799504,1.7977766999999998
32.42497,1.5251842,1.5349373999999998
36.62848,1.6406246,1.6609589999999999
31.368046,1.6495005,1.6688068
35.52621,1.7694675,1.7867713000000003
30.287367,1.2239933,1.2263571999999998
37.254078,1.2019135,1.1996346
39.86721,1.400084,1.4045501
39.970497,1.9676755999999997,2.0204103
38.458767,1.8600419000000001,1.8764832
31.415112,1.3462709,1.3655014000000003
39.412956,1.6033161,1.6202793
30.751564,1.5764097,1.5794686999999998
34.417027,1.9150564999999997,1.9519469999999999
33.18831,1.0220865,0.9885743
36.710117,1.346676,1.370328
39.539875,1.1678143,1.1646924
36.03626,1.5750457,1.5946307000000002
38.612152,1.9467508,1.9791223999999998
31.031776,1.9420525999999998,1.9806291999999999
30.684229,1.4441186999999998,1.4437458999999997
30.84724,1.5560069,1.5679262
38.145885,1.0325844,1.0190325
30.770828,1.4432331,1.4384954
31.702534,1.2325393,1.2324083
38.468964,1.5693309,1.5794489
37.08627,1.5027891,1.5127237
30.352425,1.5340636,1.5458803
38.580914,1.0689191,1.0509598
32.085716,1.5653565999999999,1.5797481999999998
32.115463,1.4500872,1.4531221
35.87757,1.228496,1.2187538
36.45227,1.71214,1.7231002
32.561855,1.3385121,1.3533144
39.316647,1.8866214,1.9160008
30.346514,1.2163018,1.2483909
32.50064,1.8198570000000003,1.8302972000000002
38.022377,0.9840091999999999,0.9482696999999999
38.37426,1.7000229,1.7127444999999997
30.184107,1.913973,1.9454939000000002
31.951574,1.765498,1.7887919
35.78209,1.4340723,1.442467
38.59022,1.7442582,1.7561972
33.274208,1.1687076,1.1730082
36.25091,1.1317146,1.1180763
39.88423,1.8172982000000002,1.8388853000000003
34.737766,1.0820906,1.0555816
30.606005,1.6287494,1.6435501999999997
33.81346,1.8515586,1.8722233999999998
36.552994,1.6592597,1.6696975000000003
33.410423,1.2111517,1.2022326
31.146208,1.5881855,1.6168447000000001
38.12268,1.5310426,1.5428193
37.244034,1.3018876000000001,1.2986143000000003
39.78689,1.5754132,1.5802698
32.393196,1.2445221,1.2175953
31.290869,1.5759072,1.599287
39.04524,1.0890207,1.0846157
33.14009,1.4122881,1.4185754999999998
31.124044,1.402943,1.4039149
32.67731,1.1440402,1.1330483
33.98749,1.0613991,1.0492133
38.649284,1.8130419,1.8249726
30.676867,1.7300916,1.729187
30.877245,1.4966617,1.5028484000000002
39.27233,1.8636021999999999,1.8942219999999999
37.308933,1.4664241,1.4690223
32.57971,1.7046694,1.7303939
32.348408,1.2812631,1.290684
36.238056,1.4522959,1.4567695
38.688515,1.1755096,1.1663251
35.93769,1.3672171,1.3756141999999998
39.457485,1.5636734000000003,1.5677619
32.82055,1.2250954,1.2327011000000003
34.087982,1.2058742,1.2048404
31.887167,1.4261258,1.427172
30.179678,2.0132847,2.052772
31.259323,1.5290221,1.5379900999999998
32.05862,1.4464235,1.4481677999999998
39.495663,1.7275826999999997,1.7319925
35.668655,1.6467421000000002,1.6627431000000001
30.163683,1.3043044,1.3005407
38.17411,1.4023535999999999,1.4156982999999996
31.640139,1.2427003,1.2390285
35.42259,1.3406677,1.3578683999999999
34.38696,1.0715353,1.0536025
38.757645,1.3289256,1.3415372
33.904274,1.1131818,1.1072462
32.38687,1.6659654,1.6938179
30.656214,1.537945,1.5534958999999997
39.72557,1.8151340000000002,1.8351774
35.63472,1.7277279,1.7657821
34.763714,2.0026577,2.023572
33.349476,1.4193232,1.4144711
35.932373,1.5101871,1.5167859
38.806206,1.1649791,1.149358
30.4931,1.7924187000000003,1.8277447000000004
33.70493,1.941459,1.9637213
31.683851,1.4014598,1.4098728
38.92514,1.5756153,1.5852922999999999
36.430145,1.3413801,1.3436825
33.08297,1.4070753,1.415262
31.22119,1.0579746,1.0355444
38.05626,1.7750721,1.7841436999999998
32.39962,1.45224,1.4678695
32.835007,1.8313388,1.8565166000000002
30.706558,1.6152191000000002,1.6218708000000004
34.56979,1.2868377,1.2905188
34.630707,1.7247094,1.7422049
39.485622,1.659514,1.675823
32.131207,1.8202691,1.8456953
36.60866,1.8620920999999997,1.8812052999999997
33.17008,1.4993864,1.5084093
35.512398,1.1259823,1.110961
38.609985,2.0991993,2.1419134
31.840996,1.1453438,1.1383348
37.980637,1.2516224,1.2469718
35.37904,1.4234929,1.4251291999999998
33.504234,1.2373489,1.2380123
36.707767,1.4390361,1.4561532
37.862896,1.0949178,1.0861095
35.52682,1.3217041,1.3269169
33.029472,1.0259247,0.9909198
35.762974,1.7984532,1.8253524
34.314754,1.5028730999999997,1.5189184999999998
35.174,1.5673422000000001,1.5597405000000002
35.08295,1.6349622000000001,1.6511061000000005
30.410782,1.0451006,1.0210897
33.58316,1.1747208,1.1435442
37.113018,1.2440422,1.2438333
38.312443,1.7892684999999997,1.8182038999999999
34.847305,1.2562749,1.2552731
35.030827,1.6884332,1.7074334999999998
34.212025,1.0750062,1.0482056
35.510162,1.5262831,1.5372998999999998
33.15177,1.3604829,1.3756697000000002
38.978054,1.1476378,1.1454034
30.944183,1.090063,1.0804088
30.526516,1.5383348,1.5591946
34.728924,1.2673011,1.262043
36.624985,1.5106742,1.5334306
34.531773,1.7427238,1.7603862
34.1041,1.0689067,1.0641246
33.750988,1.9442492,1.9833245000000002
37.439068,1.7044541,1.7150447000000002
34.618744,1.3427022,1.3498404000000002
32.814034,1.4049436,1.4100738
37.507084,1.2774882,1.2724922
34.174976,2.139773,2.1858034
32.363518,1.3401638,1.348438
34.77273,1.2970904,1.297656
31.340876,1.7071577,1.7299390000000001
33.708736,1.5048387,1.5080135000000001
37.65923,1.5034009,1.5079296
37.5526,1.7962932999999999,1.8124930999999995
33.113354,1.4134086,1.4205779999999997
33.153423,1.3821368,1.3914573000000001
33.977142,1.0538075,1.0304691
31.449188,1.0046154,0.9735389
30.589325,1.3513881,1.3450482
37.00108,1.0150981,0.9735209
32.006413,1.4755801,1.4835615
36.218,1.2636961,1.2586267
36.271526,1.7314274,1.7534750000000001
39.624687,1.7479897,1.7657535
34.03153,1.6538138,1.6595991
30.052198,1.6676198,1.6985301999999998
36.986614,1.4608782999999999,1.4739887999999999
31.241856,1.7864933,1.8218169
38.814625,1.2963219,1.3057659
35.68088,1.7255315999999998,1.7337879999999999
36.02536,1.2135997,1.199101
35.639217,1.9121693,1.9381351
37.531654,1.0216454,0.99562967
39.166782,1.5135646,1.5196297
37.337727,1.497846,1.5074873
32.482773,1.1954385,1.1885581
36.792816,1.2542624,1.251477
34.55559,1.2909311,1.2974303
30.344637,1.1799284,1.1726453
35.586643,1.9053372,1.9164700000000001
30.908415,1.2694211,1.2665703
36.67478,1.8233542,1.846149
38.97928,1.7366416,1.7529585
35.84428,1.5433468,1.5525258000000002
33.381428,1.0230193,0.98937804
35.69416,1.1382276,1.1165645
39.60509,1.4740824,1.4829686
33.317356,1.8917637,1.9208550000000002
34.510025,1.1429265,1.1461692
38.27011,1.142824,1.1336496
31.655005,1.4490396,1.4509859
38.739143,1.5656312,1.5679492999999998
36.39339,1.8878328,1.9152186000000002
32.108727,1.3093164,1.3198779
37.6106,1.1946936,1.1854451
37.873417,1.2862185,1.2902775
39.781734,2.044235,2.0943296
32.921883,1.2757741,1.2750785
35.014984,1.6174468,1.6233300999999998
35.840088,1.8283546,1.8448857999999997
32.240948,1.4794931,1.4849563
35.924934,1.9717976,1.9989420999999998
38.366844,1.4010359,1.4068046
38.88125,1.2619202,1.2726259000000002
33.593178,1.7746696,1.7966311
36.54739,1.3475144,1.3502917
30.338781,2.0418699,2.097889
31.699755,2.1018634,2.1485958
39.98081,1.7639606999999997,1.7712904999999999
35.430546,1.8315068,1.8526382000000001
32.444805,1.5364109,1.5383446
34.101925,1.178416,1.1691208
32.72599,1.191914,1.1860042
39.30678,1.0605589,1.0359287
35.240124,1.0908439,1.0830991
38.719845,1.6972065,1.7168740999999998
36.720596,1.9591529,1.9998243000000002
35.595787,1.1789001,1.1756868
30.377546,1.4897035,1.5024388
39.428207,1.5010402,1.5104823
30.34616,1.8017539,1.8224358999999999
39.262573,1.9096375,1.9290763999999998
30.814854,1.825296,1.8527179
30.403881,2.0409741,2.0358233
36.402817,1.247422,1.2468891
31.885544,1.1487516,1.1350098
31.183014,1.3288513,1.3379717
35.076405,1.0882715,1.0730996
30.038841,1.5976192,1.6004388
32.93719,1.2200354,1.2151694
32.781082,1.2269027,1.2180545
32.252487,1.6760968,1.6850605
38.43011,1.6890965,1.7031262
36.768528,1.828877,1.8613176
39.35628,1.8641648,1.875922
31.735441,1.2131593,1.2076943
32.390038,1.1960868,1.191603
39.339287,1.3054334,1.3175142
31.194338,1.4137884,1.4183278
32.69377,1.6545699999999999,1.6621914
37.301624,1.098994,1.0936849
39.610794,1.2064841,1.2095683
36.85839,2.0719907,2.106287
30.051046,1.5575598000000002,1.5663059000000001
30.199263,1.4057089,1.4132535
33.845554,1.6730739,1.6860661999999997
31.584982,1.4680519,1.4704837999999998
38.109196,1.9147906,1.9398804
32.67479,1.2656637,1.2612753
32.200405,1.8586683,1.8715352999999997
33.186863,1.0457044,1.0091434
34.822918,2.0007772,2.0293062
32.683895,1.6515074,1.6618178
30.884659,1.1796311,1.1797059
37.559494,1.5090091,1.5139917999999999
39.111973,1.8095163000000003,1.8299735000000001
35.925888,1.46166,1.4739149000000002
30.806553,1.2199299,1.2223820999999997
35.372135,1.3184955,1.3203425
37.415302,1.4168268,1.4219782
30.899109,1.5195367,1.5245001000000002
34.039093,1.1749525,1.165437
37.163128,1.548929,1.5521153999999997
31.821655,1.4138865,1.4220958
38.44153,1.6842028999999998,1.7117332999999997
39.65643,1.4679159,1.4693162
36.2856,1.596015,1.6040571
38.1431,1.6709412,1.6831472
38.348755,1.5503343,1.5553825
34.175194,1.7865891,1.8132582000000002
35.38047,1.6974685,1.716533
32.701416,1.3713986,1.3757007
38.38567,1.3464665,1.3524442000000003
33.493034,1.0511266,1.0091013
33.672043,1.2529136,1.253936
31.663696,1.3776474,1.3851812
37.40654,1.4723424,1.4708529
32.03185,1.0183669,0.9851381
35.026203,1.3103676,1.3168478
34.65435,2.0142763,2.0441914
30.57201,1.6247528,1.6240025
37.40571,1.3573815,1.3599799
35.45827,0.98780954,0.93976706
39.80081,1.5951548,1.6042019999999997
37.85353,1.5005893,1.5139487
36.32451,1.3754063,1.3749568
38.07241,1.0904638,1.0745566
32.920635,1.5653695999999997,1.5820879999999997
32.595074,1.7876093,1.7983468000000002
33.651176,1.4989719,1.5149578999999997
35.302444,1.4235022,1.4200265
35.255154,1.1354725,1.118469
30.74369,1.9843377,2.018476
30.651686,1.556314,1.5547566
35.11271,1.6029681,1.6209111
34.95163,1.7905786,1.8096972000000002
32.47016,1.0738864,1.052207
35.909847,1.8576111000000002,1.8758581000000003
32.36463,1.5315087,1.5395648
38.468655,1.2491852,1.2484608
31.12652,1.6658138,1.6740875
39.958015,2.1446974,2.1724172
37.9365,1.6935977,1.7128885000000003
30.300533,1.556152,1.5678318
31.208548,1.4614444,1.4756863000000002
38.41397,1.1693502999999998,1.1599697999999998
32.37516,2.106286,2.1352072
37.807705,1.5270173999999999,1.5338532999999999
37.40605,1.3024436,1.3085965999999998
34.479145,1.4357213999999998,1.4415724
30.793049,1.1989629,1.1810212
30.063898,1.1787847,1.1660447
31.22455,1.661437,1.682473
34.65325,1.2367033,1.241179
39.716408,1.8547095999999998,1.8849935999999998
37.947998,1.1908002,1.1862657
35.301235,1.6030022,1.6075876
33.65249,1.5727440999999998,1.5857555999999997
32.594116,2.0136309,2.0620232
34.910896,1.6069628999999999,1.6161007999999997
38.74483,1.8596302,1.8823112999999998
36.99346,1.6611698,1.6760116
33.115524,1.1383767,1.1223481
30.245592,1.5036849,1.5134759
33.19109,1.5499744,1.5628195
39.201202,1.8116024,1.8349159
39.460464,1.3954872,1.3957729
37.35178,1.4653906,1.4742913
36.25766,1.51064,1.5151701
39.50862,1.3060242,1.3153059999999999
33.0695,1.7694261,1.7935376
30.669157,1.5210915,1.5415347
33.35959,1.5882455999999998,1.6039239999999997
34.867905,1.7641224,1.7738402000000002
33.64228,1.6260566,1.6510886999999999
39.509373,1.6550705,1.6666448
36.01114,1.7246306,1.7408642999999997
37.449753,1.3913233,1.4041324
35.5752,1.0557992,1.0169942
38.619328,1.3972371,1.4027674
32.74821,1.9418703,1.968169
35.05587,1.5454838,1.5557395999999997
37.33988,1.6597519,1.6714406
39.694843,1.9145057,1.9464152
30.033815,1.2516259,1.2451816
35.395298,1.282397,1.2841399000000002
32.543404,1.1150934,1.0979743
33.083508,1.0277075,0.9990994
36.68749,1.2226734,1.2189784
32.853436,1.0681843,1.0497557
34.3179,1.354028,1.3764591
31.857296,1.0026857,0.97668314
39.745407,1.0074086,0.98046327
35.010986,1.4263701,1.4326198
35.45376,1.8812877,1.905818
36.701088,1.2385957,1.2390146
34.058434,1.1461877,1.132087
31.069027,1.8459772999999997,1.8765588
38.367485,1.6859680000000001,1.7056437
37.609196,1.3768625,1.3841054
38.20329,1.5338501,1.5424788
32.526352,1.607274,1.6176264000000002
36.565727,1.5145977,1.525744
31.156128,1.5816082,1.5885165
37.056118,1.5656539,1.5699718
32.23149,1.356828,1.3683338
33.08851,2.0220463,2.060135
34.754284,1.7768629,1.7896183000000003
37.603508,1.9795866,2.009126
31.380707,1.4279844,1.4339608999999998
32.964928,1.922921,1.9494205
33.984787,1.7361736,1.7488816
39.26439,1.6423193,1.6633941999999997
33.61422,1.2559452,1.2544549
31.99205,1.6176381,1.6409631
31.40313,1.5853126,1.5838363
32.20159,1.798091,1.8088856
39.239685,1.7422894,1.7415986
33.27394,1.1656247,1.1650088
34.492077,1.5738134000000001,1.5864909000000003
30.517136,1.378081,1.3830075
30.359682,1.6604077999999998,1.6792695999999998
39.694866,1.3214681,1.3270985999999998
38.87418,1.5505772,1.5594236999999997
38.93077,1.357598,1.3580346
39.487144,1.37305,1.3827808
30.268005,1.4956675,1.5131618999999998
38.218914,1.784168,1.7994204
31.106585,1.3585987,1.3822739
36.299957,1.5276468,1.5473813999999997
34.3948,1.4390571,1.4494135000000001
38.386196,1.1149237,1.0991585
31.708557,1.5917509,1.6196189000000003
33.081623,1.4765165000000002,1.4760396000000002
32.141922,1.7364422,1.7587738
30.411795,1.4879644,1.4995306
34.965786,1.3083712,1.3201303
35.714,1.2118492,1.2045937
32.72164,1.6245124,1.6430018000000002
33.889565,1.9352942999999998,1.9580559999999998
32.515236,1.5613741999999997,1.5613145999999998
38.19576,0.9976791,0.97291034
36.303738,1.7968265,1.8180832999999998
37.000767,1.1742824,1.1734791
37.257748,1.360689,1.3712244
34.156902,1.021389,1.0024769
31.852327,1.6546588,1.6656275000000003
31.662241,1.4123685,1.4081328
31.94533,1.7361465,1.7457411
31.136585,1.7783102,1.8146019
35.02379,1.2094208,1.2059896
39.303864,1.3407626,1.3443382
36.18916,1.0666432,1.0311731
31.960032,1.1129727,1.0935287
38.144005,1.9278053999999998,1.9431919999999996
38.914234,2.005869,2.0418303
31.565722,1.1696202,1.1696978
30.796953,1.6960986,1.7072287
30.440874,0.9210959,0.9047473
36.79448,1.2989902,1.3057876
34.315144,1.1777835,1.1699154
35.821255,1.8101557,1.8289394000000003
35.357597,1.3547478,1.3644083
31.282175,1.8319907,1.8526278000000003
31.403067,1.1472416,1.1382418
36.71073,1.7955858,1.8181548000000003
39.21863,1.3492205,1.3499638999999999
34.895542,1.5322456,1.5343735
38.106167,0.9328167,0.8912663
38.620167,1.466968,1.4708428
31.816526,1.3764175,1.3852956
35.9119,1.3341036,1.3475654000000001
38.893574,1.3112482,1.3249016
39.80463,1.6510419,1.6658409
38.921486,1.6185045,1.6134639
34.753223,1.6583014,1.6778344999999997
31.41704,1.3730825,1.3876276
34.521065,1.0685091,1.0349908
33.887188,1.5053904,1.5146646
31.486553,1.1961818,1.1926537
37.4371,0.89316374,0.84228736
35.88131,1.6259786,1.6397421
39.266384,2.033467,2.070778
35.370422,1.3756406,1.3848138000000003
36.17686,1.6186402000000002,1.6318533000000002
38.735336,1.4308912,1.4308193
37.368053,2.0080912,2.0402641
38.616642,1.313404,1.3294609
37.49595,1.1735545,1.1680045
37.283348,1.5288501,1.5393908
38.182034,1.5123746,1.5135948999999997
39.122425,1.3034993,1.2936077
39.82953,1.9133016,1.9323976000000003
31.669167,1.3834,1.3969679
33.54076,1.7964717000000001,1.8332772000000002
34.28329,1.4919353000000002,1.5185907000000003
30.41737,1.2543606,1.2499809
37.030804,1.5341075999999998,1.5466663999999999
34.747932,1.3669875,1.3668363
36.01257,1.846982,1.8846424
32.768116,1.5222447,1.5245337
38.340633,1.7661901999999998,1.7861296999999996
31.845362,1.5370119,1.5551490999999997
32.1064,1.2549628,1.2657924
38.944927,1.3731959,1.3904455
34.866184,1.3342373,1.3502904999999998
37.63279,1.5914022,1.5991216
39.66898,1.7879371999999998,1.8022787999999998
31.165482,1.157,1.1570864
35.9003,1.335062,1.3373786999999997
39.884243,1.5649469,1.5758312
37.469055,1.3922036,1.4001503
31.640263,1.4517225,1.4556801
31.794214,1.1789833,1.1727059
36.328564,1.8905913999999997,1.9126569999999998
34.034203,1.6082382,1.6108975
36.91874,1.23055,1.2339339
30.824184,1.2350459,1.2335765
31.248127,1.5118665,1.5358744
39.929165,1.4191666,1.4282866000000003
37.419647,1.5864530000000001,1.5929494000000002
34.215576,1.071962,1.0358517
30.533037,1.5578732000000002,1.5735128000000003
31.308159,1.6087236,1.6280584
31.653551,1.9436423,1.9705011999999997
32.00186,1.1838956,1.173774
30.949076,1.6984502999999997,1.7189591
30.58514,1.4979693,1.5156245
30.682108,1.6116588,1.6215465
38.30498,1.9119104000000002,1.9360769000000002
37.919792,1.0305985,0.9870716
39.187042,1.4635527999999998,1.4774698999999998
33.875202,1.923266,1.9498794
31.814331,1.6952746,1.7169161
37.619972,1.248276,1.2523467999999998
31.182842,1.4836546,1.5109436999999997
32.257454,1.4953146,1.5142882
38.402897,1.3692572,1.3802402
38.23979,1.3503417,1.3544822
38.4876,1.8305124,1.8558381
33.818672,1.4475129,1.4393849
31.290422,0.8992547,0.8528275
35.428326,1.6147119,1.6237072999999997
33.028442,1.8768978,1.9116895
39.817535,1.9145288,1.9336976999999997
35.594227,1.4068031000000003,1.4201956000000002
30.152153,1.517158,1.5294871
31.949663,1.291997,1.2901285
34.036396,1.5808167000000002,1.5948675
39.93732,1.1546898,1.1566379
32.699722,1.7950312,1.8203172999999997
35.721184,1.7968898,1.8222556000000003
37.055054,1.1365671,1.131352
37.57493,1.5392909,1.5448877999999997
33.036484,1.2510784,1.267101
38.677208,1.3803238,1.385319
33.819065,0.9701051,0.91484326
38.70632,1.2377893,1.232388
30.969444,1.5949035,1.6166333999999998
32.950092,1.9836347,2.0041518
31.515882,1.3101057,1.3134483999999997
31.516188,1.4441266,1.4516902
31.846745,0.9692674,0.9300924
34.281704,1.4585481999999999,1.4704126999999998
39.432243,1.1955092,1.1909969
36.422016,1.4351245999999998,1.4416331999999998
38.645264,1.9325622,1.9571103999999997
36.913887,1.0957764,1.0845604
33.07753,1.4015963999999999,1.4044367999999998
36.461468,1.6314646,1.6419984999999997
35.973305,1.4562255,1.4636979
38.422512,1.2290486,1.2292659
37.06035,1.3278842,1.3309352
35.63864,1.4655242,1.4743513999999998
39.624893,1.5506817,1.5579288000000002
31.652111,1.5712420000000002,1.5745215
37.825653,1.213695,1.2118855
31.555399,1.6274482999999997,1.6420990999999998
31.295979,1.2369376,1.226634
32.176426,1.3457146,1.3520269
33.348225,0.9557311,0.92418784
32.323715,1.6069934,1.6111118999999998
32.978603,1.9583553999999999,1.9799732999999997
36.99197,1.4255296,1.4474382
34.548927,1.0690694,1.0570962
36.199562,1.6565949,1.6648923999999998
31.814478,1.2615407,1.257412
37.660072,1.5079164999999999,1.5198697999999997
34.558426,1.4650438,1.4745948
36.902225,1.9360126,1.9745936
33.891056,1.6046039999999997,1.6204254999999996
33.876873,1.3362105,1.3376188
33.557995,1.2306309,1.2283304
33.327965,1.9199739,1.9414296
36.559723,1.4193081,1.4194317
33.436905,1.0169945,0.9805283
31.019169,1.221204,1.2233167
31.09866,1.9165423,1.9271595000000001
36.892456,1.3737915,1.3848732000000001
35.922024,1.3260500000000002,1.3316529000000001
35.05243,2.0905328,2.1273167
38.934006,0.9415332,0.88069886
36.11361,1.6165081,1.6235528
32.99193,1.3140627,1.3275843000000003
36.191586,1.3353424,1.3458201999999997
39.599693,1.5871282,1.5981383
36.492264,1.3208966,1.3235648
39.824825,1.9773829,2.0118766
33.107834,1.5210838,1.5379511999999997
39.412296,1.7991632,1.8237627
31.620338,2.029838,2.0489345
30.920164,1.3824598,1.3943863000000003
36.328636,1.2704765,1.2684705
30.10908,1.5065659,1.5094534999999998
38.79644,1.9771850000000002,2.0188699
38.285355,1.8756971,1.9041221
35.034393,1.5359018000000002,1.5393422000000003
37.462418,1.6772262,1.6826358000000001
30.94297,1.1376103,1.1185856
37.01745,1.694435,1.7043575999999998
37.08849,1.9028713,1.9286143999999998
37.29674,1.1700091,1.1671076
32.85933,1.4353156,1.4412622
32.200066,1.5813282,1.5927222000000003
32.377617,1.178111,1.1787219
34.475204,1.6253346,1.6367378
35.292133,1.6714722,1.6914965999999998
39.28251,1.1812361,1.1791952
39.621876,1.2494525,1.2558440999999998
34.10224,1.8005062,1.8149445000000002
33.546253,2.0785499,2.1170096
38.47586,1.8388197,1.8660684000000003
34.719772,1.8451346999999998,1.8533465999999996
32.211773,1.168292,1.1649992
33.757065,1.5970256,1.6011093
37.872818,1.9412835,1.9733228999999999
34.622337,1.6781723,1.7019641
35.47755,1.3693795,1.3720738999999997
37.905,1.8484676,1.8793356
37.01154,1.2117459,1.2128627
31.098944,1.2778697,1.2830489
37.59492,1.240898,1.2398617
34.75727,1.63953,1.6383536
35.887276,1.2325857,1.2289131
32.60796,1.3712789,1.3816798000000001
39.11516,1.0977306,1.0865736
37.590794,1.2765385,1.2830796
30.119059,1.316513,1.3196669
33.964146,1.2309953,1.2275984
35.378323,1.248234,1.2463772
37.516262,1.1469672,1.1359518
31.79981,1.9975268,2.0095718
37.03651,1.3996193,1.4086921
38.51595,1.2457904999999998,1.2451393999999998
38.38798,1.7845758,1.7950376999999997
38.072903,1.4397609,1.4436785999999997
30.425905,1.4084916,1.4186754
30.8078,1.7010194999999997,1.7105812999999996
33.543278,1.7852478,1.8062990000000003
32.739723,1.8676364,1.8986909000000003
36.046185,1.9213371,1.9440063999999997
37.03149,1.9704224000000001,1.9931328000000004
36.539745,1.4654332,1.4770305
34.121906,1.556988,1.5742884
35.480648,1.4773487,1.4865303
34.480865,1.6480771,1.662194
35.10823,1.420473,1.4256706
38.752872,1.2314129,1.2324207000000003
32.45377,1.5508078,1.568285
33.962673,1.4514457,1.4614398
33.767097,1.1035625,1.0885653
30.28,1.7751472000000001,1.7892523000000002
35.351818,1.0793878,1.0761685
38.058414,1.3810021,1.3982129000000003
32.674866,1.3950828,1.3965888
39.47603,1.1340576,1.1227195
35.62068,1.2363946,1.2406528
38.288544,1.5708482,1.5810243999999998
39.335686,1.5578753,1.5726909999999998
34.883614,1.0460316,1.0104287
33.727562,1.4019207,1.3950522
39.220547,1.0837381,1.0636308
34.693584,1.2405113,1.2296548
38.15342,1.6417991,1.6461600999999997
31.963785,1.5645419000000003,1.5803053000000002
31.158915,0.9951705,0.94524014
36.285217,1.3370185000000003,1.3593736
33.210712,1.0686716,1.0329769
30.174067,0.9993391,0.9543244
36.31743,1.585205,1.5984478
36.029705,1.7298537,1.7467046
31.9077,1.6118593,1.6324792
34.64349,1.361096,1.3702066
36.936558,2.154657,2.2075071
35.397263,1.703573,1.7266759999999999
31.72053,1.680817,1.6865916
36.943047,1.707531,1.7291776999999997
36.86906,1.7509716,1.7757380000000003
37.79539,1.3607861,1.3636804
32.18964,1.5049908,1.5152607
32.843815,1.2767417,1.272074
30.393246,1.2378923,1.2435639
38.97676,1.5446236,1.5541139
37.316254,1.8132805,1.8386381
33.96122,1.096332,1.0922397
35.53445,1.5478536,1.5574790999999997
39.875694,1.1829139999999998,1.1734456999999998
32.672062,1.276039,1.2758305
31.212114,1.2797186,1.273649
33.044724,1.4084423,1.4177628000000002
32.855423,1.4193505,1.425746
33.5873,1.6241554999999999,1.6392218999999995
36.530365,1.8704519,1.8833849999999999
39.4684,1.459641,1.4622872000000002
34.022583,1.8957002,1.9303381
37.562107,2.047889,2.0943255
37.70189,2.0581284,2.100496
30.141666,1.5330172,1.5703795
31.000206,1.5869414,1.6155217
39.386185,1.4551282,1.4711647
34.52821,1.4605665,1.4780505
38.696495,1.485642,1.495115
39.420467,0.9789061000000001,0.9403742000000002
31.031012,1.4172393,1.4222106999999997
36.289913,1.0142115,0.97382545
35.59465,1.9144758000000002,1.9513621
37.14104,1.6396908999999997,1.6559744
39.207047,1.4938102,1.4960934999999997
30.078753,1.5633188000000002,1.5780203
30.12484,1.6815432,1.6693373
33.508453,1.0835568,1.0779016
39.82166,1.1454064,1.1405492
35.91679,1.6307025,1.6403971
35.505363,1.5666981,1.579098
31.609148,1.8137442,1.8329446
30.552588,1.646285,1.6709045999999999
35.60236,2.051492,2.0731041
38.90923,1.6218165,1.6382425
32.239132,1.3167579,1.309838
32.463943,1.4751228,1.482837
33.91921,1.1876906,1.1858764
32.11691,1.3596033,1.3773748999999997
31.741724,1.6936308,1.7076410999999998
31.652557,2.0418804,2.0701277
30.113285,1.5505255,1.5863125
33.704254,1.9877248000000003,2.015578
31.318937,1.4957542,1.5112728999999998
39.828503,1.4943436,1.5040414
34.834248,1.1489964,1.1357448
32.32085,1.5307032,1.5405631
39.65579,1.7970768,1.8204682
32.552998,1.8315811,1.8581089999999998
31.884516,1.332448,1.342001
34.24052,1.4075599,1.4066696
30.762808,1.0769118,1.0674331
33.39,1.3058035,1.3063262
38.174973,1.4100944000000002,1.4117591
39.815617,1.6953831,1.7061602999999999
37.708656,1.8655920000000001,1.8947897000000002
31.83887,1.6940744,1.6969383000000002
36.475037,1.618624,1.6289245999999997
35.502262,1.7874455,1.8117123000000002
36.51089,1.4401404,1.4312553
38.674652,1.3482827,1.3576619999999997
39.266113,1.3504819,1.3546538
38.18659,1.1581726,1.1531465
36.382595,1.6732196,1.6983944999999998
34.28977,1.627343,1.6395848
32.723873,1.6978128,1.7240818000000002
36.47379,1.3787824000000002,1.3818996
39.140255,1.9863310999999997,2.0183882999999994
34.19166,1.2275951,1.2340744
38.91298,1.3719958,1.3742499
30.516626,1.83062,1.8408377000000002
30.742668,1.0492166,1.0507973
38.335537,1.8107014,1.8351674000000002
34.61215,1.0756685,1.060921
39.619137,1.5090156000000001,1.5128236000000002
34.25532,1.3388011,1.3493025
36.13035,1.9719474,1.9949730000000003
33.7881,1.9725087,2.0219069
34.114796,1.5904760000000002,1.5968537
31.398054,1.652253,1.6657140000000001
38.27381,1.7595711,1.7759371
36.857433,1.4680942,1.4740293
30.625301,1.1784791,1.1651721
30.531878,1.6160264,1.6266074
33.729305,1.313603,1.3194199
37.181877,1.3542323,1.3733946999999997
32.48912,1.2762657,1.2695191
31.870594,1.8227098,1.8529491
32.973686,1.5515838,1.5632069
31.230719,1.3760052,1.382509
36.811317,1.0128728,0.9754026
30.865337,1.2689507,1.2716093
39.283455,1.6338500000000002,1.6408040000000002
35.278095,1.8606038,1.8872821
30.874556,1.4050468,1.4096856
36.092087,1.2792401,1.2788451
32.158398,1.9220692,1.9480876999999999
33.814198,2.0490117,2.0746129
32.219097,1.311311,1.3286324
38.835358,1.4105145,1.4180472
30.128588,1.7274578999999999,1.7566413999999995
36.27089,1.9907449999999998,2.0091774
31.406916,1.361906,1.3749063
33.34286,1.2598289,1.2657523
32.780457,1.5576567999999997,1.5894394
39.795372,1.9370078,1.9687076
37.44625,1.9198929,1.9362204
37.77094,1.7605591999999999,1.7933015999999995
33.36208,1.0386487,0.99386513
30.798317,1.4853079,1.5031872
36.328064,1.1228688,1.0969996
30.56274,1.7077461,1.7361347999999999
30.855196,1.6700448,1.6826059999999998
31.12601,1.6024332,1.6185621999999997
34.876236,1.5832374,1.60443
35.93852,1.336593,1.335372
30.446209,1.8662362,1.8738201000000003
33.717464,1.1403742,1.1316218
36.35902,1.8933108,1.9392116
33.651352,1.859427,1.8644905000000003
30.83342,1.9101403,1.936481
34.838486,1.7257856000000003,1.7557447
32.03626,1.6661232,1.6645901
38.706425,1.6808317,1.6854804
34.93668,1.3133345,1.3239505
32.923397,0.99039805,0.95142525
35.398087,1.7509996,1.7422636
39.234573,1.4986857,1.508997
38.11371,1.264779,1.2788234
39.180103,1.1951296,1.1986275
39.9889,1.1671293,1.1597996
31.524055,1.2911524,1.3054024999999998
36.6816,1.9865209,2.0210483
34.50299,1.4393859,1.4516537
38.66591,1.0044111,0.9781545
31.517523,1.7223859,1.7490194
39.016026,1.5885378,1.5942429999999999
35.480717,1.8361479999999997,1.8661996999999995
33.224087,1.2747471,1.2730229
32.27859,1.8136251,1.8554296
38.412285,1.6378123,1.6440306
35.93348,1.9897829,2.0182378
36.044643,1.5614219,1.574048
36.690296,1.434222,1.4415915
32.689156,1.295298,1.2974086
32.61783,1.4173136,1.4310391000000002
31.086899,1.3001415,1.3171961
30.150286,1.2668599,1.2754097
32.527122,1.2076205,1.2118592
34.262466,1.3813314,1.3919377
30.49912,1.2344074,1.2373104
37.411125,1.4547966,1.4607724999999998
33.63983,1.8541895,1.8974874
38.322777,1.409469,1.4261127
33.580647,1.2947595,1.2894433
37.249916,1.183064,1.1778204
38.55942,1.4066986999999997,1.4184483999999997
37.920525,1.4483540999999998,1.4543942999999997
33.938377,1.8815246,1.9031620000000002
38.723053,1.5326476,1.5345039
30.145449,0.9641966,0.9164231
37.163948,1.8242096000000003,1.8404295000000002
30.57302,1.3405585,1.3491135
33.68787,1.8605022,1.8889444
37.469917,1.2450062,1.2484678999999999
39.664417,2.0841901,2.1077025
30.641716,1.4382098,1.4509745000000003
34.867813,1.3982522,1.412719
31.19544,1.3014637,1.3084574
37.32156,1.2494136,1.2516093
37.60786,1.5894756000000003,1.6024938000000002
39.647697,1.8455672,1.8615308
36.231216,1.9886866,2.0260448
31.724493,1.5105636,1.5284173000000003
31.04709,1.4543128,1.4548321
34.50073,1.924493,1.9471066
33.722736,1.4521145,1.4638317
30.9514,1.6030272,1.6142950000000003
33.50453,1.3121235,1.3212271
37.82473,1.0754677,1.0579023
38.270016,1.379831,1.3821054
38.36714,1.43936,1.4452937000000001
39.88472,1.3428734999999998,1.3459448999999999
30.154911,1.6813348999999997,1.7087504999999998
32.508884,1.563759,1.5779305
39.651546,1.2629184,1.2686169
31.78079,1.8220574999999999,1.8549108999999997
37.64229,1.4357893000000002,1.4499333000000005
37.678143,1.7597123000000001,1.7740464000000002
30.007084,1.766992,1.7982831
30.091965,1.3203447,1.3272946
30.529684,1.8189832,1.8373240999999998
31.490498,1.3734032,1.3681722
34.508823,1.6434914,1.6657021
35.27482,1.7035323000000002,1.7306035
31.965857,1.1310077,1.114712
39.395306,1.1023262,1.0889308
31.983309,1.2573464,1.2638112999999997
32.460976,1.6410869999999997,1.6479577999999995
32.335148,1.4614121,1.4772574999999997
35.5566,1.4803852,1.4887610000000002
36.85597,1.362828,1.3669267
30.003721,1.8463846,1.861207
35.819946,1.0206393,0.98690075
30.046204,1.6114087,1.5995915
36.77922,1.3457987,1.3475657
30.295933,1.5347804,1.5390847
37.844593,1.0516435,1.0141714
37.24196,1.4498329,1.4578638
31.208906,1.0840212,1.0702834
39.01219,1.4432725,1.4362981
37.882496,1.8153415,1.8560224000000003
30.573097,1.1003294,1.096956
38.113068,1.4211860000000003,1.4241686000000002
35.960823,1.5098475,1.5214169
36.568768,1.2705929,1.2666416
35.346737,1.2532711,1.2545742999999998
38.167732,1.1261088,1.1188016
34.50511,1.1619412,1.1669674
30.130423,1.4226149,1.4239242
35.157303,1.1377174,1.1296284
31.03634,1.9144298000000002,1.9321237000000002
39.072144,1.7003205999999997,1.7160958999999996
39.44981,1.9958138,2.0381093
31.242977,1.311839,1.3077357
34.270607,1.3252525,1.3311317
37.517952,1.6948969,1.7181058
36.114735,1.1796831,1.1826224000000003
32.105408,1.1721029,1.1619341
37.22958,1.4640871,1.4744236
31.35346,1.6697669000000002,1.6846294
39.106876,1.1666814,1.1666927
33.340897,1.7428403,1.7527515999999999
35.611443,1.7727879,1.7994192000000002
35.103897,1.738419,1.7423508
32.500412,1.9481225,1.9705180999999998
30.33597,1.5680885,1.5685203
39.348362,1.1670662,1.1724787000000003
32.176605,1.6425217,1.651988
31.889591,1.2115581,1.2143803000000002
35.823116,1.1799815,1.1778462
39.397953,2.0467978,2.101521
35.49332,1.5843232,1.5893109
36.765236,1.4474432000000002,1.4504557000000002
34.043533,1.6951934,1.6943874
33.67668,1.6071619,1.6239898
32.499016,1.1375661,1.1275098
35.908936,1.3500888,1.3536477
30.630678,1.7162615,1.7530909
39.440205,1.2786603,1.284756
36.43708,1.5909545,1.6007909999999999
35.18872,1.2395843,1.2530363
33.110016,1.5365669,1.544935
33.755154,1.1065679,1.0997927
38.49515,1.0634239,1.0428308
37.742294,1.6689043,1.6841309
38.28825,1.488736,1.5010778999999999
30.88224,1.2060517,1.2076926
32.26437,1.6157492,1.6165404
33.588005,1.8770096,1.9074459
32.24695,1.836148,1.8624964
32.61262,1.5617547,1.5642037
39.640408,1.5665325000000003,1.5749068000000002
37.14459,1.2884439,1.2948081
37.607418,1.6130774,1.6232612
32.950443,1.4725387,1.4822776
34.13981,1.6321777,1.6519458
33.811375,1.2939758,1.3028162000000003
31.974197,1.5414251,1.5642071
35.078484,1.3422278,1.3518965
30.474298,1.1873186,1.179488
32.745674,1.3387276,1.3388900999999997
35.026814,1.3557652,1.3661291999999998
33.46214,1.0755192,1.0623299
33.47702,1.6087011,1.6125642999999998
31.453476,1.6273422,1.6480329
34.08178,1.5223022,1.5321738999999999
35.06669,1.8275473,1.8541768000000003
30.479372,1.9448327999999997,1.9666702999999996
30.87793,1.153244,1.129636
30.214336,1.869988,1.8938320000000002
31.988646,1.8658518,1.8999218999999998
30.81676,1.5186967,1.5359380000000002
30.32338,1.3579983,1.3636552999999998
38.16931,1.8400888,1.8678486000000003
30.23439,1.6400249,1.6562152
33.948174,1.4559454,1.4872849000000001
37.073914,1.818765,1.8441427000000001
33.59942,1.9526633,1.9800575
35.588413,2.023298,2.0612981
33.485306,1.1636202,1.158453
31.555721,1.5834447,1.6000704999999997
31.710173,1.4546638,1.4527044
32.70455,1.4336606,1.4446657
38.798035,1.6056483,1.6270815999999997
37.743404,1.8244394,1.8520703
33.39254,1.267346,1.2793844
31.69821,2.010093,2.0505724
32.16124,1.697269,1.7081561
30.200441,1.4632617,1.4780743
30.307964,1.8423288,1.8527126000000003
31.096352,1.562293,1.5840049
33.510994,1.543057,1.5618141
37.252163,1.2718495000000003,1.2731934000000003
33.75946,1.6138529,1.6289816000000001
34.242928,0.9404416,0.9002068
35.08631,1.4626392,1.476521
32.195526,1.5678966,1.5800927
34.09596,1.6439787,1.6452761
30.2383,1.2922509,1.296598
38.941418,1.5779893,1.5905797000000002
33.95804,1.2483307,1.2380922
37.07666,1.4002838,1.4044552
38.355946,1.7195623,1.7342229
38.770664,1.7098554,1.7188151
35.5816,1.3652942,1.3755574
31.422325,1.278842,1.2815976000000002
34.133396,1.2852437,1.2888759999999997
30.858902,1.4613907,1.4858975
39.919277,1.3882596,1.3956332
32.156277,0.9234142000000001,0.8850934500000001
35.067802,2.011457,2.047179
37.397064,1.6894667,1.7033525
39.777145,1.1863275,1.1930697
31.226202,1.8333125,1.8544822
31.76693,1.8253458,1.8442341999999998
36.466972,1.8549853999999997,1.8785519999999996
36.478798,1.2442192,1.2453205999999999
32.174297,1.1965438,1.2078631
39.24492,1.6537347,1.6686655999999997
39.625935,1.7652283,1.7789755
36.906513,2.0508451,2.080485
30.009632,1.7454677,1.7611793999999998
33.369877,1.71004,1.7298915000000001
39.703278,1.3626846,1.3723400000000001
36.807064,1.2294015,1.2338607
38.925106,1.2811514,1.2901652
37.27308,1.523684,1.5298693
34.34177,1.7401931,1.7619106999999998
31.90735,1.7239338,1.7387688
31.643808,1.7453978000000003,1.7782030000000002
38.358826,2.1557884,2.2003608
39.92653,1.5891012,1.5921216000000002
36.569473,1.7955728,1.8204522
37.717926,1.4170387,1.4177661
37.316715,1.4083515,1.410759
35.1874,1.5266792000000002,1.5338180000000001
34.93757,1.1903374,1.1889398
34.65983,1.2798377,1.2822528
34.790127,1.5198009,1.5455594
35.2637,1.9237064,1.9647256999999998
33.375122,0.9736718,0.9332294
30.046545,2.0255003,2.07248
38.814064,1.8352826,1.8600782999999999
37.34123,1.7982601,1.8224201
31.332668,2.0349743,2.0768745
36.968185,1.2990097,1.3006618
38.14853,1.3495431,1.3562398
35.58689,1.5670457,1.5804195
34.563614,0.997844,0.97751343
30.005405,1.481436,1.4864770999999999
36.539917,1.1665351,1.1486285
37.97553,0.99439603,0.9478468
38.493587,1.6985459,1.7169104
38.52288,1.4337033,1.4447990000000002
31.46946,1.7950407,1.8140317999999998
30.854885,1.083997,1.0703506
37.698517,1.5570606,1.5696697
38.648556,1.0972683,1.0563526
36.04019,1.351108,1.3629997
32.743626,1.5281556,1.5430572
39.484818,1.6653488,1.6793885
38.917492,1.4910159,1.510113
39.552536,1.387723,1.3915597999999998
39.23786,1.2303579999999998,1.2355989999999997
30.14278,1.1398319,1.1371241
39.967445,1.3624817,1.375629
38.04523,1.7164997,1.7311552000000001
30.133207,1.5544897,1.5884020000000003
38.05342,1.5548081,1.5752442000000002
37.13984,1.4222575,1.4297264
35.56673,1.5131822,1.5159318
38.8975,1.2021514,1.1981475
37.095005,1.6125394,1.6323230000000002
32.401417,1.8822386,1.9023919
37.303074,1.5692495,1.582681
33.47456,1.4546974,1.4574177
32.99788,1.4402182,1.4401503
36.379257,1.5162648,1.5231466
39.065754,2.0955994,2.142437
30.430119,1.5076125,1.5243905
33.314445,1.2737745,1.2731175
33.26847,1.6226435,1.6357701
37.55971,1.2580917,1.2521768
35.559166,1.6305476,1.6499516999999997
34.173916,2.0935807,2.1597042
36.76925,1.5822421,1.5945525
30.379147,1.3964881,1.3924739
35.587208,1.3212095,1.3222821
33.479652,1.2044618,1.2021496
36.741833,1.2936085,1.2934275
32.959545,1.5378634,1.5504661
35.909702,1.5907544999999998,1.6162099999999997
30.70926,1.4282318,1.4249964
30.352995,1.5287998,1.5464401000000003
38.43827,2.1108732,2.148336
34.300137,1.1820135,1.197748
31.536188,1.936706,1.9913018
33.798145,1.7658637,1.7904732
32.015625,1.8333306,1.8676438
33.290615,2.06952,2.1254184
32.730854,1.5380579,1.5323308
37.227203,1.245108,1.2449524
32.140217,1.497411,1.5056992
38.480988,1.8602367999999998,1.8913828999999998
38.76263,1.7460592,1.7708204
31.5965,1.0389435,1.0107319
33.09983,1.9444664,1.9546599
34.574005,1.8098693,1.8339725
33.217102,1.4410687999999998,1.4484476999999998
39.91154,1.6890444999999998,1.7030577999999998
32.53516,1.3430542,1.3283992
37.600033,1.2858914,1.2936988
38.50518,1.4088843,1.4156003
30.186047,1.4447778,1.4607608
34.42245,1.7404689,1.7603461999999999
36.235195,1.4476067,1.4598770000000003
38.88375,1.5329986,1.5372705000000002
35.684303,1.800576,1.819495
39.172302,1.1179645,1.1114845
30.595345,1.5269455,1.5269856
38.145824,1.8662359,1.905375
37.131687,1.1944153,1.1938968
30.922121,1.6933212,1.7174002999999998
38.156754,1.3711777,1.3860512
38.574482,1.1491879,1.1409094
33.1894,0.9358698999999999,0.8747182499999999
36.205437,1.3716444,1.3746009000000001
38.796,1.4628389,1.4729083
30.54733,1.3270773,1.3366218
33.592033,1.3093226,1.3081768
31.770353,1.2752426,1.2629118
39.596405,1.203247,1.2069225
39.5396,1.3005682000000003,1.3066247000000002
33.524925,1.5292221,1.5501778
35.38104,1.7991672,1.8247612000000002
35.42581,1.9406344,1.9692764
30.614697,1.8188775,1.8469970000000002
34.926987,1.2223351000000002,1.2230167000000003
36.828953,1.4128879,1.4199252
37.076916,1.4058856,1.4094402999999998
30.145313,1.7665609,1.7905129999999998
36.984146,1.2733586,1.2775979
35.46502,1.7530006,1.7706585
33.384716,1.1657604,1.1274431
32.1265,1.7923126,1.8202503
31.396317,1.9779627,2.01685
32.272602,1.5478859,1.5640719
32.334793,1.809933,1.834032
37.80777,2.0366137,2.1212711
33.98234,1.5928507,1.5989927999999998
39.951374,1.6891983,1.6995065
31.836407,2.0326777,2.086059
35.3449,1.6422404,1.6686193999999999
38.49781,1.6941969,1.7094533
35.089577,1.3818086,1.3833954
39.48941,1.3661432,1.3706865
33.01698,2.0102105,2.0589004
39.92279,1.6945071,1.7183249000000003
33.266895,1.3659941999999998,1.3715078999999997
32.2257,1.2254487,1.2177858
32.379745,1.4150447,1.4241537999999998
37.766396,1.6566747,1.6611528000000002
39.574516,1.5827156,1.5936577000000003
30.929285,1.3238386,1.3312659
36.66409,1.594065,1.6151941000000003
36.678757,1.3870466,1.3911393
36.758797,1.5364001,1.5433867000000001
33.832985,1.0974953,1.0760849
39.43412,1.1196344,1.1013254
38.099316,1.1958442,1.1882741
38.248253,1.7901118,1.8135828999999999
34.65354,1.9246955,1.9608376
37.43511,1.0108387,0.9755706
39.69577,1.7445967,1.7673768999999997
33.609932,1.3797913,1.3879929
33.514458,1.604727,1.6359165
39.179676,1.3748689,1.3803642
33.51679,1.7717781999999997,1.7827393999999996
36.664394,1.4853282,1.4814312
32.327255,1.3767525,1.3776028
38.204235,1.5977337,1.6150811
39.89283,1.7783486,1.8081105000000002
39.505764,1.3934457,1.3979981
30.682129,1.4210396000000003,1.4240057
35.688473,1.6908171,1.7113812
39.30161,1.2212346,1.2240627000000002
32.68115,1.6066751,1.6205659
37.652096,1.8700330999999997,1.9103760999999995
37.32071,1.5188547,1.5262961
33.489384,1.3950632,1.4119463000000003
35.56656,1.6598920999999998,1.6750683999999996
30.74895,1.2227814,1.2164946
32.868492,1.1599988,1.1477251
38.858704,0.9594267,0.9050532
33.691616,1.7061865,1.7127581000000003
38.618427,1.1232425,1.1159778
35.155796,1.4322048,1.428833
34.237785,1.4565305,1.4630549
30.2506,1.9632652,1.9989060999999997
30.484566,1.7874001000000002,1.8087687
37.7355,1.6227826,1.6338894
30.605612,1.6687436,1.6770182
35.058266,1.6807821,1.7003281
37.720802,1.6158974000000002,1.6318319000000001
32.88802,0.94130224,0.8807676
37.170967,1.2573186,1.2673535
34.64845,1.379076,1.3833115000000002
36.441383,1.143062,1.1239855
35.349197,1.1962739,1.182059
35.610836,1.0290512,1.0021447
34.37651,1.317557,1.3257782
39.86734,1.913206,1.9344098999999997
33.437695,1.4820738,1.4861705
35.47056,1.5607462,1.5659958999999999
35.320942,1.1469266,1.1445179
39.793137,1.2350934,1.2439012999999999
33.696514,1.3226218,1.3258743
32.966705,1.6176671000000002,1.6266336000000001
31.562908,1.300144,1.3041422000000003
35.71786,1.7106842,1.7248888
31.541523,1.2364475,1.2442887
39.89892,1.7100198,1.7197208
33.787838,1.1910315,1.183306
34.055313,1.3953197,1.4056897
38.96257,1.81293,1.8376968
32.940052,1.0000856,0.9637134
33.638084,1.328365,1.3291967
36.82952,1.5510098,1.5630236
35.997284,1.4674543,1.4790034000000003
36.38063,1.8112606,1.8378724999999998
33.683064,1.206579,1.1963553
34.309887,1.5903482,1.6121216000000003
32.380325,1.5109489,1.5215614
35.843575,1.1099198,1.0987126
39.076424,1.8325016,1.8526549000000003
33.344532,1.2211723,1.2148087
30.696823,1.8722619,1.9239829000000002
33.97785,1.2366027,1.248867
38.93422,1.0646272,1.0290809
30.553406,1.4384421,1.4420062999999999
34.47816,1.1868329,1.183383
34.111946,1.8440396,1.8627753
37.22958,1.8723087,1.9007446999999997
38.068375,1.1340914,1.1311126
30.579689,1.824294,1.8521817
34.14208,1.5158002,1.5335039999999998
30.436647,1.9368901,1.9770327000000003
32.23767,1.2732111,1.280596
30.050575,1.0891477,1.0727924
32.505184,1.5720432,1.5859182
39.746685,1.9807923999999997,2.0078381999999997
34.78432,1.4120737,1.4227841
36.779465,1.2667594,1.2659862
34.131054,1.235766,1.2266698
35.09552,1.6051089999999997,1.6034180999999998
31.301481,1.2771914,1.2494128
32.428905,1.7537146,1.7783267
30.759163,1.0608407,1.0364954
34.90879,1.8251323,1.8451967
39.310825,1.4469558,1.4480929
33.946434,1.724234,1.7379391000000002
38.59841,1.7674161,1.7795749000000003
36.706886,1.3548669,1.3628231999999998
35.380035,1.9611866000000002,1.963702
39.14296,1.2421598,1.2479167
38.147915,1.3258299,1.3291698
38.40275,1.2183992,1.2182653
30.61501,1.8841312,1.9125202
39.543922,1.5220357,1.5261176
36.188396,2.0079942,2.0437465
31.295582,1.4462332,1.464325
36.482418,1.3638046,1.3705797
37.549526,1.4818236,1.4876434999999997
36.42095,1.3654681,1.3705211000000002
30.442005,0.9456765000000001,0.8718126400000001
32.813145,1.2691199,1.2701926
34.226437,1.0369657,1.0360639
34.672,1.9405510000000001,1.9728928000000001
34.956993,1.7484525,1.7605139999999997
39.661263,1.1913708,1.19572
35.312897,1.3002175,1.3025801
35.416092,1.7217506,1.7327292000000003
35.028103,0.9869651000000002,0.9332619000000001
35.493916,1.25572,1.2530425
39.49557,2.046097,2.0781543
37.211353,1.9857961999999998,2.0060098
33.510292,1.0332971,1.0048184
32.89361,1.513663,1.5297825000000003
38.638622,1.45456,1.4531975
33.355415,1.566833,1.5795537999999998
33.09797,1.7725649,1.7931545000000002
39.508766,1.4765493000000003,1.4898472000000003
32.699783,1.5567157999999999,1.5696777999999998
30.776022,1.0596915,1.0447078
35.4685,1.2545295,1.2553251
37.661827,1.5398176,1.5433108999999998
38.313454,1.2964201,1.3099985
30.045597,1.6304328000000001,1.6397593000000004
33.260456,1.4628737,1.4877938999999998
33.6148,1.5023385,1.5104892000000003
31.124989,1.5571566,1.5687350999999998
36.61779,1.5165905,1.5191256999999998
30.904068,1.1305681,1.1246836
34.998146,1.8339734,1.8584549999999997
32.82052,1.2391403,1.2406723000000002
33.58174,1.3205329,1.3170757
30.17854,1.9825977,2.0774431
35.183197,1.8939551,1.9204626
30.900774,1.8665957,1.9025567000000003
30.336403,1.181585,1.1851511
34.486683,1.6122795,1.6578673999999998
37.261356,1.7810193,1.8238398999999998
36.265873,1.4681817,1.4719035999999999
32.400665,1.4343612,1.4489114
39.828735,1.3748845,1.3799963
34.50734,1.2225578,1.220727
39.52487,1.4795338,1.4869723
31.60508,1.3437008,1.3476579
34.119488,1.5342029,1.5454726
36.90646,1.4209074,1.4262989
38.10886,1.1363761,1.1198275
31.992704,1.5548306,1.5576799
38.3952,1.4643425000000003,1.4956119000000003
37.1938,1.4402063,1.4442441
30.318731,1.4362724,1.4457383000000001
36.09126,1.9147825000000003,1.9510260000000001
36.99414,1.6416129,1.6477792
31.629246,2.0890841,2.1359441
38.62652,1.3673915,1.3757901
38.957115,1.6339455,1.6534421
35.83226,1.3005792,1.3017453999999997
36.779366,1.4810008,1.4825187
35.779446,1.3434002,1.3521079999999999
35.712326,1.7855185,1.8108852
35.660233,1.0587838,1.0398018
32.390038,1.9899534,2.013337
37.239487,1.4331905,1.4411876
31.3104,1.7400743,1.7697611
31.412697,1.6825240000000001,1.6891601000000005
35.536476,1.2136202,1.211159
39.982132,1.7181609,1.7299630999999998
35.955498,1.7182188,1.723135
33.02643,1.1984354,1.1863544
32.69035,1.3192989,1.3187284
39.190514,1.1611109,1.1538014
36.02601,1.6686735,1.6913183000000003
34.794136,1.4935123,1.4971628
36.80886,1.2681754,1.2895496
33.102234,1.6862515,1.7252986
35.099472,1.5865071,1.6025007
32.602203,1.5992578,1.6112571
36.39058,1.5757331,1.5799854
38.08107,1.9407544,1.9714627
37.26144,1.3168889,1.3200223
38.54193,1.7216268,1.7325678
38.42247,1.6468081,1.6542861
30.501007,1.6369929,1.6529696
33.27402,1.3889747,1.3897877
33.197826,1.3930721,1.404289
37.54832,1.5041189,1.505234
36.714645,2.0380182,2.0730655
30.718807,1.7462434,1.7618935
34.11498,1.7972822,1.8219738
30.656223,1.4750011,1.4857426
30.980305,1.3640958,1.3746731000000003
34.55031,1.3888571,1.3985469
35.539543,1.457054,1.4835801
37.46089,1.8732497,1.9093058
31.554827,1.383806,1.3916523
33.71428,1.3680404,1.3722985
39.39205,1.8002888,1.8127649
39.50381,1.3386093,1.3469802999999998
33.077812,1.75736,1.7646558
33.45016,1.9991523999999998,2.0354191999999998
38.573193,1.6106089,1.6220157
39.540962,2.0223362,2.053534
37.31031,1.6853601,1.7062553999999999
36.674305,1.795221,1.8214094999999997
33.02793,1.7286109,1.7347016
37.593132,1.0986984,1.0759584
39.885803,1.3383723,1.3384714
33.757637,1.6237624,1.6392207000000003
33.410454,1.5139152,1.5305786
39.572987,1.8931588,1.9075806000000002
30.990522,1.0934342,1.0811887
38.062885,1.7249631000000003,1.7409551
37.89259,1.3732182,1.3683031
31.26516,1.1534201,1.1514676
39.209538,1.896332,1.9354270000000002
30.12822,1.2113446,1.2014086
36.263264,2.0775697,2.1367416
34.63354,1.5417722,1.5451393
37.279915,1.3484701,1.3521945
38.02249,1.2253915,1.2285833
37.523952,1.3752232,1.3908207
30.174002,1.7597438000000003,1.7894990000000004
37.939415,1.7350477,1.7585485000000003
39.19055,1.7464513,1.7651286000000002
39.273388,1.8604240000000003,1.8895144000000001
36.244293,1.6485798,1.670593
39.492584,1.0709032,1.0602574
31.746395,1.9455332,1.9754391
38.527596,1.6303768999999997,1.6385538999999998
32.738434,1.2654731,1.2666867
37.181305,1.2903247999999998,1.2962936999999999
35.36311,1.4266102,1.4318485
36.333855,1.174176,1.1632953
31.597477,1.6368109,1.6459343000000002
32.705856,1.8150342999999998,1.8440393999999996
34.43133,1.2172546,1.2185781
37.802,1.321895,1.3321815
38.401245,1.7225756999999997,1.7377665
39.078583,1.4610645,1.4716872999999997
37.702312,1.6301562,1.6347020000000003
36.077854,1.5247104,1.5390489
30.90418,1.1131,1.100153
37.223785,0.96595824,0.9125321
31.170744,1.0347762,1.0110521
31.42791,1.7726704,1.7857226999999998
34.50264,1.9376364,1.9584002
38.904823,1.8737309,1.8969606999999997
30.740747,1.4672118,1.4744327
36.293247,1.147901,1.1414311
36.850067,1.3293319,1.3409894
32.648083,1.0949795,1.0898106
35.117466,1.3867426,1.3948009
36.019695,1.6198305,1.6390233000000003
39.800167,1.137209,1.133024
39.447296,1.4678173,1.4770093
32.767593,1.8740656,1.8948828999999998
31.491201,0.9729251,0.9170366
35.29362,1.4435672,1.4675186000000002
35.63305,1.1886703,1.1863313
38.9492,1.6090616,1.6212947000000002
35.794346,1.2687309,1.2755253
33.19845,1.1452883,1.1358256
35.686466,1.1778094,1.168972
30.549095,1.7250233,1.7511511
38.80382,1.4134134,1.420721
31.22899,1.1201316,1.1344361
39.904427,1.3789631999999998,1.3855795999999998
39.067734,1.3947540000000003,1.4002478
31.941145,1.2820355,1.2948399000000002
33.384228,1.2515297,1.2420025
31.687624,1.0299746,0.99183214
35.558056,1.3420817,1.3515875
34.74559,1.8613428,1.8839748
37.525013,1.1791993,1.1735516
35.39158,1.8157866,1.8426753999999999
36.72244,1.988097,2.0269542
34.118908,1.5999812,1.6111286
31.979969,1.9183906,1.976414
39.308285,1.5983427,1.6161191000000001
33.32685,1.0930011,1.0844781
31.953575,1.2217538,1.21541
32.82444,1.3469044,1.3507597
35.733364,1.9674597,1.9856832000000002
35.569645,1.6658416,1.6757789
31.752403,1.6309158,1.643163
38.244244,1.4217453,1.4230859000000002
31.866356,1.201198,1.1983705
31.748394,1.9349212999999998,1.9445426
39.54035,1.4081917,1.4080861
36.986004,1.2765551000000002,1.2795832
30.257744,1.4808166,1.4794776
36.39045,0.92076266,0.9266227
37.864967,0.93957835,0.88684195
39.45576,1.6215667000000002,1.6194878000000001
30.210447,1.853686,1.85011
32.047577,1.4453831,1.4425573
34.99454,1.5117046999999997,1.5179225999999997
33.541992,1.549142,1.5675050999999998
31.292599,1.0932128,1.075412
37.192684,1.2708688,1.2795043
35.6624,1.3209436,1.3218408
34.92774,1.4090651,1.412251
34.24031,1.5094148,1.5179067
33.177975,1.7519419,1.7631179999999997
39.52131,1.5472103,1.5573878000000003
32.328457,1.5122012,1.5088356
35.785294,1.3342978,1.3360114
36.630703,1.5280105,1.5472591000000002
33.71826,1.3653657,1.379986
38.496788,1.5417185,1.5395019
38.026913,1.3627722,1.3800375
31.22509,1.6677424,1.6840447999999997
38.037918,1.5895138,1.5974193
38.84962,1.7775999999999998,1.8106238999999997
30.862446,1.8437524,1.8679430000000001
31.328085,1.5472829,1.5603595000000001
35.34526,1.7575183,1.7739127
31.962597,1.8788072,1.9085104
30.059881,1.33974,1.3499329
36.51801,1.8317811000000002,1.8538353000000003
35.455204,1.2429603,1.2396865
38.553535,1.2795811,1.2854136999999999
32.102123,1.6268182,1.6271255000000002
33.217068,1.8836269999999997,1.9172141999999996
32.32591,1.7394587,1.7616404999999997
33.33589,1.3976375000000003,1.4043114000000003
32.14976,1.0938712,1.0828173
30.59333,1.8538311999999997,1.8753807999999998
32.989876,1.7506914999999998,1.7811754
35.433357,1.3486394,1.3511462
36.025555,1.4825124,1.487206
36.87406,1.8105477,1.8361089
37.609837,1.2738867,1.2732506
34.809444,1.1276555,1.1277354
35.27009,1.9446372000000003,1.9755213000000003
32.839096,1.1243225,1.1073153
33.929543,2.0785067,2.1239018
33.544563,1.8404915,1.8750353
33.093582,1.0791982,1.0583116
30.460154,1.86126,1.8992623999999998
34.68994,1.4476203,1.4575748000000002
36.662106,1.2776686,1.2788222
36.900806,1.7121848,1.7203927
39.68076,1.7571440000000003,1.7785244000000002
30.94044,1.8447258,1.864279
36.84254,2.0072372,2.0174592
32.81412,1.7097232000000002,1.7243247000000002
33.46534,1.3884366,1.3883221
36.332516,1.2513322,1.2504177
34.90981,1.5330994,1.5402725000000002
31.222101,1.4703124,1.4870918
31.212236,1.2136682,1.2066247
37.098866,1.258996,1.2604358000000002
36.113605,1.1683052,1.1578555
39.861706,1.4408053,1.4500837
33.461243,1.9059651000000002,1.9238927000000001
37.962814,1.9042766,1.9275507999999997
31.979944,1.4511454,1.4685335
33.29183,1.7535245,1.7708054000000002
38.071545,1.6387612,1.6515212
33.82613,1.4343344,1.4370711
36.71019,1.8435539,1.8796619999999997
37.53355,1.9053363,1.9328153000000001
36.03774,1.8085761,1.8416660000000002
31.631887,1.0800529,1.0688674
33.64341,1.9050648,1.9426522
38.832928,1.543003,1.5633051
37.392548,1.2414032,1.2350667
36.831924,1.6299437,1.6424701000000002
39.389618,1.6210854,1.6322288999999999
34.786686,1.618965,1.6250565
33.775692,1.3569586,1.363353
38.81933,1.7535154000000002,1.7688231000000005
36.150505,1.6365752,1.6492391
38.58047,1.4187975,1.4304049000000003
35.01066,1.9021776,1.9239483
33.6686,1.4985379,1.5364973999999998
34.016262,1.334344,1.3348398
32.098385,1.3338263,1.3306096
30.641233,1.506129,1.5219858
36.582066,1.7228308,1.7411864
36.206326,1.2668904,1.2635024
32.867794,1.0978665,1.0840561
38.50205,1.4494894,1.4545147
30.779108,1.4148642,1.4192696
37.78975,1.0061077,0.95745826
33.998283,1.8677268999999999,1.9017581999999997
33.316074,1.3022599,1.2904651
30.206898,1.3546104,1.3627932000000003
31.62109,1.0993111,1.0755537
39.542084,1.7324303000000003,1.7430277000000005
37.732174,1.1481199,1.1424079
31.309847,1.3417494,1.3440804
34.935783,1.2202734,1.2149606
37.988842,1.408378,1.4179823
39.674946,1.2352421,1.2422383
32.069916,1.3913652,1.392432
31.67559,1.1917399,1.1852543
33.53179,1.2643058,1.2772534
34.787014,2.075837,2.1271818
35.20443,2.0424187,2.0744662
31.07001,1.5658528000000003,1.5792079000000003
34.22696,1.9354426,1.9481554
31.154184,1.7463894,1.7701194
31.539553,1.7927425999999997,1.8081941999999995
35.011684,1.6457435,1.659842
32.652256,1.3245509,1.3343165
37.714363,1.7256595999999997,1.7434703999999996
30.645014,1.9030807,1.9255154000000003
37.306435,1.0825495,1.0578814
32.76966,1.1946081,1.2028234
35.177586,1.1227629,1.1162937
33.88361,1.4771492,1.4823606000000003
32.67977,1.5949211,1.594754
31.91266,1.8257605000000001,1.8351922000000003
36.728703,1.3174082,1.3202794000000002
39.59592,1.711386,1.7246255999999998
31.29231,1.596267,1.6089109999999998
32.72603,1.3834094,1.3904288
32.05627,1.8455085,1.8559494000000003
35.8591,1.4241171,1.4270351
39.007843,1.6276375,1.6411816999999997
34.693005,1.6257399,1.6283729
35.288937,1.4721829,1.4757030000000002
36.946266,1.3965528,1.3989179
33.029205,1.4611679,1.4616258000000002
31.239658,1.6712822,1.6856511
36.133644,1.3581556,1.3666286
32.873363,2.0094032,2.0449398
39.491253,1.3860484,1.3903222
39.636066,1.6395637,1.6381752
38.19787,1.2760475,1.2885063000000003
35.290306,1.4817022,1.4974821
38.295,1.9241607,1.9507363
32.96001,1.7821213000000002,1.8119366
30.310003,1.3550879,1.3652275
32.039337,1.6992649,1.7185299000000003
30.369146,1.6702101,1.6923358
39.630615,1.4485202,1.4568145
38.94758,1.1140399,1.103894
34.605835,1.9149783999999999,1.9228999999999998
37.803978,1.9090047999999997,1.9465591999999998
33.311497,1.9340856,1.9632770999999998
35.925888,1.5754228,1.5811045
36.49361,1.3502069,1.3549244
33.675945,1.719634,1.7286355
37.413013,1.5782396,1.5975289
31.128918,1.2713535,1.2624083
34.9519,1.8339583999999998,1.8656231999999995
31.533632,1.1513375,1.1612849000000003
32.10001,1.616116,1.6336218999999998
33.750187,1.8651869,1.9009845000000003
31.55887,1.4476106000000002,1.4597170000000002
37.991722,1.4048176,1.4109676
39.97778,2.0812776,2.12066
31.63636,1.197158,1.1947906
38.202995,1.5165297,1.5111604
33.17419,1.7865689999999999,1.8156535999999999
37.81541,1.4620266,1.4725409
36.33386,1.2945333,1.2952267999999998
37.837482,1.2568264,1.2759310999999998
38.026924,1.2485255,1.2429671
30.568092,1.1730117,1.1662474
34.221226,1.2856193,1.2884221000000002
35.626133,1.3764502,1.3737738
39.74359,1.7498147,1.7715816
34.654396,1.5252689,1.5486112
32.202248,1.6103421,1.6283585999999999
34.267246,1.2458887,1.2513859
38.140945,1.4346405,1.4373658
38.515522,1.3717035999999998,1.3773323999999998
36.13277,1.4181812,1.4279490000000001
33.843918,1.9199321,1.9709768
32.86594,1.47283,1.4785607
38.78508,1.2468634,1.2432964
38.576267,2.1031277,2.1449044
